index|cisp|mes|ano|aisp|risp|munic|mcirc|regiao|hom_doloso|lesao_corp_morte|latrocinio|cvli|hom_por_interv_policial|feminicidio|letalidade_violenta|tentat_hom|tentativa_feminicidio|lesao_corp_dolosa|estupro|hom_culposo|lesao_corp_culposa|roubo_transeunte|roubo_celular|roubo_em_coletivo|roubo_rua|roubo_veiculo|roubo_carga|roubo_comercio|roubo_residencia|roubo_banco|roubo_cx_eletronico|roubo_conducao_saque|roubo_apos_saque|roubo_bicicleta|outros_roubos|total_roubos|furto_veiculos|furto_transeunte|furto_coletivo|furto_celular|furto_bicicleta|outros_furtos|total_furtos|sequestro|extorsao|sequestro_relampago|estelionato|apreensao_drogas|posse_drogas|trafico_drogas|apreensao_drogas_sem_autor|recuperacao_veiculos|apf|aaapai|cmp|cmba|ameaca|pessoas_desaparecidas|encontro_cadaver|encontro_ossada|pol_militares_mortos_serv|pol_civis_mortos_serv|total|ano_mes|mes_char|risp_desc|pol_mortos_serv|unidade_territorial|municipio|regiao_de_governo|data|dias_no_ano
35533|1|1|2025|5|1|Rio de Janeiro|330455|Capital|0|0|0|0|0|0.0|0|0|0.0|11|1|0|7|47|23|7|77|3|1|1|0|0|0.0|0|0|0.0|3|85|0|85|20|176|3.0|85|369|0|2|0|101|1|0.0|1.0|0.0|2|97.0|2.0|12.0|2.0|12|2|0|0|0|0|777|2025-01|Janeiro|Capital (Zona Sul, Centro e parte da Norte)|0|Centro (parte)|Rio de Janeiro|Metropolitana|2025-01-01|365
35534|4|1|2025|5|1|Rio de Janeiro|330455|Capital|0|2|0|2|0|1.0|3|0|0.0|22|2|1|12|42|19|19|80|3|0|3|1|0|1.0|0|0|1.0|6|95|4|57|40|113|1.0|84|299|0|0|0|42|9|1.0|7.0|1.0|2|15.0|10.0|10.0|4.0|15|5|0|0|0|0|699|2025-01|Janeiro|Capital (Zona Sul, Centro e parte da Norte)|0|Centro (parte); Gamboa; Santo Cristo e Saúde|Rio de Janeiro|Metropolitana|2025-01-01|365
35535|5|1|2025|5|1|Rio de Janeiro|330455|Capital|1|0|0|1|0|0.0|1|3|0.0|70|5|0|16|117|71|8|196|9|1|3|0|0|0.0|0|0|1.0|12|222|14|88|7|289|8.0|206|612|0|5|0|158|12|3.0|9.0|0.0|5|45.0|7.0|23.0|6.0|46|5|1|0|0|0|1515|2025-01|Janeiro|Capital (Zona Sul, Centro e parte da Norte)|0|Centro (parte); Lapa e Paquetá|Rio de Janeiro|Metropolitana|2025-01-01|365
35536|6|1|2025|4|1|Rio de Janeiro|330455|Capital|2|0|0|2|0|0.0|2|2|0.0|40|0|3|48|23|11|17|51|23|4|1|0|0|0.0|0|0|1.0|13|93|15|12|17|59|1.0|67|171|0|1|0|41|5|1.0|2.0|2.0|32|22.0|8.0|6.0|2.0|21|2|1|0|0|0|628|2025-01|Janeiro|Capital (Zona Sul, Centro e parte da Norte)|0|Catumbi; Cidade Nova; Estácio; Rio Comprido e Centro (parte)|Rio de Janeiro|Metropolitana|2025-01-01|365
35537|7|1|2025|5|1|Rio de Janeiro|330455|Capital|0|1|0|1|0|0.0|1|1|0.0|18|0|0|2|30|8|3|41|3|1|0|1|0|0.0|0|0|0.0|5|51|10|8|0|9|0.0|48|75|0|3|0|30|5|0.0|3.0|2.0|11|10.0|0.0|0.0|0.0|20|0|0|0|0|0|306|2025-01|Janeiro|Capital (Zona Sul, Centro e parte da Norte)|0|Santa Teresa|Rio de Janeiro|Metropolitana|2025-01-01|365
35538|9|1|2025|2|1|Rio de Janeiro|330455|Capital|1|0|1|2|1|0.0|3|0|1.0|38|3|2|13|146|74|12|232|24|1|3|1|0|0.0|0|2|9.0|11|283|26|122|12|348|16.0|149|673|0|2|0|166|4|1.0|2.0|1.0|5|19.0|6.0|10.0|0.0|39|1|1|0|0|0|1642|2025-01|Janeiro|Capital (Zona Sul, Centro e parte da Norte)|0|Catete; Cosme Velho; Flamengo; Glória e Laranjeiras|Rio de Janeiro|Metropolitana|2025-01-01|365
35539|10|1|2025|2|1|Rio de Janeiro|330455|Capital|0|0|0|0|0|0.0|0|1|0.0|37|5|2|25|70|82|8|160|19|2|3|2|0|0.0|0|0|4.0|20|210|18|24|22|147|16.0|219|446|0|7|0|140|3|2.0|0.0|1.0|1|23.0|15.0|1.0|2.0|23|2|0|0|0|0|1195|2025-01|Janeiro|Capital (Zona Sul, Centro e parte da Norte)|0|Botafogo; Humaitá e Urca|Rio de Janeiro|Metropolitana|2025-01-01|365
35540|11|1|2025|23|1|Rio de Janeiro|330455|Capital|1|0|0|1|0|0.0|1|0|0.0|8|4|0|0|1|0|0|1|0|0|0|0|0|0.0|0|0|0.0|0|1|2|1|1|4|0.0|5|13|0|3|0|26|0|0.0|0.0|0.0|0|5.0|0.0|1.0|0.0|13|0|0|0|0|0|111|2025-01|Janeiro|Capital (Zona Sul, Centro e parte da Norte)|0|Rocinha|Rio de Janeiro|Metropolitana|2025-01-01|365
35541|12|1|2025|19|1|Rio de Janeiro|330455|Capital|1|0|0|1|0|0.0|1|0|0.0|58|1|0|17|36|18|3|57|0|1|0|1|0|0.0|0|0|1.0|5|65|22|132|12|338|25.0|235|764|0|7|0|236|7|7.0|0.0|0.0|1|32.0|13.0|6.0|7.0|48|12|0|0|0|0|1593|2025-01|Janeiro|Capital (Zona Sul, Centro e parte da Norte)|0|Copacabana (parte) e Leme|Rio de Janeiro|Metropolitana|2025-01-01|365
35542|13|1|2025|19|1|Rio de Janeiro|330455|Capital|0|0|0|0|0|0.0|0|0|0.0|23|3|0|3|14|8|0|22|0|0|0|1|0|0.0|0|0|1.0|3|27|18|94|6|119|14.0|132|383|0|0|0|92|4|2.0|2.0|0.0|2|8.0|1.0|2.0|3.0|17|5|0|0|0|0|789|2025-01|Janeiro|Capital (Zona Sul, Centro e parte da Norte)|0|Copacabana (parte)|Rio de Janeiro|Metropolitana|2025-01-01|365
35543|14|1|2025|23|1|Rio de Janeiro|330455|Capital|0|1|0|1|0|0.0|1|0|0.0|26|3|0|4|29|27|3|59|0|0|2|2|0|0.0|0|0|3.0|11|77|33|60|3|177|65.0|246|584|0|6|0|218|11|5.0|5.0|1.0|0|39.0|6.0|7.0|3.0|24|10|0|0|0|0|1274|2025-01|Janeiro|Capital (Zona Sul, Centro e parte da Norte)|0|Ipanema e Leblon|Rio de Janeiro|Metropolitana|2025-01-01|365
35544|15|1|2025|23|1|Rio de Janeiro|330455|Capital|0|0|0|0|0|0.0|0|0|0.0|19|1|0|13|21|19|0|40|5|0|0|1|0|0.0|0|0|1.0|8|55|15|16|11|49|9.0|100|200|0|2|0|152|5|5.0|0.0|0.0|8|25.0|3.0|1.0|0.0|16|1|0|0|0|0|674|2025-01|Janeiro|Capital (Zona Sul, Centro e parte da Norte)|0|Gávea; Jardim Botânico; Lagoa; São Conrado e Vidigal|Rio de Janeiro|Metropolitana|2025-01-01|365
35545|16|1|2025|31|2|Rio de Janeiro|330455|Capital|1|0|0|1|3|0.0|4|2|1.0|101|8|7|61|89|43|15|147|4|0|3|1|0|0.0|0|1|1.0|39|196|74|37|54|223|19.0|314|721|0|5|0|445|15|5.0|11.0|1.0|7|97.0|36.0|15.0|13.0|92|12|0|0|0|0|2417|2025-01|Janeiro|Capital (Zona Oeste e parte da Norte)|0|Barra da Tijuca; Itanhangá; Joá|Rio de Janeiro|Metropolitana|2025-01-01|365
35546|17|1|2025|4|1|Rio de Janeiro|330455|Capital|2|0|0|2|1|0.0|3|0|0.0|30|3|1|24|39|18|21|78|30|4|1|0|0|0.0|0|0|0.0|23|136|9|12|7|31|1.0|139|199|0|2|0|82|12|3.0|6.0|3.0|18|25.0|1.0|11.0|2.0|28|5|0|0|0|0|801|2025-01|Janeiro|Capital (Zona Sul, Centro e parte da Norte)|0|Caju; Mangueira; São Cristóvão e Vasco da Gama|Rio de Janeiro|Metropolitana|2025-01-01|365
35547|18|1|2025|6|1|Rio de Janeiro|330455|Capital|0|0|0|0|0|0.0|0|0|0.0|10|3|1|24|83|65|30|178|30|1|3|0|0|0.0|0|0|1.0|13|226|7|26|31|70|4.0|101|239|0|4|0|77|5|1.0|1.0|3.0|1|19.0|2.0|1.0|1.0|11|2|0|0|0|0|862|2025-01|Janeiro|Capital (Zona Sul, Centro e parte da Norte)|0|Maracanã; Praça da Bandeira e Tijuca (parte)|Rio de Janeiro|Metropolitana|2025-01-01|365
35548|19|1|2025|6|1|Rio de Janeiro|330455|Capital|0|0|0|0|0|0.0|0|3|0.0|39|3|1|23|60|67|6|133|28|1|5|0|0|0.0|0|1|0.0|6|174|11|24|36|49|3.0|158|281|0|4|0|172|2|1.0|1.0|0.0|12|29.0|0.0|6.0|3.0|31|4|1|0|0|0|1047|2025-01|Janeiro|Capital (Zona Sul, Centro e parte da Norte)|0|Alto da Boa Vista e Tijuca (parte)|Rio de Janeiro|Metropolitana|2025-01-01|365
35549|20|1|2025|6|1|Rio de Janeiro|330455|Capital|1|0|0|1|0|0.0|1|1|1.0|46|0|1|12|36|17|7|60|26|1|1|1|0|0.0|0|0|1.0|12|102|2|12|23|19|3.0|110|169|0|5|0|129|1|0.0|1.0|0.0|6|18.0|1.0|2.0|1.0|30|3|0|0|0|0|788|2025-01|Janeiro|Capital (Zona Sul, Centro e parte da Norte)|0|Andaraí; Grajaú e Vila Isabel|Rio de Janeiro|Metropolitana|2025-01-01|365
35550|21|1|2025|22|1|Rio de Janeiro|330455|Capital|8|0|0|8|5|0.0|13|22|0.0|84|8|4|56|46|32|29|107|94|27|5|2|0|0.0|0|1|0.0|27|263|24|13|25|48|4.0|168|282|0|11|0|238|23|9.0|7.0|7.0|124|47.0|0.0|37.0|1.0|59|18|2|0|0|0|1518|2025-01|Janeiro|Capital (Zona Sul, Centro e parte da Norte)|0|Benfica; Bonsucesso; Higienópolis; Manguinhos; Maré e Ramos|Rio de Janeiro|Metropolitana|2025-01-01|365
35551|22|1|2025|16|1|Rio de Janeiro|330455|Capital|8|0|0|8|2|0.0|10|0|0.0|63|4|1|39|32|14|13|59|61|8|0|0|0|0.0|1|0|0.0|15|144|30|7|6|15|2.0|64|124|0|0|0|89|10|1.0|7.0|2.0|65|19.0|2.0|0.0|0.0|48|5|0|0|0|0|776|2025-01|Janeiro|Capital (Zona Sul, Centro e parte da Norte)|0|Brás de Pina (parte); Olaria; Penha e Penha Circular (parte)|Rio de Janeiro|Metropolitana|2025-01-01|365
35552|23|1|2025|3|1|Rio de Janeiro|330455|Capital|0|0|0|0|1|0.0|1|1|0.0|19|1|2|13|19|10|3|32|41|0|0|0|0|0.0|0|0|0.0|9|82|13|7|1|17|0.0|73|111|0|2|0|93|0|0.0|0.0|0.0|9|15.0|3.0|3.0|0.0|30|2|0|0|0|0|517|2025-01|Janeiro|Capital (Zona Sul, Centro e parte da Norte)|0|Cachambi; Méier (parte) e Todos os Santos (parte)|Rio de Janeiro|Metropolitana|2025-01-01|365
35553|24|1|2025|3|1|Rio de Janeiro|330455|Capital|2|0|0|2|0|0.0|2|0|0.0|39|2|0|10|34|28|15|77|98|3|1|0|0|0.0|0|0|1.0|32|212|13|10|8|21|1.0|79|132|0|1|2|126|2|0.0|2.0|0.0|7|19.0|1.0|0.0|0.0|36|1|0|0|0|0|708|2025-01|Janeiro|Capital (Zona Sul, Centro e parte da Norte)|0|Abolição; Água Santa (parte); Encantado; Engenho de Dentro (parte); Pilares e Piedade|Rio de Janeiro|Metropolitana|2025-01-01|365
35554|25|1|2025|3|1|Rio de Janeiro|330455|Capital|2|0|0|2|0|0.0|2|1|2.0|44|6|2|21|22|34|12|68|30|2|0|1|0|0.0|0|0|0.0|14|115|5|9|12|38|5.0|73|142|0|1|1|101|12|2.0|10.0|0.0|23|37.0|0.0|18.0|1.0|20|3|0|0|0|0|695|2025-01|Janeiro|Capital (Zona Sul, Centro e parte da Norte)|0|Engenho Novo; Jacaré; Jacarezinho; Riachuelo; Rocha; Sampaio e São Francisco Xavier|Rio de Janeiro|Metropolitana|2025-01-01|365
35555|26|1|2025|3|1|Rio de Janeiro|330455|Capital|0|1|0|1|0|0.0|1|2|0.0|23|1|1|10|26|14|7|47|53|0|0|1|0|0.0|0|0|0.0|16|117|5|7|14|15|0.0|77|118|0|0|0|96|6|1.0|3.0|2.0|25|17.0|2.0|2.0|0.0|36|3|1|0|0|0|604|2025-01|Janeiro|Capital (Zona Sul, Centro e parte da Norte)|0|Água Santa (parte); Engenho de Dentro (parte); Lins de Vasconcelos e Todos os Santos|Rio de Janeiro|Metropolitana|2025-01-01|365
35556|27|1|2025|41|2|Rio de Janeiro|330455|Capital|5|0|1|6|1|0.0|7|3|0.0|46|3|0|19|51|85|9|145|148|6|2|1|0|0.0|0|0|0.0|13|315|32|3|10|22|3.0|91|161|0|3|0|140|7|3.0|2.0|2.0|52|26.0|2.0|9.0|0.0|57|8|0|1|0|0|1096|2025-01|Janeiro|Capital (Zona Oeste e parte da Norte)|0|Colégio (parte); Irajá; Vicente de Carvalho; Vila Kosmos; Vila da Penha e Vista Alegre|Rio de Janeiro|Metropolitana|2025-01-01|365
35557|28|1|2025|18|2|Rio de Janeiro|330455|Capital|0|0|0|0|1|0.0|1|2|0.0|32|5|1|9|33|16|3|52|75|1|1|2|0|0.0|0|0|0.0|10|141|10|5|8|12|2.0|44|81|0|1|0|118|3|1.0|2.0|0.0|14|18.0|0.0|1.0|1.0|51|6|0|0|0|0|648|2025-01|Janeiro|Capital (Zona Oeste e parte da Norte)|0|Vila Valqueire; Praça Seca e Tanque (parte)|Rio de Janeiro|Metropolitana|2025-01-01|365
35558|29|1|2025|9|2|Rio de Janeiro|330455|Capital|6|0|0|6|0|0.0|6|4|0.0|65|7|1|30|89|50|22|161|95|3|1|1|0|0.0|0|0|0.0|23|284|30|31|28|37|0.0|151|277|0|3|0|193|6|0.0|5.0|1.0|83|38.0|0.0|6.0|1.0|53|5|0|0|0|0|1334|2025-01|Janeiro|Capital (Zona Oeste e parte da Norte)|0|Cavalcanti; Engenheiro Leal; Madureira; Turiaçu; Vaz Lobo; Oswaldo Cruz (parte); Cascadura e Quintino Bocaiúva|Rio de Janeiro|Metropolitana|2025-01-01|365
35559|30|1|2025|9|2|Rio de Janeiro|330455|Capital|0|0|0|0|0|0.0|0|0|0.0|55|5|0|16|25|61|4|90|52|1|3|2|0|0.0|0|0|0.0|23|171|25|12|2|23|1.0|50|113|0|2|0|118|2|0.0|2.0|0.0|13|19.0|2.0|0.0|0.0|59|4|1|0|0|0|752|2025-01|Janeiro|Capital (Zona Oeste e parte da Norte)|0|Bento Ribeiro; Campinho; Marechal Hermes e Oswaldo Cruz (parte)|Rio de Janeiro|Metropolitana|2025-01-01|365
35560|31|1|2025|41|2|Rio de Janeiro|330455|Capital|4|0|0|4|2|0.0|6|8|0.0|43|2|0|9|15|35|7|57|36|8|0|0|0|0.0|1|0|0.0|9|111|21|2|2|8|4.0|28|65|0|0|0|49|11|0.0|11.0|0.0|29|23.0|1.0|3.0|0.0|33|6|1|0|0|0|503|2025-01|Janeiro|Capital (Zona Oeste e parte da Norte)|0|Anchieta; Guadalupe; Parque Anchieta e Ricardo de Albuquerque|Rio de Janeiro|Metropolitana|2025-01-01|365
35561|32|1|2025|18|2|Rio de Janeiro|330455|Capital|12|0|1|13|5|0.0|18|10|1.0|147|18|2|67|111|95|16|222|83|2|2|2|0|0.0|0|0|0.0|19|330|43|31|26|99|1.0|256|456|0|11|4|499|8|2.0|5.0|1.0|40|62.0|4.0|18.0|2.0|180|19|0|0|0|0|2382|2025-01|Janeiro|Capital (Zona Oeste e parte da Norte)|0|Anil; Cidade de Deus; Curicica; Gardênia Azul; Jacarepaguá e Taquara|Rio de Janeiro|Metropolitana|2025-01-01|365
35562|33|1|2025|14|2|Rio de Janeiro|330455|Capital|4|2|0|6|0|0.0|6|1|0.0|69|8|2|42|22|56|14|92|39|7|4|0|0|0.0|0|0|0.0|12|154|17|5|8|43|2.0|83|158|0|1|0|224|4|0.0|2.0|2.0|25|36.0|0.0|6.0|0.0|77|3|1|0|0|0|1028|2025-01|Janeiro|Capital (Zona Oeste e parte da Norte)|0|Campo dos Afonsos; Deodoro; Jardim Sulacap; Magalhães Bastos; Realengo e Vila Militar|Rio de Janeiro|Metropolitana|2025-01-01|365
35563|34|1|2025|14|2|Rio de Janeiro|330455|Capital|17|0|0|17|3|0.0|20|22|0.0|128|9|2|39|56|48|22|126|60|11|1|2|0|0.0|0|2|0.0|9|211|30|22|14|41|0.0|119|226|0|2|0|279|26|2.0|22.0|2.0|46|72.0|4.0|9.0|2.0|133|14|2|0|0|0|1477|2025-01|Janeiro|Capital (Zona Oeste e parte da Norte)|0|Bangu; Gericinó; Padre Miguel e Senador Camará|Rio de Janeiro|Metropolitana|2025-01-01|365
35564|35|1|2025|40|2|Rio de Janeiro|330455|Capital|4|0|0|4|0|1.0|5|2|1.0|275|12|3|60|56|35|5|96|36|9|2|1|0|1.0|0|0|0.0|15|160|45|16|15|52|6.0|329|463|0|7|0|256|4|2.0|3.0|0.0|30|79.0|2.0|17.0|0.0|243|19|0|0|0|0|2212|2025-01|Janeiro|Capital (Zona Oeste e parte da Norte)|0|Campo Grande; Cosmos; Inhoaíba; Santíssimo e Senador Vasconcelos|Rio de Janeiro|Metropolitana|2025-01-01|365
35565|36|1|2025|27|2|Rio de Janeiro|330455|Capital|10|0|0|10|2|0.0|12|5|0.0|135|13|2|27|28|19|5|52|9|2|2|0|0|0.0|0|0|0.0|8|73|20|7|6|23|5.0|79|140|0|3|0|215|2|0.0|2.0|0.0|22|30.0|1.0|3.0|0.0|143|17|0|0|0|0|1123|2025-01|Janeiro|Capital (Zona Oeste e parte da Norte)|0|Paciência e Santa Cruz|Rio de Janeiro|Metropolitana|2025-01-01|365
35566|37|1|2025|17|1|Rio de Janeiro|330455|Capital|2|0|0|2|1|0.0|3|4|0.0|61|7|4|28|8|6|2|16|12|0|0|1|0|0.0|0|0|0.0|8|37|17|4|7|8|4.0|79|119|0|6|0|127|32|3.0|5.0|24.0|6|24.0|4.0|8.0|1.0|63|7|1|0|0|0|865|2025-01|Janeiro|Capital (Zona Sul, Centro e parte da Norte)|0|Bancários; Cacuia; Cidade Universitária; Cocotá; Freguesia; Galeão; Jardim Carioca; Jardim Guanabara; Moneró; Pitangueiras; Portuguesa; Praia da Bandeira; Ribeira; Tauá e Zumbi|Rio de Janeiro|Metropolitana|2025-01-01|365
35567|38|1|2025|16|1|Rio de Janeiro|330455|Capital|5|0|0|5|1|0.0|6|11|0.0|56|4|2|10|35|18|6|59|76|17|1|0|0|0.0|0|0|0.0|12|165|15|2|2|7|0.0|53|79|0|0|0|75|9|0.0|7.0|2.0|43|34.0|5.0|8.0|1.0|53|2|0|0|1|0|649|2025-01|Janeiro|Capital (Zona Sul, Centro e parte da Norte)|1|Brás de Pina (parte); Cordovil; Jardim América; Parada de Lucas;Penha Circular (parte) e Vigário Geral|Rio de Janeiro|Metropolitana|2025-01-01|365
35568|39|1|2025|41|2|Rio de Janeiro|330455|Capital|6|0|0|6|5|0.0|11|5|0.0|59|4|1|16|76|51|22|149|98|21|1|1|0|0.0|0|0|0.0|35|305|7|16|1|37|0.0|61|122|0|0|0|124|13|0.0|11.0|2.0|87|21.0|1.0|7.0|3.0|48|6|1|0|1|0|995|2025-01|Janeiro|Capital (Zona Oeste e parte da Norte)|1|Acari; Barros Filho; Costa Barros; Parque Colúmbia e Pavuna|Rio de Janeiro|Metropolitana|2025-01-01|365
35569|40|1|2025|9|2|Rio de Janeiro|330455|Capital|1|0|0|1|0|0.0|1|1|0.0|26|2|0|4|40|39|7|86|45|1|1|0|0|0.0|0|0|0.0|17|150|9|8|3|8|3.0|56|87|0|4|0|89|1|0.0|1.0|0.0|27|17.0|0.0|2.0|0.0|27|1|0|0|0|0|533|2025-01|Janeiro|Capital (Zona Oeste e parte da Norte)|0|Coelho Neto; Colégio (parte); Honório Gurgel e Rocha Miranda|Rio de Janeiro|Metropolitana|2025-01-01|365
35570|41|1|2025|18|2|Rio de Janeiro|330455|Capital|0|0|0|0|1|0.0|1|3|0.0|29|4|0|38|33|22|5|60|21|0|0|0|0|0.0|0|1|0.0|9|91|9|8|15|16|0.0|57|105|0|2|0|178|2|0.0|1.0|1.0|10|20.0|8.0|1.0|0.0|50|4|0|0|0|0|757|2025-01|Janeiro|Capital (Zona Oeste e parte da Norte)|0|Freguesia (Jacarepaguá); Pechincha e Tanque (parte)|Rio de Janeiro|Metropolitana|2025-01-01|365
35571|42|1|2025|31|2|Rio de Janeiro|330455|Capital|2|0|0|2|0|0.0|2|1|0.0|79|5|1|44|43|32|5|80|15|0|0|1|0|0.0|0|0|0.0|13|109|65|13|26|51|3.0|197|355|0|3|0|321|35|19.0|16.0|0.0|9|55.0|5.0|20.0|4.0|84|11|2|0|0|0|1549|2025-01|Janeiro|Capital (Zona Oeste e parte da Norte)|0|Recreio dos Bandeirantes; Barra de Guaratiba; Camorim; Grumari; Vargem Grande e Vargem Pequena|Rio de Janeiro|Metropolitana|2025-01-01|365
35572|43|1|2025|27|2|Rio de Janeiro|330455|Capital|2|0|0|2|0|1.0|3|5|0.0|95|13|1|33|14|18|2|34|5|0|0|0|0|0.0|0|0|0.0|1|40|11|3|2|15|2.0|32|65|0|7|0|107|0|0.0|0.0|0.0|14|22.0|1.0|4.0|1.0|107|13|1|0|0|0|682|2025-01|Janeiro|Capital (Zona Oeste e parte da Norte)|0|Guaratiba; Pedra de Guaratiba e Sepetiba|Rio de Janeiro|Metropolitana|2025-01-01|365
35573|44|1|2025|3|1|Rio de Janeiro|330455|Capital|3|0|0|3|3|0.0|6|2|0.0|37|3|0|15|32|55|11|98|61|2|1|0|0|0.0|0|0|0.0|31|193|8|5|6|25|0.0|68|112|0|2|0|101|13|3.0|6.0|4.0|33|27.0|5.0|10.0|1.0|40|5|1|0|0|0|793|2025-01|Janeiro|Capital (Zona Sul, Centro e parte da Norte)|0|Del Castilho; Engenho da Rainha; Inhaúma; Maria da Graça e Tomás Coelho|Rio de Janeiro|Metropolitana|2025-01-01|365
35574|48|1|2025|24|3|Seropédica|330555|Baixada Fluminense|1|0|0|1|0|0.0|1|2|2.0|25|3|3|8|2|0|1|3|2|0|0|0|0|0.0|0|0|0.0|0|5|5|0|0|6|3.0|17|31|0|0|0|54|2|1.0|2.0|0.0|11|20.0|0.0|3.0|0.0|28|5|1|0|0|0|322|2025-01|Janeiro|Baixada Fluminense|0|Seropédica|Seropédica|Metropolitana|2025-01-01|365
35575|50|1|2025|24|3|Itaguaí|330200|Baixada Fluminense|1|0|0|1|2|0.0|3|1|0.0|54|4|1|9|11|11|1|23|5|0|1|0|0|0.0|0|1|0.0|2|32|17|2|1|5|1.0|38|64|0|0|0|55|8|3.0|4.0|1.0|9|19.0|10.0|7.0|3.0|34|5|0|0|0|0|391|2025-01|Janeiro|Baixada Fluminense|0|Itaguaí e Ibituporanga|Itaguaí|Metropolitana|2025-01-01|365
35576|51|1|2025|24|3|Paracambi|330360|Baixada Fluminense|1|0|0|1|0|0.0|1|2|0.0|23|2|0|7|0|2|0|2|0|0|0|1|0|0.0|0|0|0.0|0|3|0|0|0|4|0.0|11|15|0|0|0|24|7|4.0|2.0|1.0|0|10.0|0.0|5.0|0.0|22|2|1|0|0|0|144|2025-01|Janeiro|Baixada Fluminense|0|Paracambi|Paracambi|Metropolitana|2025-01-01|365
35577|52|1|2025|20|3|Nova Iguaçu|330350|Baixada Fluminense|9|0|0|9|0|0.0|9|2|0.0|64|5|0|39|58|51|10|119|69|1|3|1|0|0.0|0|1|1.0|10|205|57|16|9|29|5.0|115|231|0|9|0|177|3|1.0|1.0|1.0|30|29.0|3.0|9.0|0.0|101|6|0|0|0|0|1257|2025-01|Janeiro|Baixada Fluminense|0|Centro|Nova Iguaçu|Metropolitana|2025-01-01|365
35578|53|1|2025|20|3|Mesquita|330285|Baixada Fluminense|2|0|0|2|0|0.0|2|2|1.0|71|8|3|15|27|16|1|44|36|0|2|0|0|0.0|0|0|1.0|10|93|20|4|1|2|3.0|31|61|0|1|0|91|10|2.0|6.0|2.0|12|41.0|2.0|5.0|1.0|67|8|0|0|0|0|581|2025-01|Janeiro|Baixada Fluminense|0|Mesquita; Chatuba e Banco de Areia|Mesquita|Metropolitana|2025-01-01|365
35579|54|1|2025|39|3|Belford Roxo|330045|Baixada Fluminense|15|0|2|17|5|2.0|24|3|0.0|141|11|0|31|118|45|14|177|137|13|3|1|0|0.0|1|0|1.0|27|360|46|11|3|12|3.0|104|179|0|10|1|231|29|3.0|23.0|3.0|104|92.0|13.0|28.0|4.0|143|16|1|0|0|0|1561|2025-01|Janeiro|Baixada Fluminense|0|Areia Branca; Jardim Redentor; Parque São José; Nova Aurora e Lote XV|Belford Roxo|Metropolitana|2025-01-01|365
35580|55|1|2025|24|3|Queimados|330414|Baixada Fluminense|1|0|0|1|2|0.0|3|1|0.0|84|6|3|13|13|9|4|26|7|3|3|1|0|0.0|0|1|0.0|3|44|15|0|1|3|1.0|50|70|0|2|0|68|6|2.0|3.0|1.0|5|52.0|1.0|7.0|4.0|64|1|0|0|0|0|521|2025-01|Janeiro|Baixada Fluminense|0|Centro; Norte; Sul. Leste; Oeste e Nordeste|Queimados|Metropolitana|2025-01-01|365
35581|56|1|2025|20|3|Nova Iguaçu|330350|Baixada Fluminense|11|0|0|11|1|0.0|12|2|0.0|132|15|3|20|32|32|7|71|22|4|0|2|0|0.0|0|1|1.0|11|112|17|5|2|5|4.0|40|73|0|1|0|96|4|0.0|3.0|1.0|8|30.0|0.0|11.0|0.0|96|10|1|0|0|0|705|2025-01|Janeiro|Baixada Fluminense|0|Comendador Soares; Cabuçú e Km32|Nova Iguaçu|Metropolitana|2025-01-01|365
35582|57|1|2025|20|3|Nilópolis|330320|Baixada Fluminense|0|0|0|0|1|0.0|1|0|0.0|58|6|0|7|24|28|1|53|38|0|6|0|0|0.0|0|0|0.0|11|108|23|9|0|9|1.0|96|138|0|3|0|105|7|1.0|4.0|2.0|9|16.0|1.0|10.0|1.0|46|7|0|0|0|0|731|2025-01|Janeiro|Baixada Fluminense|0|Nilópolis e Olinda|Nilópolis|Metropolitana|2025-01-01|365
35583|58|1|2025|20|3|Nova Iguaçu|330350|Baixada Fluminense|8|0|0|8|0|1.0|9|4|0.0|185|20|4|28|60|54|11|125|66|1|1|5|0|1.0|0|0|0.0|19|218|31|3|1|8|2.0|66|111|3|4|0|137|5|0.0|5.0|0.0|11|26.0|6.0|7.0|0.0|146|11|2|0|0|0|1187|2025-01|Janeiro|Baixada Fluminense|0|Posse; Austin; Miguel Couto; Vila de Cava e Tinguá|Nova Iguaçu|Metropolitana|2025-01-01|365
35584|59|1|2025|15|3|Duque de Caxias|330170|Baixada Fluminense|5|0|0|5|1|0.0|6|7|1.0|141|9|4|42|133|81|29|243|165|19|7|0|0|0.0|1|2|3.0|32|472|46|43|9|38|0.0|173|309|0|5|0|211|13|0.0|13.0|0.0|198|65.0|1.0|17.0|0.0|126|17|0|0|0|0|1860|2025-01|Janeiro|Baixada Fluminense|0|Duque de Caxias (Centro)|Duque de Caxias|Metropolitana|2025-01-01|365
35585|60|1|2025|15|3|Duque de Caxias|330170|Baixada Fluminense|12|0|0|12|2|1.0|15|8|1.0|52|7|4|29|55|20|8|83|125|27|2|0|0|0.0|0|2|1.0|23|263|16|4|1|8|1.0|43|73|0|3|0|139|18|1.0|16.0|1.0|33|63.0|8.0|22.0|3.0|70|9|0|0|0|0|990|2025-01|Janeiro|Baixada Fluminense|0|Campos Elyseos|Duque de Caxias|Metropolitana|2025-01-01|365
35586|61|1|2025|15|3|Duque de Caxias|330170|Baixada Fluminense|3|0|0|3|0|0.0|3|1|0.0|18|0|0|8|1|4|0|5|16|1|0|0|0|0.0|0|0|0.0|1|23|2|0|0|2|3.0|14|21|0|1|0|36|0|0.0|0.0|0.0|2|5.0|0.0|3.0|0.0|14|3|0|0|0|0|169|2025-01|Janeiro|Baixada Fluminense|0|Xerém|Duque de Caxias|Metropolitana|2025-01-01|365
35587|62|1|2025|15|3|Duque de Caxias|330170|Baixada Fluminense|2|1|0|3|0|0.0|3|6|0.0|38|5|2|17|36|5|8|49|65|8|2|0|0|0.0|0|0|0.0|17|141|14|3|1|4|2.0|34|58|0|2|0|71|7|0.0|7.0|0.0|16|21.0|2.0|3.0|1.0|32|7|0|0|0|0|535|2025-01|Janeiro|Baixada Fluminense|0|Imbariê|Duque de Caxias|Metropolitana|2025-01-01|365
35588|63|1|2025|24|3|Japeri|330227|Baixada Fluminense|0|0|0|0|3|0.0|3|2|0.0|45|7|0|6|8|4|0|12|1|0|2|1|0|0.0|0|0|0.0|0|16|4|1|0|2|0.0|14|21|0|2|0|49|6|1.0|5.0|0.0|3|20.0|1.0|6.0|0.0|53|3|0|0|0|0|276|2025-01|Janeiro|Baixada Fluminense|0|Japeri; Engenheiro Pedreira; Marajoara; Pedra Lisa e Rio D`Ouro|Japeri|Metropolitana|2025-01-01|365
35589|64|1|2025|21|3|São João de Meriti|330510|Baixada Fluminense|11|0|0|11|5|0.0|16|24|0.0|161|14|1|41|63|83|33|179|109|24|4|4|0|0.0|0|1|0.0|28|349|56|13|1|16|0.0|122|208|0|4|0|194|12|1.0|10.0|1.0|74|51.0|10.0|10.0|0.0|135|15|0|0|0|0|1484|2025-01|Janeiro|Baixada Fluminense|0|São João de Meriti; Coelho da Rocha e São Mateus|São João de Meriti|Metropolitana|2025-01-01|365
35590|65|1|2025|34|3|Magé|330250|Baixada Fluminense|1|0|0|1|1|0.0|2|0|0.0|32|8|5|33|3|2|0|5|4|1|0|0|0|0.0|0|0|0.0|0|10|10|1|0|2|2.0|27|42|0|0|0|48|7|1.0|4.0|3.0|6|11.0|0.0|1.0|0.0|26|1|0|0|0|0|314|2025-01|Janeiro|Baixada Fluminense|0|Magé; Santo Aleixo e Suruí|Magé|Metropolitana|2025-01-01|365
35591|66|1|2025|34|3|Magé|330250|Baixada Fluminense|3|0|0|3|0|0.0|3|3|0.0|74|9|1|24|15|5|1|21|12|2|0|0|0|0.0|0|0|1.0|8|44|26|4|1|6|2.0|50|89|0|1|0|82|6|4.0|3.0|0.0|9|26.0|3.0|5.0|0.0|81|7|0|0|0|0|617|2025-01|Janeiro|Baixada Fluminense|0|Inhomirim e Guia de Copaíba|Magé|Metropolitana|2025-01-01|365
35592|67|1|2025|34|3|Guapimirim|330185|Baixada Fluminense|1|0|0|1|0|0.0|1|1|0.0|36|2|0|7|1|0|0|1|2|0|1|0|0|0.0|0|0|1.0|1|6|4|1|0|0|0.0|12|17|0|0|0|27|26|22.0|4.0|0.0|4|10.0|0.0|9.0|0.0|40|4|0|0|0|0|256|2025-01|Janeiro|Baixada Fluminense|0|Guapimirim|Guapimirim|Metropolitana|2025-01-01|365
35593|70|1|2025|35|4|Tanguá|330575|Interior|0|0|0|0|0|0.0|0|0|0.0|9|0|2|1|3|0|0|3|1|1|0|0|0|0.0|0|0|0.0|0|5|5|1|0|0|0.0|12|18|0|0|0|11|3|0.0|1.0|2.0|0|2.0|0.0|0.0|0.0|12|0|0|0|0|0|96|2025-01|Janeiro|Grande Niterói e Região dos Lagos|0|Tanguá|Tanguá|Metropolitana|2025-01-01|365
35594|71|1|2025|35|4|Itaboraí|330190|Interior|2|0|0|2|1|1.0|4|1|1.0|40|7|3|32|10|8|0|18|16|2|2|4|0|0.0|0|0|0.0|3|45|24|1|1|9|0.0|41|76|0|3|0|94|22|9.0|12.0|1.0|17|32.0|4.0|7.0|1.0|47|2|0|0|0|0|533|2025-01|Janeiro|Grande Niterói e Região dos Lagos|0|Itaboraí; Cabuçú; Itambí; Porto das Caixas e Sambaetiba|Itaboraí|Metropolitana|2025-01-01|365
35595|72|1|2025|7|4|São Gonçalo|330490|Grande Niterói|3|0|0|3|0|0.0|3|6|0.0|70|5|3|15|44|25|7|76|32|17|2|0|0|0.0|0|0|0.0|10|137|46|17|2|30|2.0|129|226|0|2|0|177|8|2.0|6.0|0.0|33|26.0|0.0|8.0|0.0|65|8|0|0|0|0|1122|2025-01|Janeiro|Grande Niterói e Região dos Lagos|0|São Gonçalo|São Gonçalo|Metropolitana|2025-01-01|365
35596|73|1|2025|7|4|São Gonçalo|330490|Grande Niterói|1|0|0|1|0|0.0|1|10|0.0|43|1|1|10|45|6|1|52|31|10|3|0|0|0.0|0|0|0.0|10|106|36|7|1|5|0.0|57|106|0|4|0|91|5|0.0|4.0|1.0|9|17.0|0.0|11.0|1.0|43|4|1|0|0|0|535|2025-01|Janeiro|Grande Niterói e Região dos Lagos|0|Neves|São Gonçalo|Metropolitana|2025-01-01|365
35597|74|1|2025|7|4|São Gonçalo|330490|Grande Niterói|4|0|0|4|1|0.0|5|6|0.0|38|1|2|12|21|29|2|52|53|12|4|0|0|0.0|0|0|1.0|8|130|33|5|3|11|0.0|86|138|0|2|0|75|13|1.0|10.0|2.0|5|32.0|3.0|5.0|1.0|37|4|0|0|0|0|647|2025-01|Janeiro|Grande Niterói e Região dos Lagos|0|Monjolo|São Gonçalo|Metropolitana|2025-01-01|365
35598|75|1|2025|7|4|São Gonçalo|330490|Grande Niterói|1|0|0|1|1|0.0|2|3|2.0|29|3|3|9|20|8|0|28|19|2|0|0|0|0.0|0|0|0.0|4|53|11|1|0|6|0.0|25|43|0|3|0|50|6|1.0|4.0|1.0|6|12.0|0.0|3.0|1.0|27|5|0|0|0|0|336|2025-01|Janeiro|Grande Niterói e Região dos Lagos|0|Ipiiba e Sete Pontes|São Gonçalo|Metropolitana|2025-01-01|365
35599|76|1|2025|12|4|Niterói|330330|Grande Niterói|1|0|0|1|1|0.0|2|3|0.0|42|4|0|7|52|17|0|69|4|1|3|0|0|0.0|0|0|0.0|7|84|13|23|1|46|31.0|139|253|0|1|0|134|11|2.0|7.0|2.0|10|49.0|3.0|36.0|3.0|27|5|2|0|0|0|921|2025-01|Janeiro|Grande Niterói e Região dos Lagos|0|Centro; Ponta da Areia; Ilha da Conceição; São Lourenço; Fátima; Morro do Estado; Ingá; São Domingos; Gragoatá e Boa Viagem|Niterói|Metropolitana|2025-01-01|365
35600|77|1|2025|12|4|Niterói|330330|Grande Niterói|0|0|0|0|0|1.0|1|0|0.0|20|2|0|23|14|9|1|24|1|0|5|1|0|0.0|0|0|0.0|1|32|6|18|2|34|47.0|107|214|0|1|0|187|4|1.0|2.0|1.0|0|19.0|3.0|1.0|0.0|36|2|0|0|0|0|815|2025-01|Janeiro|Grande Niterói e Região dos Lagos|0|Santa Rosa; Icaraí; Vital Brasil; Pé Pequeno; Viradouro e Cubango|Niterói|Metropolitana|2025-01-01|365
35601|78|1|2025|12|4|Niterói|330330|Grande Niterói|2|0|0|2|0|0.0|2|1|0.0|25|2|7|14|19|7|0|26|14|0|1|0|0|0.0|0|0|0.0|8|49|13|2|0|17|1.0|113|146|0|0|0|53|7|1.0|6.0|0.0|6|16.0|2.0|7.0|1.0|27|1|0|0|0|0|523|2025-01|Janeiro|Grande Niterói e Região dos Lagos|0|Fonseca; Viçoso Jardim; Caramujo; Baldeador; Santa Bárbara; Tenente Jardim; Engenhoca; Santana e Barreto|Niterói|Metropolitana|2025-01-01|365
35602|79|1|2025|12|4|Niterói|330330|Grande Niterói|0|0|0|0|0|0.0|0|0|0.0|40|2|4|19|9|5|0|14|5|0|2|1|0|0.0|0|0|1.0|3|26|9|1|3|3|2.0|23|41|2|1|0|52|6|1.0|3.0|2.0|0|10.0|0.0|2.0|0.0|31|3|0|0|0|0|285|2025-01|Janeiro|Grande Niterói e Região dos Lagos|0|Jurujuba; Charitas; São Francisco; Cachoeiras; Maceió; Largo da Batalha; Ititioca; Badu; Sapê; Matapaca; Vila Progresso; Muriqui; Maria Paula e Cantagalo|Niterói|Metropolitana|2025-01-01|365
35603|81|1|2025|12|4|Niterói|330330|Grande Niterói|0|0|0|0|0|0.0|0|0|0.0|32|3|1|26|8|5|0|13|4|0|1|0|0|0.0|0|0|0.0|4|22|17|2|1|6|7.0|63|96|0|1|0|48|5|1.0|3.0|1.0|8|19.0|0.0|3.0|0.0|18|2|0|0|0|0|411|2025-01|Janeiro|Grande Niterói e Região dos Lagos|0|Itaipu; Camboinhas; Itacoatiara; Piratininga; Cafubá; Jacaré; Rio do Ouro; Engenho do Mato; Várzea das Moças e Jardim Imbuí|Niterói|Metropolitana|2025-01-01|365
35604|82|1|2025|12|4|Maricá|330270|Grande Niterói|1|0|0|1|0|0.0|1|2|2.0|146|12|2|35|21|5|0|26|5|0|1|0|0|0.0|0|0|0.0|2|34|19|9|3|20|4.0|80|135|0|5|0|135|12|1.0|11.0|0.0|7|41.0|2.0|9.0|0.0|108|5|0|0|0|0|921|2025-01|Janeiro|Grande Niterói e Região dos Lagos|0|Maricá e Inoã|Maricá|Metropolitana|2025-01-01|365
35605|88|1|2025|10|5|Barra do Pirai|330030|Interior|3|0|0|3|0|0.0|3|0|0.0|39|3|3|3|1|0|0|1|0|0|0|1|0|0.0|0|0|0.0|2|4|0|0|0|0|0.0|18|18|0|2|0|44|45|14.0|12.0|19.0|2|18.0|0.0|9.0|2.0|47|1|0|0|0|0|409|2025-01|Janeiro|Sul Fluminense|0|Barra do Piraí; Dorandia; Ipiabas; São José do Turvo e Vargem Alegre|Barra do Piraí|Médio Paraíba|2025-01-01|365
35606|89|1|2025|37|5|Resende|330420|Interior|2|1|0|3|0|0.0|3|3|0.0|38|1|1|10|2|0|0|2|1|0|0|0|0|0.0|0|0|0.0|0|3|1|2|1|4|3.0|30|41|0|5|0|98|20|10.0|10.0|1.0|5|29.0|4.0|9.0|4.0|31|1|2|0|0|0|516|2025-01|Janeiro|Sul Fluminense|0|Resende; Engenheiro Passos; Agulhas Negras; Pedra Selada e Fumaça|Resende|Médio Paraíba|2025-01-01|365
35607|90|1|2025|28|5|Barra Mansa|330040|Interior|11|0|0|11|0|0.0|11|6|0.0|39|2|0|6|1|0|0|1|0|0|0|0|0|0.0|0|0|0.0|1|2|10|0|0|9|1.0|37|57|0|1|0|81|33|4.0|28.0|2.0|9|43.0|9.0|11.0|0.0|53|1|0|0|0|0|507|2025-01|Janeiro|Sul Fluminense|0|Antonio Rocha; Floriano; Nossa Senhora do Amparo; Rialto e Regiões Administrativas I; II; III; IV; V; VI; VII; VIII; IX; X; XI; XII; XIII; XIV|Barra Mansa|Médio Paraíba|2025-01-01|365
35608|91|1|2025|10|5|Valença|330610|Interior|3|0|0|3|0|0.0|3|4|0.0|29|4|1|3|0|0|0|0|0|0|0|0|0|0.0|0|0|0.0|0|0|0|0|0|4|0.0|14|18|0|0|0|16|34|19.0|13.0|2.0|0|14.0|1.0|13.0|0.0|46|2|0|0|0|0|226|2025-01|Janeiro|Sul Fluminense|0|Valença; Barão de Juparana; Conservatória; Parapeúna; Pentagna e Santa Isabel do Rio Preto|Valença|Médio Paraíba|2025-01-01|365
35609|92|1|2025|10|5|Rio das Flores|330450|Interior|0|0|0|0|0|0.0|0|0|0.0|4|1|0|0|0|0|0|0|0|0|0|0|0|0.0|0|0|0.0|0|0|0|0|0|0|0.0|1|1|0|0|0|2|1|1.0|0.0|0.0|0|2.0|0.0|1.0|0.0|7|0|0|0|0|0|22|2025-01|Janeiro|Sul Fluminense|0|Rio das Flores; Manuel Duarte; Abarracamento e Taboas|Rio das Flores|Médio Paraíba|2025-01-01|365
35610|93|1|2025|28|5|Volta Redonda|330630|Interior|8|0|0|8|0|0.0|8|1|0.0|100|4|3|25|2|3|2|7|4|0|1|1|0|0.0|0|0|0.0|6|19|11|2|1|20|4.0|110|148|0|6|0|233|70|34.0|29.0|7.0|5|74.0|6.0|21.0|0.0|123|15|2|1|0|0|1307|2025-01|Janeiro|Sul Fluminense|0|Volta Redonda|Volta Redonda|Médio Paraíba|2025-01-01|365
35611|94|1|2025|10|5|Piraí|330400|Interior|0|0|0|0|0|0.0|0|1|0.0|13|0|3|1|0|0|0|0|0|0|0|0|0|0.0|0|0|0.0|0|0|0|1|0|1|0.0|10|12|0|0|0|9|21|14.0|6.0|1.0|0|15.0|0.0|5.0|0.0|13|1|1|0|0|0|136|2025-01|Janeiro|Sul Fluminense|0|Piraí; Arrozal; Monumento e Santanésia|Piraí|Médio Paraíba|2025-01-01|365
35612|95|1|2025|10|5|Vassouras|330620|Interior|1|0|0|1|0|0.0|1|4|0.0|22|0|0|0|0|0|0|0|0|0|0|0|0|0.0|0|0|0.0|0|0|0|0|0|1|0.0|7|8|0|1|2|28|12|4.0|5.0|3.0|1|9.0|0.0|1.0|0.0|14|1|0|0|0|0|140|2025-01|Janeiro|Sul Fluminense|0|Vassouras; Andrade Pinto; São Sebastião dos Ferreiros e Sebastião de Lacerda|Vassouras|Centro-Sul Fluminense|2025-01-01|365
35613|96|1|2025|10|5|Miguel Pereira;Paty dos Alferes|999999|Interior|1|0|0|1|0|0.0|1|0|0.0|28|2|0|8|0|0|0|0|0|0|0|0|0|0.0|0|0|0.0|0|0|5|1|0|5|0.0|16|27|0|0|0|22|26|23.0|0.0|3.0|3|14.0|0.0|6.0|0.0|33|0|0|0|0|0|298|2025-01|Janeiro|Sul Fluminense|0|Miguel Pereira; Governador Portela e Conrado|Miguel Pereira|Centro-Sul Fluminense|2025-01-01|365
35614|97|1|2025|10|5|Mendes|330280|Interior|0|0|0|0|0|0.0|0|0|0.0|11|0|1|0|0|0|0|0|0|0|0|0|0|0.0|0|0|1.0|0|1|0|0|0|0|0.0|3|3|0|0|0|13|3|2.0|0.0|1.0|0|2.0|0.0|5.0|0.0|17|1|0|0|0|0|86|2025-01|Janeiro|Sul Fluminense|0|Mendes|Mendes|Centro-Sul Fluminense|2025-01-01|365
35615|98|1|2025|10|5|Engenheiro Paulo de Frontin|330180|Interior|0|0|0|0|0|0.0|0|0|0.0|9|0|0|0|0|0|0|0|0|0|0|0|0|0.0|0|0|0.0|0|0|0|0|0|0|0.0|1|1|0|0|0|5|6|3.0|1.0|2.0|0|3.0|0.0|0.0|0.0|5|0|0|0|0|0|39|2025-01|Janeiro|Sul Fluminense|0|Engenheiro Paulo de Frontin e Sacra Família do Tinguá|Engenheiro Paulo de Frontin|Centro-Sul Fluminense|2025-01-01|365
35616|99|1|2025|37|5|Itatiaia|330225|Interior|3|0|0|3|0|0.0|3|1|0.0|15|2|2|1|1|0|0|1|1|0|0|0|0|0.0|0|0|0.0|0|2|2|0|0|1|2.0|7|12|0|1|0|10|16|5.0|7.0|4.0|1|20.0|1.0|4.0|2.0|8|0|0|0|0|0|154|2025-01|Janeiro|Sul Fluminense|0|Itatiaia|Itatiaia|Médio Paraíba|2025-01-01|365
35617|100|1|2025|37|5|Porto Real;Quatis|999999|Interior|0|0|0|0|0|0.0|0|8|0.0|8|1|0|1|0|0|0|0|0|0|0|0|0|0.0|0|0|0.0|0|0|0|0|0|0|0.0|9|9|0|1|0|16|6|1.0|5.0|0.0|0|7.0|2.0|0.0|0.0|10|3|0|0|0|0|108|2025-01|Janeiro|Sul Fluminense|0|Porto Real|Porto Real|Médio Paraíba|2025-01-01|365
35618|101|1|2025|28|5|Pinheiral|330395|Interior|0|0|0|0|0|0.0|0|0|0.0|15|1|0|3|0|0|0|0|0|0|1|0|0|0.0|0|0|0.0|0|1|0|0|0|0|2.0|7|9|0|0|0|11|10|7.0|3.0|1.0|0|9.0|4.0|2.0|0.0|19|1|0|0|0|0|95|2025-01|Janeiro|Sul Fluminense|0|Pinheiral|Pinheiral|Médio Paraíba|2025-01-01|365
35619|104|1|2025|30|7|São José do Vale do Rio Preto|330515|Interior|0|0|0|0|0|0.0|0|1|0.0|13|1|0|2|0|0|0|0|0|0|0|0|0|0.0|0|0|0.0|0|0|0|0|0|0|0.0|7|7|0|0|0|5|7|5.0|1.0|1.0|0|3.0|0.0|0.0|0.0|18|0|0|0|0|0|61|2025-01|Janeiro|Região Serrana|0|São José do Vale do Rio Preto|São José do Vale do Rio Preto|Serrana|2025-01-01|365
35620|105|1|2025|26|7|Petrópolis|330390|Interior|0|0|0|0|0|0.0|0|2|0.0|54|9|2|9|4|3|0|7|0|1|0|1|0|0.0|0|0|0.0|1|10|1|2|1|12|1.0|79|96|0|3|0|130|70|13.0|36.0|22.0|4|57.0|14.0|18.0|1.0|68|7|0|0|0|0|785|2025-01|Janeiro|Região Serrana|0|Petrópolis e Cascatinha|Petrópolis|Metropolitana|2025-01-01|365
35621|106|1|2025|26|7|Petrópolis|330390|Interior|1|0|0|1|0|0.0|1|0|0.0|33|0|3|10|1|0|0|1|0|0|1|0|0|0.0|0|0|0.0|1|3|0|0|0|4|0.0|29|33|0|0|0|68|19|2.0|13.0|5.0|3|37.0|3.0|15.0|0.0|56|0|0|0|0|0|397|2025-01|Janeiro|Região Serrana|0|Itaipava; Pedro do Rio e Posse|Petrópolis|Metropolitana|2025-01-01|365
35622|107|1|2025|38|7|Paraíba do Sul|330370|Interior|2|0|0|2|0|0.0|2|1|0.0|23|3|0|0|0|0|0|0|1|0|0|0|0|0.0|0|0|0.0|0|1|0|1|0|1|0.0|8|10|0|0|0|13|41|24.0|3.0|15.0|0|20.0|4.0|4.0|1.0|28|2|0|0|0|0|165|2025-01|Janeiro|Região Serrana|0|Paraíba do Sul; Werneck; Salutaris e Inconfidência|Paraíba do Sul|Centro-Sul Fluminense|2025-01-01|365
35623|108|1|2025|38|7|Comendador Levy Gasparian;Areal;Três Rios|999999|Interior|0|0|0|0|0|0.0|0|3|0.0|61|1|0|5|0|0|2|2|0|0|0|2|0|0.0|0|0|0.0|2|6|0|1|0|4|2.0|47|54|0|1|0|60|25|10.0|8.0|8.0|5|55.0|9.0|12.0|0.0|89|1|0|0|0|0|495|2025-01|Janeiro|Região Serrana|0|Areal|Areal|Centro-Sul Fluminense|2025-01-01|365
35624|109|1|2025|38|7|Sapucaia|330540|Interior|0|0|0|0|0|0.0|0|1|0.0|5|0|0|1|0|0|0|0|0|0|0|0|0|0.0|0|0|0.0|0|0|0|0|0|0|0.0|1|1|0|0|0|4|12|9.0|3.0|0.0|2|9.0|0.0|0.0|0.0|15|0|0|0|0|0|61|2025-01|Janeiro|Região Serrana|0|Sapucaia; Anta; Pião; Nossa Senhora Aparecida e Jamapara|Sapucaia|Centro-Sul Fluminense|2025-01-01|365
35625|110|1|2025|30|7|Teresópolis|330580|Interior|3|0|0|3|0|0.0|3|2|1.0|71|5|2|15|2|2|0|4|0|0|0|1|0|0.0|0|0|0.0|0|5|1|3|0|5|0.0|68|77|0|4|0|112|81|30.0|26.0|25.0|2|64.0|10.0|21.0|1.0|84|6|0|0|0|0|767|2025-01|Janeiro|Região Serrana|0|Teresópolis; Vale do Bonsucesso e Vale do Paquequer|Teresópolis|Serrana|2025-01-01|365
35626|111|1|2025|30|7|Sumidouro|330570|Interior|0|0|0|0|0|0.0|0|0|1.0|5|0|0|0|0|0|0|0|0|0|0|0|0|0.0|0|0|0.0|0|0|2|0|0|1|0.0|2|5|0|0|0|8|1|0.0|1.0|0.0|1|5.0|0.0|0.0|0.0|5|1|0|0|0|0|41|2025-01|Janeiro|Região Serrana|0|Sumidouro|Sumidouro|Serrana|2025-01-01|365
35627|112|1|2025|30|7|Carmo|330120|Interior|0|0|0|0|0|0.0|0|0|0.0|10|0|0|1|0|0|0|0|1|0|0|0|0|0.0|0|0|0.0|0|1|0|0|0|1|0.0|3|4|0|0|0|12|6|4.0|1.0|1.0|1|1.0|0.0|0.0|0.0|4|1|0|0|0|0|61|2025-01|Janeiro|Região Serrana|0|Carmo; Córrego da Prata e Porto Velho do Cunha|Carmo|Serrana|2025-01-01|365
35628|118|1|2025|25|4|Araruama|330020|Interior|6|0|0|6|0|0.0|6|2|0.0|71|4|5|37|8|4|0|12|4|0|0|2|0|0.0|0|2|0.0|5|25|8|2|0|8|1.0|74|93|0|4|0|104|31|4.0|17.0|10.0|4|44.0|7.0|11.0|1.0|65|0|0|0|0|0|658|2025-01|Janeiro|Grande Niterói e Região dos Lagos|0|Araruama; Morro Grande e São Vicente de Paula|Araruama|Baixadas Litorâneas|2025-01-01|365
35629|119|1|2025|35|4|Rio Bonito|330430|Interior|1|0|0|1|0|0.0|1|0|0.0|19|0|0|6|1|0|0|1|0|0|0|0|0|0.0|0|0|0.0|0|1|10|1|0|1|0.0|13|25|0|1|0|36|1|0.0|1.0|0.0|2|5.0|0.0|5.0|0.0|14|3|0|0|0|0|207|2025-01|Janeiro|Grande Niterói e Região dos Lagos|0|Rio Bonito e Boa Esperança|Rio Bonito|Metropolitana|2025-01-01|365
35630|120|1|2025|35|4|Silva Jardim|330560|Interior|1|0|0|1|0|0.0|1|0|0.0|10|0|2|3|0|0|0|0|0|1|0|0|0|0.0|0|0|0.0|0|1|0|0|0|3|0.0|1|4|0|0|0|4|1|0.0|0.0|1.0|0|2.0|0.0|0.0|1.0|6|0|0|0|0|0|48|2025-01|Janeiro|Grande Niterói e Região dos Lagos|0|Silva Jardim; Aldeia Velha; Correntezas e Gaviões|Silva Jardim|Baixadas Litorâneas|2025-01-01|365
35631|121|1|2025|32|6|Casimiro de Abreu|330130|Interior|1|0|0|1|0|0.0|1|0|0.0|18|1|2|4|2|0|0|2|0|0|0|0|0|0.0|0|0|0.0|0|2|1|0|0|1|2.0|13|17|0|1|0|23|25|7.0|9.0|10.0|4|26.0|3.0|6.0|0.0|13|3|0|0|0|0|184|2025-01|Janeiro|Norte Fluminense e Noroeste|0|Casimiro de Abreu; Professor Souza; Barra de São João e Rio Dourado|Casimiro de Abreu|Baixadas Litorâneas|2025-01-01|365
35632|122|1|2025|32|6|Conceição de Macabú|330140|Interior|0|0|0|0|0|0.0|0|0|0.0|8|1|0|1|0|1|0|1|0|0|0|0|0|0.0|0|0|0.0|0|1|3|0|0|0|1.0|3|7|0|0|0|16|3|2.0|0.0|1.0|0|3.0|0.0|2.0|0.0|12|0|0|0|0|0|71|2025-01|Janeiro|Norte Fluminense e Noroeste|0|Conceição de Macabú e Macabuzinho|Conceição de Macabú|Norte Fluminense|2025-01-01|365
35633|123|1|2025|32|6|Macaé|330240|Interior|1|0|0|1|0|0.0|1|2|1.0|93|12|3|20|6|3|0|9|2|0|1|0|0|0.0|0|0|0.0|0|12|3|3|1|14|6.0|99|126|0|6|0|252|70|13.0|48.0|14.0|7|84.0|13.0|8.0|0.0|95|4|0|0|0|0|1065|2025-01|Janeiro|Norte Fluminense e Noroeste|0|Centro; Cabiúnas; Barra de Macaé; Aeroporto e Imboassica|Macaé|Norte Fluminense|2025-01-01|365
35634|124|1|2025|25|4|Saquarema|330550|Interior|1|0|0|1|1|0.0|2|0|0.0|60|7|1|25|3|1|0|4|5|0|0|1|0|0.0|0|0|0.0|2|12|15|2|0|5|2.0|72|96|0|2|0|106|13|3.0|8.0|2.0|4|13.0|2.0|3.0|0.0|78|3|0|0|0|0|602|2025-01|Janeiro|Grande Niterói e Região dos Lagos|0|Saquarema; Bacaxá e Sampaio Correia|Saquarema|Baixadas Litorâneas|2025-01-01|365
35635|125|1|2025|25|4|São Pedro da Aldeia|330520|Interior|2|0|0|2|0|0.0|2|1|0.0|34|6|1|16|4|1|0|5|0|0|1|1|0|0.0|0|0|0.0|0|7|6|0|0|3|1.0|22|32|0|0|0|38|16|1.0|11.0|4.0|1|24.0|4.0|4.0|0.0|22|5|1|0|0|0|255|2025-01|Janeiro|Grande Niterói e Região dos Lagos|0|São Pedro da Aldeia|São Pedro da Aldeia|Baixadas Litorâneas|2025-01-01|365
35636|126|1|2025|25|4|Cabo Frio|330070|Interior|10|0|0|10|1|0.0|11|8|0.0|123|18|1|62|20|4|0|24|8|0|0|0|0|0.0|0|0|0.0|4|36|15|22|0|76|3.0|242|358|0|7|1|242|86|10.0|76.0|0.0|11|80.0|9.0|15.0|1.0|116|9|1|0|0|0|1608|2025-01|Janeiro|Grande Niterói e Região dos Lagos|0|Cabo Frio e Tamoios|Cabo Frio|Baixadas Litorâneas|2025-01-01|365
35637|127|1|2025|25|4|Armação dos Búzios|330023|Interior|1|0|0|1|1|0.0|2|2|0.0|25|4|0|17|2|3|0|5|0|0|0|0|0|0.0|0|0|0.0|3|8|4|7|0|35|0.0|51|97|1|1|0|55|15|2.0|5.0|8.0|4|9.0|0.0|5.0|0.0|26|5|0|0|0|0|462|2025-01|Janeiro|Grande Niterói e Região dos Lagos|0|Armação dos Búzios|Armação dos Búzios|Baixadas Litorâneas|2025-01-01|365
35638|128|1|2025|32|6|Rio das Ostras|330452|Interior|1|0|0|1|0|0.0|1|4|0.0|75|5|1|43|2|1|0|3|4|0|2|0|0|0.0|0|2|0.0|5|16|12|8|1|11|4.0|84|120|0|3|0|103|33|5.0|21.0|8.0|7|59.0|14.0|6.0|1.0|87|3|0|0|0|0|697|2025-01|Janeiro|Norte Fluminense e Noroeste|0|Rio das Ostras|Rio das Ostras|Baixadas Litorâneas|2025-01-01|365
35639|129|1|2025|25|4|Iguaba Grande|330187|Interior|1|0|0|1|0|0.0|1|0|0.0|8|2|0|4|0|0|0|0|0|0|0|0|0|0.0|0|0|0.0|0|0|3|1|1|2|4.0|17|28|0|0|0|16|2|1.0|1.0|0.0|1|6.0|0.0|0.0|0.0|14|2|0|0|0|0|128|2025-01|Janeiro|Grande Niterói e Região dos Lagos|0|Iguaba Grande|Iguaba Grande|Baixadas Litorâneas|2025-01-01|365
35640|130|1|2025|32|6|Quissamã;Carapebus|999999|Interior|2|0|0|2|0|0.0|2|0|0.0|11|1|1|15|0|0|0|0|2|0|0|0|0|0.0|0|0|0.0|1|3|1|0|0|1|0.0|7|9|0|0|0|13|13|6.0|7.0|0.0|4|11.0|10.0|8.0|0.0|24|1|0|0|0|0|138|2025-01|Janeiro|Norte Fluminense e Noroeste|0|Centro; UB-S; Rodagem; Carapebus e Praia de Carapebus|Carapebus|Norte Fluminense|2025-01-01|365
35641|132|1|2025|25|4|Arraial do Cabo|330025|Interior|2|0|0|2|0|0.0|2|0|0.0|20|0|1|6|0|1|0|1|0|0|0|0|0|0.0|0|0|0.0|1|2|4|8|1|25|0.0|26|64|0|2|0|17|3|0.0|3.0|0.0|1|13.0|0.0|4.0|0.0|22|1|1|0|0|0|286|2025-01|Janeiro|Grande Niterói e Região dos Lagos|0|Arraial do Cabo|Arraial do Cabo|Baixadas Litorâneas|2025-01-01|365
35642|134|1|2025|8|6|Campos dos Goytacazes|330100|Interior|1|0|0|1|0|0.0|1|1|0.0|78|4|10|12|12|15|0|27|4|2|4|5|0|0.0|0|0|1.0|0|43|8|4|1|27|13.0|120|173|0|5|0|227|139|92.0|18.0|31.0|5|86.0|3.0|29.0|1.0|115|7|0|0|0|0|1243|2025-01|Janeiro|Norte Fluminense e Noroeste|0|Campos dos Goytacazes (Primeiro Subdistrito; Segundo Subdistrito e Quarto Subdistrito); Ibitioca; Dores de Macabu; Morangaba; Mussurepe; Serrinha; Santo Amaro de Campos; São Sebastião de Campos e Tocos|Campos dos Goytacazes|Norte Fluminense|2025-01-01|365
35643|135|1|2025|36|6|Itaocara|330210|Interior|0|0|0|0|0|0.0|0|0|0.0|6|2|0|1|0|0|0|0|0|0|0|0|0|0.0|0|0|0.0|0|0|1|0|0|1|0.0|2|4|0|0|0|9|7|4.0|1.0|2.0|0|5.0|0.0|10.0|0.0|9|0|0|0|0|0|68|2025-01|Janeiro|Norte Fluminense e Noroeste|0|Itaocara; Portela; Batatal; Laranjais; Jaguarembe e Estrada Nova|Itaocara|Noroeste Fluminense|2025-01-01|365
35644|136|1|2025|36|6|Santo Antônio de Pádua;Aperibé|999999|Interior|1|0|0|1|0|0.0|1|0|0.0|24|1|3|0|0|0|0|0|0|0|0|0|0|0.0|0|0|0.0|0|0|0|0|0|0|0.0|10|10|0|0|0|17|45|31.0|4.0|11.0|1|17.0|4.0|6.0|1.0|32|0|0|0|0|0|199|2025-01|Janeiro|Norte Fluminense e Noroeste|0|Aperibé|Aperibé|Noroeste Fluminense|2025-01-01|365
35645|137|1|2025|36|6|Miracema|330300|Interior|0|0|0|0|0|0.0|0|0|0.0|9|0|0|1|0|0|0|0|0|0|0|1|0|0.0|0|0|0.0|0|1|0|0|0|0|0.0|8|8|0|1|0|5|18|11.0|6.0|1.0|0|4.0|1.0|6.0|0.0|13|1|0|0|0|0|108|2025-01|Janeiro|Norte Fluminense e Noroeste|0|Miracema; Venda das Flores e Paraíso do Tobias|Miracema|Noroeste Fluminense|2025-01-01|365
35646|138|1|2025|29|6|Laje do Muriaé|330230|Interior|0|0|0|0|0|0.0|0|0|0.0|19|0|0|0|0|0|0|0|0|0|0|0|0|0.0|0|0|0.0|0|0|0|0|0|0|0.0|3|3|0|0|0|2|3|2.0|1.0|0.0|0|3.0|0.0|0.0|0.0|10|0|0|0|0|0|38|2025-01|Janeiro|Norte Fluminense e Noroeste|0|Laje do Muriaé|Laje do Muriaé|Noroeste Fluminense|2025-01-01|365
35647|139|1|2025|29|6|Porciúncula|330410|Interior|1|0|1|2|0|0.0|2|2|0.0|7|0|0|1|0|0|0|0|0|0|0|1|0|0.0|0|0|0.0|1|2|0|0|0|1|2.0|8|11|0|0|0|2|9|4.0|4.0|1.0|0|7.0|0.0|1.0|0.0|24|0|0|0|0|0|72|2025-01|Janeiro|Norte Fluminense e Noroeste|0|Porciúncula; Purilândia e Santa Clara|Porciúncula|Noroeste Fluminense|2025-01-01|365
35648|140|1|2025|29|6|Natividade;Varre-Sai|999999|Interior|0|0|0|0|0|0.0|0|2|0.0|7|1|0|0|0|0|0|0|0|0|0|0|0|0.0|0|0|0.0|0|0|0|1|0|1|0.0|3|5|0|0|0|3|7|4.0|3.0|0.0|0|4.0|0.0|2.0|0.0|16|0|0|0|0|0|70|2025-01|Janeiro|Norte Fluminense e Noroeste|0|Natividade; Ourania e Bom Jesus do Querendo|Natividade|Noroeste Fluminense|2025-01-01|365
35649|141|1|2025|8|6|São Fidélis|330480|Interior|1|0|0|1|0|0.0|1|0|0.0|12|0|0|1|0|0|0|0|1|0|0|0|0|0.0|0|0|0.0|0|1|2|0|0|0|1.0|12|15|0|0|0|20|6|2.0|3.0|1.0|0|11.0|1.0|4.0|0.0|24|0|0|0|0|0|124|2025-01|Janeiro|Norte Fluminense e Noroeste|0|São Fidelis; Cambiasca; Colonia; Ipuca e Pureza|São Fidélis|Norte Fluminense|2025-01-01|365
35650|142|1|2025|36|6|Cambuci|330090|Interior|0|0|0|0|0|0.0|0|1|0.0|2|0|0|0|0|0|0|0|0|0|0|0|0|0.0|0|0|0.0|0|0|1|0|0|0|0.0|1|2|0|1|0|4|6|3.0|3.0|0.0|0|2.0|0.0|2.0|0.0|10|0|0|0|0|0|39|2025-01|Janeiro|Norte Fluminense e Noroeste|0|Cambuci; Três Irmãos; Funil; Monte Verde e São João do Paraíso|Cambuci|Noroeste Fluminense|2025-01-01|365
35651|143|1|2025|29|6|Itaperuna;São José de Ubá|999999|Interior|1|0|0|1|0|0.0|1|5|0.0|40|0|1|4|1|0|0|1|1|0|0|0|0|0.0|0|0|0.0|0|2|0|2|0|2|0.0|26|30|0|3|0|60|84|45.0|26.0|15.0|0|38.0|9.0|20.0|1.0|65|3|1|0|0|0|387|2025-01|Janeiro|Norte Fluminense e Noroeste|0|Itaperuna; Boaventura; Nossa Senhora da Penha; Itajara; Retiro do Muriaé; Raposo e Comendador Venâncio|Itaperuna|Noroeste Fluminense|2025-01-01|365
35652|144|1|2025|29|6|Bom Jesus de Itabapoana|330060|Interior|1|0|0|1|0|0.0|1|1|0.0|12|0|0|2|0|0|0|0|0|0|0|0|0|0.0|0|0|0.0|0|0|1|0|0|2|0.0|13|16|0|0|0|22|8|3.0|4.0|1.0|0|12.0|0.0|1.0|0.0|21|3|0|1|0|0|123|2025-01|Janeiro|Norte Fluminense e Noroeste|0|Bom Jesus de Itabapoana; Carabuçú; Calheiros; Pirapetinga de Bom Jesus; Rosal e Serrinha|Bom Jesus de Itabapoana|Noroeste Fluminense|2025-01-01|365
35653|145|1|2025|8|6|São João da Barra|330500|Interior|4|0|0|4|0|0.0|4|0|0.0|9|5|0|6|3|4|0|7|2|0|1|1|0|0.0|0|0|0.0|0|11|4|3|0|5|1.0|23|36|0|3|0|20|25|9.0|10.0|8.0|1|24.0|2.0|3.0|1.0|28|0|0|0|0|0|215|2025-01|Janeiro|Norte Fluminense e Noroeste|0|Barcelos; Atafona; São João da Barra; Grussaí; Cajueiro e Pipeiras|São João da Barra|Norte Fluminense|2025-01-01|365
35654|146|1|2025|8|6|Campos dos Goytacazes|330100|Interior|9|0|0|9|0|0.0|9|8|1.0|37|5|3|4|9|7|0|16|4|0|2|2|0|0.0|0|0|0.0|3|27|0|0|0|6|2.0|22|30|0|2|0|23|67|19.0|22.0|27.0|5|56.0|12.0|6.0|1.0|43|5|1|0|0|0|381|2025-01|Janeiro|Norte Fluminense e Noroeste|0|Campos dos Goytacazes (Terceiro Subdistrito); Santa Maria; Morro do Coco; Santo Eduardo; Travessão e Vila Nova de Campos|Campos dos Goytacazes|Norte Fluminense|2025-01-01|365
35655|147|1|2025|8|6|São Francisco de Itabapoana|330475|Interior|3|1|0|4|0|0.0|4|2|0.0|10|0|0|4|0|0|0|0|0|0|0|1|0|0.0|0|0|0.0|0|1|0|0|0|0|0.0|10|10|0|1|0|18|14|0.0|7.0|7.0|2|10.0|2.0|0.0|2.0|15|0|0|0|0|0|111|2025-01|Janeiro|Norte Fluminense e Noroeste|0|São Francisco de Itabapoana; Maniva e Barra Seca|São Francisco de Itabapoana|Norte Fluminense|2025-01-01|365
35656|148|1|2025|29|6|Cardoso Moreira;Italva|999999|Interior|0|0|0|0|0|0.0|0|1|0.0|7|3|2|0|0|0|0|0|0|1|0|0|0|0.0|0|0|0.0|0|1|0|0|0|0|0.0|5|5|0|0|0|9|10|4.0|5.0|1.0|2|5.0|0.0|1.0|0.0|9|0|0|0|0|0|73|2025-01|Janeiro|Norte Fluminense e Noroeste|0|Italva|Italva|Noroeste Fluminense|2025-01-01|365
35657|151|1|2025|11|7|Nova Friburgo|330340|Interior|1|0|0|1|0|0.0|1|2|0.0|99|5|1|31|0|0|0|0|0|0|0|0|0|0.0|0|0|0.0|0|0|10|4|0|8|1.0|50|73|0|3|0|180|57|14.0|39.0|4.0|4|76.0|14.0|6.0|0.0|101|5|1|0|0|0|881|2025-01|Janeiro|Região Serrana|0|Nova Friburgo; São Pedro da Serra; Lumiar; Amparo; Riograndina; Conselheiro Paulino e Campo do Coelho|Nova Friburgo|Serrana|2025-01-01|365
35658|152|1|2025|11|7|Duas Barras|330160|Interior|0|0|0|0|0|0.0|0|0|0.0|5|0|1|0|0|0|0|0|0|0|0|0|0|0.0|0|0|0.0|0|0|0|0|0|1|1.0|3|5|0|0|0|4|0|0.0|0.0|0.0|0|1.0|0.0|0.0|0.0|6|0|0|0|0|0|41|2025-01|Janeiro|Região Serrana|0|Duas Barras e Monnerat|Duas Barras|Serrana|2025-01-01|365
35659|153|1|2025|11|7|Cantagalo|330110|Interior|0|0|0|0|0|0.0|0|0|0.0|7|1|0|3|0|0|0|0|0|0|0|0|0|0.0|0|0|0.0|0|0|1|0|0|2|0.0|3|6|0|0|0|7|6|3.0|2.0|1.0|0|4.0|1.0|2.0|0.0|5|0|0|0|0|0|57|2025-01|Janeiro|Região Serrana|0|Cantagalo; Santa Rita da Floresta; Boa Sorte; Euclidelândia e São Sebastião do Paraíba|Cantagalo|Serrana|2025-01-01|365
35660|154|1|2025|11|7|Cordeiro;Macuco|999999|Interior|0|0|0|0|0|0.0|0|0|0.0|13|4|0|3|0|0|0|0|0|0|0|0|0|0.0|0|0|0.0|0|0|0|0|0|1|1.0|14|16|0|0|0|23|8|4.0|4.0|0.0|0|7.0|1.0|2.0|0.0|30|2|0|0|0|0|133|2025-01|Janeiro|Região Serrana|0|Cordeiro|Cordeiro|Serrana|2025-01-01|365
35661|155|1|2025|36|6|São Sebastião do Alto|330530|Interior|0|0|0|0|0|0.0|0|0|0.0|2|0|0|0|0|0|0|0|0|0|0|0|0|0.0|0|0|0.0|0|0|0|0|0|0|0.0|0|0|0|0|0|0|1|1.0|0.0|0.0|0|0.0|0.0|0.0|0.0|5|0|0|0|0|0|15|2025-01|Janeiro|Norte Fluminense e Noroeste|0|São Sebastião do Alto; Valão do Barro e Ipituna|São Sebastião do Alto|Serrana|2025-01-01|365
35662|156|1|2025|11|7|Santa Maria Madalena|330460|Interior|0|0|0|0|0|0.0|0|0|0.0|2|1|0|0|0|0|0|0|0|0|0|0|0|0.0|0|0|0.0|0|0|0|0|0|0|0.0|4|4|0|0|0|5|0|0.0|0.0|0.0|0|0.0|0.0|0.0|0.0|5|1|0|0|0|0|31|2025-01|Janeiro|Região Serrana|0|Santa Maria Madalena; Doutor Loreti; Renascença; Santo Antônio do Imbé; Sossego e Triunfo|Santa Maria Madalena|Serrana|2025-01-01|365
35663|157|1|2025|11|7|Trajano de Morais|330590|Interior|0|0|0|0|0|0.0|0|0|0.0|2|1|0|0|0|0|0|0|0|0|0|0|0|0.0|0|0|0.0|0|0|0|0|0|0|0.0|2|2|0|0|0|0|1|0.0|1.0|0.0|0|0.0|0.0|1.0|0.0|5|0|0|0|0|0|28|2025-01|Janeiro|Região Serrana|0|Trajano de Moraes; Doutor Elias; Sodrelândia; Vila da Grama e Visconde de Imbé|Trajano de Moraes|Serrana|2025-01-01|365
35664|158|1|2025|11|7|Bom Jardim|330050|Interior|0|0|0|0|0|0.0|0|0|0.0|14|2|0|4|0|0|0|0|0|0|0|0|0|0.0|0|0|0.0|0|0|0|0|0|0|0.0|2|2|0|0|0|13|8|4.0|3.0|2.0|0|5.0|3.0|1.0|0.0|16|0|1|0|0|0|90|2025-01|Janeiro|Região Serrana|0|Bom Jardim; Banquete; Barra Alegre e São José do Ribeirão|Bom Jardim|Serrana|2025-01-01|365
35665|159|1|2025|35|4|Cachoeiras de Macacu|330080|Interior|0|0|0|0|0|0.0|0|0|0.0|12|1|3|13|1|0|0|1|0|2|0|0|0|0.0|0|0|0.0|1|4|1|1|0|0|1.0|9|12|0|0|0|22|17|8.0|6.0|4.0|2|9.0|3.0|3.0|0.0|15|2|0|0|0|0|129|2025-01|Janeiro|Grande Niterói e Região dos Lagos|0|Cachoeiras de Macacu; Japuíba e Subaio|Cachoeiras de Macacu|Metropolitana|2025-01-01|365
35666|165|1|2025|33|5|Mangaratiba|330260|Interior|0|0|0|0|0|0.0|0|0|1.0|33|5|1|10|0|2|0|2|0|0|0|0|0|0.0|0|0|0.0|1|3|17|1|1|11|0.0|20|50|0|0|0|37|4|1.0|3.0|0.0|1|15.0|0.0|7.0|0.0|37|2|1|0|0|0|259|2025-01|Janeiro|Sul Fluminense|0|Mangaratiba; Conceição de Jacareí; Vila Muriquí; Itacuruçá|Mangaratiba|Costa Verde|2025-01-01|365
35667|166|1|2025|33|5|Angra dos Reis|330010|Interior|1|0|0|1|0|0.0|1|1|0.0|69|6|3|23|2|0|1|3|0|0|0|1|0|0.0|0|0|0.0|1|5|8|9|0|39|1.0|62|119|0|1|0|100|45|14.0|28.0|3.0|5|62.0|9.0|12.0|1.0|79|6|0|0|0|0|691|2025-01|Janeiro|Sul Fluminense|0|Angra dos Reis; Jacuecanga; Cunhambebe; Mambucaba; Abraão e Praia de Araçatiba|Angra dos Reis|Costa Verde|2025-01-01|365
35668|167|1|2025|43|5|Paraty|330380|Interior|1|0|0|1|0|0.0|1|4|1.0|24|2|2|3|0|0|0|0|0|0|0|0|0|0.0|0|0|0.0|0|0|0|2|1|6|2.0|19|30|0|2|0|16|29|5.0|23.0|1.0|1|29.0|5.0|2.0|0.0|13|0|0|0|0|0|259|2025-01|Janeiro|Sul Fluminense|0|Paraty; Paraty-Mirim e Tarituba|Paraty|Costa Verde|2025-01-01|365
35669|168|1|2025|28|5|Rio Claro|330440|Interior|0|0|0|0|0|0.0|0|0|1.0|1|0|5|13|0|0|0|0|0|0|0|0|0|0.0|0|0|0.0|1|1|0|0|0|0|1.0|2|3|0|0|0|5|6|3.0|2.0|1.0|0|4.0|0.0|0.0|0.0|3|0|0|0|0|0|52|2025-01|Janeiro|Sul Fluminense|0|Rio Claro; Getulândia; Lídice; Passa Três e São João Marcos|Rio Claro|Médio Paraíba|2025-01-01|365
35670|1|2|2025|5|1|Rio de Janeiro|330455|Capital|0|0|0|0|0|0.0|0|0|0.0|14|0|0|10|115|51|2|168|0|1|3|0|0|1.0|0|0|0.0|1|174|1|349|19|309|3.0|96|777|0|3|0|102|8|6.0|1.0|1.0|0|20.0|2.0|10.0|4.0|16|3|1|0|0|0|1334|2025-02|Fevereiro|Capital (Zona Sul, Centro e parte da Norte)|0|Centro (parte)|Rio de Janeiro|Metropolitana|2025-02-01|365
35671|4|2|2025|5|1|Rio de Janeiro|330455|Capital|1|0|0|1|0|0.0|1|0|0.0|21|1|3|11|27|28|6|61|0|1|1|0|0|0.0|0|0|0.0|9|72|10|54|23|97|2.0|58|244|0|1|0|31|12|2.0|10.0|0.0|2|23.0|6.0|10.0|3.0|15|6|0|0|0|0|590|2025-02|Fevereiro|Capital (Zona Sul, Centro e parte da Norte)|0|Centro (parte); Gamboa; Santo Cristo e Saúde|Rio de Janeiro|Metropolitana|2025-02-01|365
35672|5|2|2025|5|1|Rio de Janeiro|330455|Capital|0|0|0|0|0|0.0|0|0|0.0|53|11|4|10|110|86|4|200|5|0|4|0|0|0.0|0|0|0.0|13|222|19|112|8|372|9.0|170|690|0|2|0|136|6|4.0|2.0|0.0|4|43.0|11.0|19.0|5.0|40|6|1|0|0|0|1594|2025-02|Fevereiro|Capital (Zona Sul, Centro e parte da Norte)|0|Centro (parte); Lapa e Paquetá|Rio de Janeiro|Metropolitana|2025-02-01|365
35673|6|2|2025|4|1|Rio de Janeiro|330455|Capital|0|0|0|0|0|0.0|0|0|0.0|35|4|1|43|25|15|12|52|19|4|1|0|0|0.0|0|0|0.0|11|87|11|21|11|62|0.0|86|191|0|2|0|48|2|1.0|0.0|1.0|20|15.0|1.0|1.0|3.0|19|5|0|0|0|0|627|2025-02|Fevereiro|Capital (Zona Sul, Centro e parte da Norte)|0|Catumbi; Cidade Nova; Estácio; Rio Comprido e Centro (parte)|Rio de Janeiro|Metropolitana|2025-02-01|365
35674|7|2|2025|5|1|Rio de Janeiro|330455|Capital|0|0|0|0|0|1.0|1|0|0.0|14|0|0|3|17|10|6|33|3|0|0|1|0|0.0|0|0|0.0|5|42|7|19|1|39|1.0|45|112|0|1|0|28|5|1.0|2.0|2.0|6|4.0|0.0|1.0|1.0|15|1|1|0|0|0|321|2025-02|Fevereiro|Capital (Zona Sul, Centro e parte da Norte)|0|Santa Teresa|Rio de Janeiro|Metropolitana|2025-02-01|365
35675|9|2|2025|2|1|Rio de Janeiro|330455|Capital|3|0|0|3|0|0.0|3|1|0.0|42|0|2|23|138|99|8|245|13|0|0|0|0|0.0|0|0|7.0|24|289|18|113|15|571|20.0|139|876|0|6|0|158|9|7.0|2.0|0.0|2|33.0|7.0|4.0|3.0|42|5|0|0|0|0|1808|2025-02|Fevereiro|Capital (Zona Sul, Centro e parte da Norte)|0|Catete; Cosme Velho; Flamengo; Glória e Laranjeiras|Rio de Janeiro|Metropolitana|2025-02-01|365
35676|10|2|2025|2|1|Rio de Janeiro|330455|Capital|2|0|0|2|1|0.0|3|0|0.0|22|2|0|17|48|64|7|119|11|0|5|0|0|0.0|0|0|18.0|15|168|15|24|25|169|19.0|217|469|0|3|0|152|2|1.0|1.0|0.0|4|32.0|17.0|6.0|1.0|37|2|0|0|0|0|1146|2025-02|Fevereiro|Capital (Zona Sul, Centro e parte da Norte)|0|Botafogo; Humaitá e Urca|Rio de Janeiro|Metropolitana|2025-02-01|365
35677|11|2|2025|23|1|Rio de Janeiro|330455|Capital|1|0|0|1|0|0.0|1|0|0.0|9|1|1|5|0|1|0|1|0|0|0|0|0|0.0|0|0|0.0|0|1|1|3|0|8|0.0|7|19|0|0|0|17|0|0.0|0.0|0.0|0|2.0|0.0|2.0|0.0|12|3|0|0|0|0|107|2025-02|Fevereiro|Capital (Zona Sul, Centro e parte da Norte)|0|Rocinha|Rio de Janeiro|Metropolitana|2025-02-01|365
35678|12|2|2025|19|1|Rio de Janeiro|330455|Capital|0|0|0|0|0|0.0|0|1|0.0|41|1|0|7|9|7|1|17|1|0|1|1|0|0.0|0|0|0.0|6|26|20|58|8|118|31.0|175|410|0|3|0|210|4|2.0|2.0|0.0|6|26.0|14.0|5.0|2.0|51|4|0|0|0|0|1061|2025-02|Fevereiro|Capital (Zona Sul, Centro e parte da Norte)|0|Copacabana (parte) e Leme|Rio de Janeiro|Metropolitana|2025-02-01|365
35679|13|2|2025|19|1|Rio de Janeiro|330455|Capital|0|0|1|1|0|0.0|1|0|0.0|17|0|0|8|9|9|0|18|0|1|1|2|0|0.0|0|0|0.0|1|23|13|20|4|54|10.0|100|201|0|1|0|86|4|2.0|2.0|0.0|1|12.0|3.0|1.0|0.0|20|2|0|0|0|0|552|2025-02|Fevereiro|Capital (Zona Sul, Centro e parte da Norte)|0|Copacabana (parte)|Rio de Janeiro|Metropolitana|2025-02-01|365
35680|14|2|2025|23|1|Rio de Janeiro|330455|Capital|0|0|0|0|1|0.0|1|1|0.0|23|1|0|7|25|29|1|55|3|0|1|2|0|0.0|0|0|2.0|7|70|73|48|8|201|56.0|183|569|0|4|0|153|9|6.0|3.0|0.0|5|37.0|14.0|10.0|4.0|23|8|0|0|0|0|1169|2025-02|Fevereiro|Capital (Zona Sul, Centro e parte da Norte)|0|Ipanema e Leblon|Rio de Janeiro|Metropolitana|2025-02-01|365
35681|15|2|2025|23|1|Rio de Janeiro|330455|Capital|0|0|0|0|1|0.0|1|0|0.0|26|1|1|10|10|14|1|25|4|0|0|1|0|0.0|0|0|2.0|9|41|7|13|17|60|7.0|83|187|0|1|0|133|5|4.0|1.0|0.0|4|18.0|2.0|6.0|1.0|17|3|0|0|0|0|638|2025-02|Fevereiro|Capital (Zona Sul, Centro e parte da Norte)|0|Gávea; Jardim Botânico; Lagoa; São Conrado e Vidigal|Rio de Janeiro|Metropolitana|2025-02-01|365
35682|16|2|2025|31|2|Rio de Janeiro|330455|Capital|1|0|0|1|1|0.0|2|4|0.0|59|5|6|50|73|42|23|138|17|0|1|0|0|0.0|0|0|2.0|33|191|45|25|41|176|17.0|279|583|0|6|0|387|14|10.0|3.0|2.0|14|81.0|52.0|18.0|12.0|76|10|0|0|0|0|2031|2025-02|Fevereiro|Capital (Zona Oeste e parte da Norte)|0|Barra da Tijuca; Itanhangá; Joá|Rio de Janeiro|Metropolitana|2025-02-01|365
35683|17|2|2025|4|1|Rio de Janeiro|330455|Capital|0|0|0|0|0|0.0|0|1|0.0|48|2|1|27|27|22|17|66|14|4|1|0|0|0.0|0|0|0.0|25|110|15|10|9|37|1.0|117|189|0|1|0|79|3|1.0|2.0|0.0|12|9.0|1.0|7.0|4.0|29|5|0|0|0|0|746|2025-02|Fevereiro|Capital (Zona Sul, Centro e parte da Norte)|0|Caju; Mangueira; São Cristóvão e Vasco da Gama|Rio de Janeiro|Metropolitana|2025-02-01|365
35684|18|2|2025|6|1|Rio de Janeiro|330455|Capital|0|1|0|1|0|0.0|1|0|0.0|27|0|0|19|57|50|29|136|26|2|2|1|0|0.0|0|0|1.0|14|182|6|36|24|104|5.0|91|266|0|3|0|89|0|0.0|0.0|0.0|9|15.0|3.0|1.0|2.0|28|0|0|0|0|0|870|2025-02|Fevereiro|Capital (Zona Sul, Centro e parte da Norte)|0|Maracanã; Praça da Bandeira e Tijuca (parte)|Rio de Janeiro|Metropolitana|2025-02-01|365
35685|19|2|2025|6|1|Rio de Janeiro|330455|Capital|1|0|0|1|0|0.0|1|0|0.0|47|2|0|21|58|45|10|113|26|0|3|0|0|0.0|0|0|0.0|15|157|4|25|27|57|8.0|154|275|0|3|0|183|2|2.0|0.0|0.0|3|46.0|5.0|8.0|5.0|41|6|0|0|0|0|1056|2025-02|Fevereiro|Capital (Zona Sul, Centro e parte da Norte)|0|Alto da Boa Vista e Tijuca (parte)|Rio de Janeiro|Metropolitana|2025-02-01|365
35686|20|2|2025|6|1|Rio de Janeiro|330455|Capital|1|0|0|1|0|0.0|1|3|0.0|44|2|0|11|26|38|6|70|31|0|2|0|0|0.0|0|0|0.0|13|116|7|15|9|22|1.0|92|146|0|5|0|122|3|2.0|1.0|0.0|7|19.0|0.0|7.0|6.0|39|0|1|0|0|0|737|2025-02|Fevereiro|Capital (Zona Sul, Centro e parte da Norte)|0|Andaraí; Grajaú e Vila Isabel|Rio de Janeiro|Metropolitana|2025-02-01|365
35687|21|2|2025|22|1|Rio de Janeiro|330455|Capital|6|0|2|8|1|1.0|10|0|0.0|74|4|4|62|44|29|17|90|47|27|1|0|0|0.0|0|1|0.0|29|195|26|15|26|32|0.0|154|253|0|5|0|189|14|5.0|7.0|2.0|162|54.0|4.0|32.0|4.0|60|9|5|0|0|0|1350|2025-02|Fevereiro|Capital (Zona Sul, Centro e parte da Norte)|0|Benfica; Bonsucesso; Higienópolis; Manguinhos; Maré e Ramos|Rio de Janeiro|Metropolitana|2025-02-01|365
35688|22|2|2025|16|1|Rio de Janeiro|330455|Capital|5|0|0|5|1|0.0|6|1|0.0|51|2|2|29|39|17|5|61|33|20|0|0|0|0.0|0|0|0.0|6|120|32|7|14|17|1.0|99|170|0|0|0|110|9|1.0|7.0|1.0|42|26.0|1.0|4.0|0.0|40|2|0|0|0|0|842|2025-02|Fevereiro|Capital (Zona Sul, Centro e parte da Norte)|0|Brás de Pina (parte); Olaria; Penha e Penha Circular (parte)|Rio de Janeiro|Metropolitana|2025-02-01|365
35689|23|2|2025|3|1|Rio de Janeiro|330455|Capital|0|0|0|0|1|0.0|1|0|0.0|22|1|0|13|17|14|7|38|19|1|0|1|0|0.0|0|0|0.0|7|66|15|8|10|19|1.0|79|132|0|3|1|92|1|0.0|1.0|0.0|7|17.0|1.0|6.0|0.0|27|5|0|0|0|0|560|2025-02|Fevereiro|Capital (Zona Sul, Centro e parte da Norte)|0|Cachambi; Méier (parte) e Todos os Santos (parte)|Rio de Janeiro|Metropolitana|2025-02-01|365
35690|24|2|2025|3|1|Rio de Janeiro|330455|Capital|0|0|0|0|0|0.0|0|0|0.0|47|1|1|21|33|40|18|91|59|4|0|0|0|0.0|0|3|0.0|20|177|8|8|19|41|2.0|75|153|0|0|0|105|3|0.0|3.0|0.0|5|24.0|0.0|1.0|0.0|44|3|1|0|0|0|734|2025-02|Fevereiro|Capital (Zona Sul, Centro e parte da Norte)|0|Abolição; Água Santa (parte); Encantado; Engenho de Dentro (parte); Pilares e Piedade|Rio de Janeiro|Metropolitana|2025-02-01|365
35691|25|2|2025|3|1|Rio de Janeiro|330455|Capital|0|0|0|0|1|0.0|1|4|0.0|31|1|0|23|22|28|16|66|32|0|1|0|0|0.0|0|0|1.0|18|118|8|9|16|39|1.0|70|143|0|1|1|97|14|7.0|3.0|5.0|39|15.0|0.0|17.0|4.0|35|5|0|0|0|0|740|2025-02|Fevereiro|Capital (Zona Sul, Centro e parte da Norte)|0|Engenho Novo; Jacaré; Jacarezinho; Riachuelo; Rocha; Sampaio e São Francisco Xavier|Rio de Janeiro|Metropolitana|2025-02-01|365
35692|26|2|2025|3|1|Rio de Janeiro|330455|Capital|1|0|0|1|0|0.0|1|0|0.0|34|1|0|30|35|38|14|87|44|2|0|1|0|0.0|0|0|0.0|32|166|6|7|17|41|0.0|99|170|0|3|0|134|7|2.0|2.0|3.0|33|34.0|4.0|6.0|0.0|27|4|0|0|0|0|814|2025-02|Fevereiro|Capital (Zona Sul, Centro e parte da Norte)|0|Água Santa (parte); Engenho de Dentro (parte); Lins de Vasconcelos e Todos os Santos|Rio de Janeiro|Metropolitana|2025-02-01|365
35693|27|2|2025|41|2|Rio de Janeiro|330455|Capital|0|0|0|0|1|0.0|1|2|0.0|62|4|2|26|69|39|10|118|106|4|3|0|0|0.0|0|3|0.0|21|255|33|8|15|22|3.0|71|152|0|2|0|142|5|2.0|3.0|0.0|41|24.0|2.0|12.0|0.0|51|6|0|0|0|0|987|2025-02|Fevereiro|Capital (Zona Oeste e parte da Norte)|0|Colégio (parte); Irajá; Vicente de Carvalho; Vila Kosmos; Vila da Penha e Vista Alegre|Rio de Janeiro|Metropolitana|2025-02-01|365
35694|28|2|2025|18|2|Rio de Janeiro|330455|Capital|1|0|0|1|0|0.0|1|3|0.0|41|3|1|10|24|13|0|37|36|0|3|1|0|0.0|0|0|1.0|11|89|10|3|11|18|0.0|64|106|0|6|0|111|4|1.0|3.0|0.0|21|21.0|2.0|6.0|0.0|51|4|0|0|0|0|672|2025-02|Fevereiro|Capital (Zona Oeste e parte da Norte)|0|Vila Valqueire; Praça Seca e Tanque (parte)|Rio de Janeiro|Metropolitana|2025-02-01|365
35695|29|2|2025|9|2|Rio de Janeiro|330455|Capital|8|0|0|8|4|0.0|12|4|0.0|86|3|1|34|115|83|28|226|81|3|5|1|0|0.0|0|0|0.0|20|336|29|28|33|63|0.0|133|286|0|3|0|177|4|0.0|4.0|0.0|56|40.0|5.0|8.0|2.0|55|4|2|0|0|0|1367|2025-02|Fevereiro|Capital (Zona Oeste e parte da Norte)|0|Cavalcanti; Engenheiro Leal; Madureira; Turiaçu; Vaz Lobo; Oswaldo Cruz (parte); Cascadura e Quintino Bocaiúva|Rio de Janeiro|Metropolitana|2025-02-01|365
35696|30|2|2025|9|2|Rio de Janeiro|330455|Capital|1|0|0|1|0|0.0|1|2|0.0|53|0|0|5|36|44|19|99|39|0|0|1|0|0.0|1|0|0.0|8|148|17|5|5|23|0.0|59|109|0|2|0|93|2|0.0|2.0|0.0|8|13.0|2.0|1.0|0.0|77|4|0|0|0|0|671|2025-02|Fevereiro|Capital (Zona Oeste e parte da Norte)|0|Bento Ribeiro; Campinho; Marechal Hermes e Oswaldo Cruz (parte)|Rio de Janeiro|Metropolitana|2025-02-01|365
35697|31|2|2025|41|2|Rio de Janeiro|330455|Capital|2|0|0|2|0|1.0|3|3|0.0|38|2|0|13|22|33|15|70|42|7|0|1|0|0.0|0|0|0.0|11|131|21|4|1|18|3.0|21|68|0|1|0|59|8|0.0|7.0|1.0|42|19.0|0.0|4.0|1.0|44|3|0|0|0|0|530|2025-02|Fevereiro|Capital (Zona Oeste e parte da Norte)|0|Anchieta; Guadalupe; Parque Anchieta e Ricardo de Albuquerque|Rio de Janeiro|Metropolitana|2025-02-01|365
35698|32|2|2025|18|2|Rio de Janeiro|330455|Capital|5|0|0|5|4|0.0|9|9|2.0|114|10|8|82|100|86|13|199|78|2|3|0|0|0.0|0|0|0.0|14|296|37|61|36|117|2.0|186|439|0|6|2|503|7|1.0|4.0|2.0|39|59.0|7.0|12.0|2.0|177|10|1|0|0|0|2362|2025-02|Fevereiro|Capital (Zona Oeste e parte da Norte)|0|Anil; Cidade de Deus; Curicica; Gardênia Azul; Jacarepaguá e Taquara|Rio de Janeiro|Metropolitana|2025-02-01|365
35699|33|2|2025|14|2|Rio de Janeiro|330455|Capital|2|1|0|3|4|0.0|7|2|2.0|89|4|4|50|8|84|13|105|43|11|1|1|0|0.0|0|1|0.0|4|166|19|6|7|43|3.0|73|151|0|5|0|214|0|0.0|0.0|0.0|17|32.0|0.0|6.0|0.0|79|6|0|0|0|0|1085|2025-02|Fevereiro|Capital (Zona Oeste e parte da Norte)|0|Campo dos Afonsos; Deodoro; Jardim Sulacap; Magalhães Bastos; Realengo e Vila Militar|Rio de Janeiro|Metropolitana|2025-02-01|365
35700|34|2|2025|14|2|Rio de Janeiro|330455|Capital|9|0|0|9|4|0.0|13|6|1.0|148|4|7|49|42|40|9|91|65|5|1|2|0|0.0|0|2|0.0|6|172|17|17|6|38|4.0|115|197|0|2|0|282|43|3.0|21.0|19.0|47|65.0|0.0|14.0|1.0|124|14|2|0|0|0|1454|2025-02|Fevereiro|Capital (Zona Oeste e parte da Norte)|0|Bangu; Gericinó; Padre Miguel e Senador Camará|Rio de Janeiro|Metropolitana|2025-02-01|365
35701|35|2|2025|40|2|Rio de Janeiro|330455|Capital|5|0|0|5|0|0.0|5|8|2.0|263|11|2|97|45|31|4|80|36|9|5|1|0|0.0|0|0|0.0|19|150|48|16|11|69|6.0|269|419|0|9|0|283|9|4.0|4.0|1.0|29|128.0|3.0|18.0|0.0|235|19|0|0|0|0|2188|2025-02|Fevereiro|Capital (Zona Oeste e parte da Norte)|0|Campo Grande; Cosmos; Inhoaíba; Santíssimo e Senador Vasconcelos|Rio de Janeiro|Metropolitana|2025-02-01|365
35702|36|2|2025|27|2|Rio de Janeiro|330455|Capital|4|1|0|5|0|1.0|6|7|0.0|169|23|5|29|22|17|4|43|6|1|2|0|0|0.0|0|0|0.0|5|57|13|9|5|23|0.0|72|122|0|11|0|213|1|0.0|1.0|0.0|16|46.0|2.0|8.0|0.0|144|16|2|0|0|0|1125|2025-02|Fevereiro|Capital (Zona Oeste e parte da Norte)|0|Paciência e Santa Cruz|Rio de Janeiro|Metropolitana|2025-02-01|365
35703|37|2|2025|17|1|Rio de Janeiro|330455|Capital|3|0|0|3|2|1.0|6|0|0.0|65|3|4|29|8|5|1|14|8|1|2|0|0|0.0|0|0|0.0|7|32|17|7|7|18|4.0|70|123|0|4|0|119|30|5.0|6.0|19.0|22|21.0|6.0|10.0|4.0|41|1|1|0|0|0|819|2025-02|Fevereiro|Capital (Zona Sul, Centro e parte da Norte)|0|Bancários; Cacuia; Cidade Universitária; Cocotá; Freguesia; Galeão; Jardim Carioca; Jardim Guanabara; Moneró; Pitangueiras; Portuguesa; Praia da Bandeira; Ribeira; Tauá e Zumbi|Rio de Janeiro|Metropolitana|2025-02-01|365
35704|38|2|2025|16|1|Rio de Janeiro|330455|Capital|2|0|0|2|2|0.0|4|10|0.0|53|5|1|26|37|18|2|57|87|19|0|0|0|0.0|0|0|0.0|18|181|14|2|2|7|1.0|46|72|0|1|0|79|6|0.0|5.0|1.0|89|20.0|0.0|7.0|1.0|48|4|0|0|0|0|738|2025-02|Fevereiro|Capital (Zona Sul, Centro e parte da Norte)|0|Brás de Pina (parte); Cordovil; Jardim América; Parada de Lucas;Penha Circular (parte) e Vigário Geral|Rio de Janeiro|Metropolitana|2025-02-01|365
35705|39|2|2025|41|2|Rio de Janeiro|330455|Capital|3|0|0|3|4|0.0|7|6|1.0|57|1|4|33|49|31|21|101|101|7|1|1|0|0.0|0|0|0.0|38|249|10|17|7|24|1.0|66|125|0|1|0|121|8|0.0|6.0|2.0|74|29.0|2.0|3.0|1.0|54|4|0|0|0|0|917|2025-02|Fevereiro|Capital (Zona Oeste e parte da Norte)|0|Acari; Barros Filho; Costa Barros; Parque Colúmbia e Pavuna|Rio de Janeiro|Metropolitana|2025-02-01|365
35706|40|2|2025|9|2|Rio de Janeiro|330455|Capital|3|0|0|3|0|0.0|3|0|1.0|47|2|0|18|33|44|7|84|49|3|1|0|0|0.0|0|0|0.0|6|143|13|2|1|12|0.0|45|73|0|4|0|64|2|0.0|2.0|0.0|22|17.0|0.0|4.0|0.0|45|3|0|0|0|0|516|2025-02|Fevereiro|Capital (Zona Oeste e parte da Norte)|0|Coelho Neto; Colégio (parte); Honório Gurgel e Rocha Miranda|Rio de Janeiro|Metropolitana|2025-02-01|365
35707|41|2|2025|18|2|Rio de Janeiro|330455|Capital|0|0|0|0|5|0.0|5|1|0.0|33|3|0|24|27|16|1|44|24|0|0|0|0|0.0|0|0|0.0|8|76|18|7|7|24|2.0|69|127|0|4|0|171|1|0.0|1.0|0.0|12|13.0|1.0|3.0|1.0|38|3|2|0|0|0|775|2025-02|Fevereiro|Capital (Zona Oeste e parte da Norte)|0|Freguesia (Jacarepaguá); Pechincha e Tanque (parte)|Rio de Janeiro|Metropolitana|2025-02-01|365
35708|42|2|2025|31|2|Rio de Janeiro|330455|Capital|5|0|0|5|0|0.0|5|3|0.0|80|2|6|45|41|29|2|72|18|0|3|1|0|0.0|0|0|0.0|15|109|67|14|15|47|6.0|147|296|0|9|0|304|50|44.0|4.0|2.0|7|30.0|3.0|9.0|4.0|70|8|0|0|0|0|1419|2025-02|Fevereiro|Capital (Zona Oeste e parte da Norte)|0|Recreio dos Bandeirantes; Barra de Guaratiba; Camorim; Grumari; Vargem Grande e Vargem Pequena|Rio de Janeiro|Metropolitana|2025-02-01|365
35709|43|2|2025|27|2|Rio de Janeiro|330455|Capital|2|0|0|2|0|0.0|2|1|0.0|87|9|1|37|26|16|0|42|7|1|1|2|0|0.0|0|0|0.0|2|55|9|4|3|23|3.0|34|76|0|1|0|114|0|0.0|0.0|0.0|17|29.0|0.0|3.0|0.0|111|10|0|0|0|0|724|2025-02|Fevereiro|Capital (Zona Oeste e parte da Norte)|0|Guaratiba; Pedra de Guaratiba e Sepetiba|Rio de Janeiro|Metropolitana|2025-02-01|365
35710|44|2|2025|3|1|Rio de Janeiro|330455|Capital|0|0|0|0|0|0.0|0|7|0.0|32|3|2|31|36|18|9|63|30|0|0|0|0|0.0|0|0|0.0|23|116|15|5|10|23|1.0|62|116|0|1|0|91|5|0.0|5.0|0.0|32|22.0|0.0|6.0|1.0|29|2|0|0|0|0|679|2025-02|Fevereiro|Capital (Zona Sul, Centro e parte da Norte)|0|Del Castilho; Engenho da Rainha; Inhaúma; Maria da Graça e Tomás Coelho|Rio de Janeiro|Metropolitana|2025-02-01|365
35711|48|2|2025|24|3|Seropédica|330555|Baixada Fluminense|3|0|0|3|0|0.0|3|0|1.0|27|3|4|14|4|3|0|7|1|4|0|1|0|0.0|0|0|0.0|4|17|3|1|0|2|5.0|19|30|0|1|0|43|5|4.0|1.0|0.0|10|13.0|0.0|4.0|1.0|30|3|0|0|0|0|300|2025-02|Fevereiro|Baixada Fluminense|0|Seropédica|Seropédica|Metropolitana|2025-02-01|365
35712|50|2|2025|24|3|Itaguaí|330200|Baixada Fluminense|1|0|0|1|2|0.0|3|0|0.0|37|4|2|10|10|6|1|17|7|0|1|1|0|0.0|0|1|0.0|2|29|11|3|1|11|2.0|44|72|0|2|0|71|2|1.0|0.0|1.0|18|18.0|0.0|7.0|0.0|41|8|0|0|0|0|449|2025-02|Fevereiro|Baixada Fluminense|0|Itaguaí e Ibituporanga|Itaguaí|Metropolitana|2025-02-01|365
35713|51|2|2025|24|3|Paracambi|330360|Baixada Fluminense|1|0|0|1|0|0.0|1|3|0.0|16|1|1|2|0|0|0|0|1|0|0|0|0|0.0|0|0|0.0|0|1|0|1|0|3|1.0|14|19|0|1|0|35|8|3.0|1.0|4.0|2|6.0|0.0|5.0|1.0|20|2|0|0|0|0|160|2025-02|Fevereiro|Baixada Fluminense|0|Paracambi|Paracambi|Metropolitana|2025-02-01|365
35714|52|2|2025|20|3|Nova Iguaçu|330350|Baixada Fluminense|2|0|1|3|1|0.0|4|1|0.0|64|2|2|36|60|52|3|115|47|3|3|0|0|0.0|1|0|0.0|12|181|41|16|5|33|9.0|131|235|0|2|0|151|2|1.0|0.0|1.0|28|29.0|3.0|20.0|1.0|81|7|0|0|0|0|1123|2025-02|Fevereiro|Baixada Fluminense|0|Centro|Nova Iguaçu|Metropolitana|2025-02-01|365
35715|53|2|2025|20|3|Mesquita|330285|Baixada Fluminense|1|0|0|1|0|1.0|2|5|0.0|94|5|0|13|32|13|3|48|24|3|0|2|0|0.0|0|1|0.0|10|88|27|2|1|8|2.0|51|91|0|2|0|73|10|0.0|6.0|4.0|17|30.0|1.0|4.0|0.0|81|7|1|0|0|0|592|2025-02|Fevereiro|Baixada Fluminense|0|Mesquita; Chatuba e Banco de Areia|Mesquita|Metropolitana|2025-02-01|365
35716|54|2|2025|39|3|Belford Roxo|330045|Baixada Fluminense|4|0|0|4|4|0.0|8|3|2.0|132|9|0|30|75|58|7|140|122|16|0|4|0|0.0|0|0|0.0|20|302|28|15|3|7|3.0|86|142|0|15|0|214|14|2.0|11.0|1.0|117|53.0|6.0|16.0|1.0|126|14|2|0|0|0|1404|2025-02|Fevereiro|Baixada Fluminense|0|Areia Branca; Jardim Redentor; Parque São José; Nova Aurora e Lote XV|Belford Roxo|Metropolitana|2025-02-01|365
35717|55|2|2025|24|3|Queimados|330414|Baixada Fluminense|3|0|0|3|2|0.0|5|3|0.0|73|4|2|10|16|5|0|21|6|1|2|1|0|0.0|0|1|0.0|0|32|15|3|1|4|0.0|40|63|0|1|0|71|5|1.0|4.0|0.0|3|27.0|0.0|11.0|0.0|67|4|0|0|0|0|479|2025-02|Fevereiro|Baixada Fluminense|0|Centro; Norte; Sul. Leste; Oeste e Nordeste|Queimados|Metropolitana|2025-02-01|365
35718|56|2|2025|20|3|Nova Iguaçu|330350|Baixada Fluminense|7|0|0|7|1|0.0|8|4|1.0|115|8|1|14|43|33|0|76|28|6|0|0|0|0.0|0|0|0.0|10|120|22|3|2|4|3.0|49|83|0|4|0|98|2|0.0|2.0|0.0|21|20.0|1.0|7.0|0.0|107|15|0|0|0|0|768|2025-02|Fevereiro|Baixada Fluminense|0|Comendador Soares; Cabuçú e Km32|Nova Iguaçu|Metropolitana|2025-02-01|365
35719|57|2|2025|20|3|Nilópolis|330320|Baixada Fluminense|2|0|0|2|0|0.0|2|1|1.0|66|3|1|16|25|15|1|41|33|0|2|0|0|0.0|0|1|0.0|3|80|18|5|2|10|4.0|61|100|0|6|0|91|2|1.0|0.0|1.0|10|18.0|1.0|4.0|0.0|56|10|0|0|0|0|613|2025-02|Fevereiro|Baixada Fluminense|0|Nilópolis e Olinda|Nilópolis|Metropolitana|2025-02-01|365
35720|58|2|2025|20|3|Nova Iguaçu|330350|Baixada Fluminense|14|0|0|14|2|0.0|16|8|3.0|152|14|6|40|36|34|3|73|58|7|1|2|0|0.0|0|0|0.0|11|152|29|3|1|13|3.0|57|106|0|3|0|127|4|2.0|2.0|0.0|19|64.0|0.0|15.0|1.0|144|14|0|0|0|0|1071|2025-02|Fevereiro|Baixada Fluminense|0|Posse; Austin; Miguel Couto; Vila de Cava e Tinguá|Nova Iguaçu|Metropolitana|2025-02-01|365
35721|59|2|2025|15|3|Duque de Caxias|330170|Baixada Fluminense|1|0|0|1|2|0.0|3|28|2.0|122|11|2|40|111|94|20|225|169|38|1|3|0|0.0|0|1|0.0|24|461|26|35|8|53|1.0|181|304|0|1|0|184|7|1.0|6.0|0.0|257|56.0|9.0|35.0|1.0|95|14|0|1|0|1|1975|2025-02|Fevereiro|Baixada Fluminense|1|Duque de Caxias (Centro)|Duque de Caxias|Metropolitana|2025-02-01|365
35722|60|2|2025|15|3|Duque de Caxias|330170|Baixada Fluminense|14|0|0|14|7|0.0|21|19|0.0|65|6|3|25|32|30|4|66|104|25|1|1|0|0.0|0|0|1.0|17|215|10|4|3|3|2.0|48|70|0|2|1|112|20|0.0|19.0|1.0|43|75.0|5.0|24.0|1.0|65|4|3|0|0|0|922|2025-02|Fevereiro|Baixada Fluminense|0|Campos Elyseos|Duque de Caxias|Metropolitana|2025-02-01|365
35723|61|2|2025|15|3|Duque de Caxias|330170|Baixada Fluminense|0|0|0|0|0|0.0|0|0|0.0|19|2|0|10|1|2|0|3|9|3|0|1|0|0.0|0|0|0.0|2|18|2|0|0|5|0.0|11|18|0|1|0|33|2|1.0|1.0|0.0|5|5.0|0.0|2.0|0.0|31|3|0|0|0|0|184|2025-02|Fevereiro|Baixada Fluminense|0|Xerém|Duque de Caxias|Metropolitana|2025-02-01|365
35724|62|2|2025|15|3|Duque de Caxias|330170|Baixada Fluminense|2|0|0|2|0|0.0|2|1|0.0|38|3|0|17|21|14|2|37|40|0|0|1|0|0.0|0|0|0.0|9|87|9|1|0|8|1.0|27|46|0|3|0|60|7|1.0|6.0|0.0|29|20.0|3.0|3.0|0.0|39|4|1|0|0|0|408|2025-02|Fevereiro|Baixada Fluminense|0|Imbariê|Duque de Caxias|Metropolitana|2025-02-01|365
35725|63|2|2025|24|3|Japeri|330227|Baixada Fluminense|1|0|0|1|2|0.0|3|3|0.0|59|2|0|5|7|4|0|11|2|0|0|1|0|0.0|0|0|0.0|1|15|7|2|1|4|0.0|24|38|0|1|0|44|4|2.0|2.0|0.0|3|9.0|0.0|5.0|0.0|33|0|0|0|0|0|301|2025-02|Fevereiro|Baixada Fluminense|0|Japeri; Engenheiro Pedreira; Marajoara; Pedra Lisa e Rio D`Ouro|Japeri|Metropolitana|2025-02-01|365
35726|64|2|2025|21|3|São João de Meriti|330510|Baixada Fluminense|10|0|0|10|3|1.0|14|11|0.0|122|14|3|34|82|43|20|145|147|22|0|2|0|0.0|0|1|0.0|39|356|64|10|8|20|0.0|142|244|0|5|0|263|24|4.0|18.0|2.0|119|56.0|11.0|14.0|0.0|125|19|3|0|0|0|1872|2025-02|Fevereiro|Baixada Fluminense|0|São João de Meriti; Coelho da Rocha e São Mateus|São João de Meriti|Metropolitana|2025-02-01|365
35727|65|2|2025|34|3|Magé|330250|Baixada Fluminense|0|0|0|0|1|0.0|1|1|0.0|34|2|1|9|0|1|0|1|3|2|1|1|0|0.0|0|0|0.0|0|8|4|2|1|4|1.0|18|30|0|1|0|41|15|2.0|11.0|2.0|5|25.0|1.0|5.0|0.0|43|3|1|0|0|0|284|2025-02|Fevereiro|Baixada Fluminense|0|Magé; Santo Aleixo e Suruí|Magé|Metropolitana|2025-02-01|365
35728|66|2|2025|34|3|Magé|330250|Baixada Fluminense|1|0|0|1|0|0.0|1|2|2.0|71|3|0|11|9|7|0|16|17|2|1|1|0|1.0|0|0|1.0|4|43|14|3|1|9|4.0|52|83|0|1|1|84|2|1.0|0.0|1.0|6|22.0|0.0|7.0|1.0|87|6|0|0|0|0|600|2025-02|Fevereiro|Baixada Fluminense|0|Inhomirim e Guia de Copaíba|Magé|Metropolitana|2025-02-01|365
35729|67|2|2025|34|3|Guapimirim|330185|Baixada Fluminense|0|0|0|0|0|0.0|0|6|0.0|23|2|1|5|0|2|0|2|7|0|3|2|0|0.0|0|0|1.0|1|16|2|0|0|1|1.0|26|30|0|1|0|29|36|29.0|7.0|2.0|4|19.0|1.0|4.0|0.0|35|2|0|0|0|0|265|2025-02|Fevereiro|Baixada Fluminense|0|Guapimirim|Guapimirim|Metropolitana|2025-02-01|365
35730|70|2|2025|35|4|Tanguá|330575|Interior|0|0|0|0|0|1.0|1|0|0.0|11|3|0|3|1|0|0|1|0|0|0|0|0|0.0|0|0|0.0|0|1|1|0|0|1|1.0|14|17|0|0|0|7|1|0.0|1.0|0.0|0|2.0|0.0|3.0|0.0|11|0|0|0|0|0|91|2025-02|Fevereiro|Grande Niterói e Região dos Lagos|0|Tanguá|Tanguá|Metropolitana|2025-02-01|365
35731|71|2|2025|35|4|Itaboraí|330190|Interior|1|0|0|1|1|0.0|2|0|0.0|50|4|4|34|8|7|1|16|25|6|1|1|0|0.0|0|0|0.0|2|51|25|3|0|8|0.0|59|95|0|5|2|76|29|12.0|14.0|3.0|27|32.0|6.0|7.0|0.0|41|5|0|0|0|0|538|2025-02|Fevereiro|Grande Niterói e Região dos Lagos|0|Itaboraí; Cabuçú; Itambí; Porto das Caixas e Sambaetiba|Itaboraí|Metropolitana|2025-02-01|365
35732|72|2|2025|7|4|São Gonçalo|330490|Grande Niterói|1|0|0|1|0|0.0|1|1|0.0|69|3|5|27|26|19|0|45|53|16|4|0|0|0.0|0|1|1.0|7|127|45|18|8|27|3.0|145|246|0|5|0|147|5|2.0|3.0|0.0|58|39.0|0.0|7.0|0.0|56|7|0|0|0|0|1053|2025-02|Fevereiro|Grande Niterói e Região dos Lagos|0|São Gonçalo|São Gonçalo|Metropolitana|2025-02-01|365
35733|73|2|2025|7|4|São Gonçalo|330490|Grande Niterói|0|0|0|0|0|0.0|0|2|0.0|51|2|0|14|46|8|0|54|55|7|1|0|0|0.0|0|0|0.0|10|127|33|7|1|4|0.0|48|93|0|4|0|69|5|0.0|5.0|0.0|33|35.0|2.0|14.0|4.0|36|7|1|0|0|0|567|2025-02|Fevereiro|Grande Niterói e Região dos Lagos|0|Neves|São Gonçalo|Metropolitana|2025-02-01|365
35734|74|2|2025|7|4|São Gonçalo|330490|Grande Niterói|2|0|0|2|1|0.0|3|11|0.0|46|2|2|18|25|30|1|56|71|6|4|1|0|0.0|0|2|0.0|12|152|38|9|3|21|0.0|75|146|0|4|0|102|4|0.0|3.0|1.0|10|13.0|4.0|9.0|0.0|39|5|0|0|0|0|692|2025-02|Fevereiro|Grande Niterói e Região dos Lagos|0|Monjolo|São Gonçalo|Metropolitana|2025-02-01|365
35735|75|2|2025|7|4|São Gonçalo|330490|Grande Niterói|1|0|1|2|0|0.0|2|4|0.0|39|2|3|24|18|7|1|26|28|3|0|0|0|0.0|0|0|0.0|3|60|18|8|1|5|0.0|39|71|0|3|0|64|10|1.0|6.0|3.0|32|13.0|2.0|3.0|0.0|43|3|0|0|0|0|424|2025-02|Fevereiro|Grande Niterói e Região dos Lagos|0|Ipiiba e Sete Pontes|São Gonçalo|Metropolitana|2025-02-01|365
35736|76|2|2025|12|4|Niterói|330330|Grande Niterói|2|0|0|2|1|0.0|3|0|0.0|48|1|0|16|24|15|1|40|5|1|2|0|0|0.0|0|0|0.0|3|51|16|25|22|107|26.0|120|316|0|6|0|165|7|0.0|6.0|1.0|17|36.0|5.0|15.0|3.0|53|2|0|0|0|0|938|2025-02|Fevereiro|Grande Niterói e Região dos Lagos|0|Centro; Ponta da Areia; Ilha da Conceição; São Lourenço; Fátima; Morro do Estado; Ingá; São Domingos; Gragoatá e Boa Viagem|Niterói|Metropolitana|2025-02-01|365
35737|77|2|2025|12|4|Niterói|330330|Grande Niterói|0|0|0|0|3|1.0|4|0|0.0|47|4|2|24|9|12|0|21|2|0|1|1|0|0.0|0|0|2.0|0|27|4|6|5|28|33.0|83|159|0|1|0|184|3|0.0|3.0|0.0|3|13.0|2.0|5.0|0.0|28|3|0|0|0|0|758|2025-02|Fevereiro|Grande Niterói e Região dos Lagos|0|Santa Rosa; Icaraí; Vital Brasil; Pé Pequeno; Viradouro e Cubango|Niterói|Metropolitana|2025-02-01|365
35738|78|2|2025|12|4|Niterói|330330|Grande Niterói|0|0|0|0|0|0.0|0|3|0.0|30|4|1|20|15|12|0|27|21|0|1|1|0|0.0|0|0|0.0|8|58|17|0|3|22|0.0|65|107|0|2|0|78|10|5.0|5.0|0.0|7|15.0|4.0|2.0|0.0|37|5|0|0|0|0|535|2025-02|Fevereiro|Grande Niterói e Região dos Lagos|0|Fonseca; Viçoso Jardim; Caramujo; Baldeador; Santa Bárbara; Tenente Jardim; Engenhoca; Santana e Barreto|Niterói|Metropolitana|2025-02-01|365
35739|79|2|2025|12|4|Niterói|330330|Grande Niterói|1|0|0|1|1|0.0|2|1|0.0|35|2|1|22|8|2|1|11|5|0|1|0|0|0.0|0|0|0.0|3|20|8|1|1|6|3.0|33|52|0|1|0|50|5|1.0|3.0|1.0|9|17.0|1.0|2.0|0.0|26|3|0|0|0|0|324|2025-02|Fevereiro|Grande Niterói e Região dos Lagos|0|Jurujuba; Charitas; São Francisco; Cachoeiras; Maceió; Largo da Batalha; Ititioca; Badu; Sapê; Matapaca; Vila Progresso; Muriqui; Maria Paula e Cantagalo|Niterói|Metropolitana|2025-02-01|365
35740|81|2|2025|12|4|Niterói|330330|Grande Niterói|0|0|0|0|1|0.0|1|0|0.0|30|4|0|43|8|4|1|13|8|2|2|1|0|1.0|0|0|0.0|1|28|10|0|0|11|0.0|47|68|0|1|0|72|4|0.0|3.0|1.0|9|15.0|0.0|3.0|0.0|34|0|1|0|0|0|472|2025-02|Fevereiro|Grande Niterói e Região dos Lagos|0|Itaipu; Camboinhas; Itacoatiara; Piratininga; Cafubá; Jacaré; Rio do Ouro; Engenho do Mato; Várzea das Moças e Jardim Imbuí|Niterói|Metropolitana|2025-02-01|365
35741|82|2|2025|12|4|Maricá|330270|Grande Niterói|1|0|0|1|0|0.0|1|1|2.0|116|11|2|38|17|2|0|19|9|0|0|3|0|0.0|0|0|0.0|2|33|13|6|0|15|6.0|110|150|0|7|0|195|12|1.0|11.0|0.0|6|38.0|0.0|9.0|1.0|114|11|1|0|0|0|1048|2025-02|Fevereiro|Grande Niterói e Região dos Lagos|0|Maricá e Inoã|Maricá|Metropolitana|2025-02-01|365
35742|88|2|2025|10|5|Barra do Pirai|330030|Interior|0|0|0|0|0|0.0|0|2|1.0|29|2|3|14|0|0|0|0|0|0|0|1|0|0.0|0|0|0.0|1|2|0|2|0|4|1.0|21|28|0|2|0|35|38|9.0|18.0|11.0|2|33.0|2.0|7.0|0.0|50|2|0|0|0|0|372|2025-02|Fevereiro|Sul Fluminense|0|Barra do Piraí; Dorandia; Ipiabas; São José do Turvo e Vargem Alegre|Barra do Piraí|Médio Paraíba|2025-02-01|365
35743|89|2|2025|37|5|Resende|330420|Interior|2|0|0|2|0|0.0|2|0|1.0|22|2|0|5|0|0|0|0|0|0|0|0|0|0.0|0|0|0.0|2|2|1|0|2|7|3.0|38|51|0|4|0|96|32|14.0|15.0|6.0|4|45.0|8.0|11.0|2.0|32|4|0|0|0|0|481|2025-02|Fevereiro|Sul Fluminense|0|Resende; Engenheiro Passos; Agulhas Negras; Pedra Selada e Fumaça|Resende|Médio Paraíba|2025-02-01|365
35744|90|2|2025|28|5|Barra Mansa|330040|Interior|5|1|0|6|1|0.0|7|4|0.0|38|3|3|22|2|1|0|3|4|0|0|1|0|0.0|0|0|0.0|1|9|3|3|1|11|0.0|41|59|0|3|0|78|24|2.0|21.0|1.0|5|55.0|7.0|14.0|1.0|51|2|0|0|0|1|572|2025-02|Fevereiro|Sul Fluminense|1|Antonio Rocha; Floriano; Nossa Senhora do Amparo; Rialto e Regiões Administrativas I; II; III; IV; V; VI; VII; VIII; IX; X; XI; XII; XIII; XIV|Barra Mansa|Médio Paraíba|2025-02-01|365
35745|91|2|2025|10|5|Valença|330610|Interior|1|0|0|1|0|0.0|1|3|0.0|48|1|0|7|0|0|0|0|0|0|0|2|0|0.0|0|0|0.0|0|2|3|1|0|2|0.0|21|27|0|0|0|17|24|14.0|11.0|0.0|5|26.0|0.0|7.0|0.0|31|2|0|0|0|0|229|2025-02|Fevereiro|Sul Fluminense|0|Valença; Barão de Juparana; Conservatória; Parapeúna; Pentagna e Santa Isabel do Rio Preto|Valença|Médio Paraíba|2025-02-01|365
35746|92|2|2025|10|5|Rio das Flores|330450|Interior|0|0|0|0|0|0.0|0|0|0.0|10|0|0|2|1|0|0|1|0|0|0|0|0|0.0|0|0|0.0|0|1|0|0|0|0|0.0|5|5|0|0|0|4|2|1.0|1.0|0.0|0|2.0|0.0|1.0|0.0|3|0|0|0|0|0|42|2025-02|Fevereiro|Sul Fluminense|0|Rio das Flores; Manuel Duarte; Abarracamento e Taboas|Rio das Flores|Médio Paraíba|2025-02-01|365
35747|93|2|2025|28|5|Volta Redonda|330630|Interior|6|0|0|6|0|0.0|6|3|0.0|97|6|2|25|6|0|1|7|2|0|2|0|0|0.0|0|0|0.0|3|14|13|2|0|17|7.0|115|154|0|1|0|236|66|39.0|19.0|8.0|15|60.0|8.0|27.0|4.0|118|6|1|0|0|0|1368|2025-02|Fevereiro|Sul Fluminense|0|Volta Redonda|Volta Redonda|Médio Paraíba|2025-02-01|365
35748|94|2|2025|10|5|Piraí|330400|Interior|0|0|0|0|0|0.0|0|1|0.0|19|1|0|2|0|0|0|0|0|0|0|0|0|0.0|0|0|0.0|1|1|1|0|0|0|0.0|11|12|0|1|0|6|11|7.0|4.0|0.0|0|18.0|2.0|9.0|0.0|11|0|0|0|0|0|110|2025-02|Fevereiro|Sul Fluminense|0|Piraí; Arrozal; Monumento e Santanésia|Piraí|Médio Paraíba|2025-02-01|365
35749|95|2|2025|10|5|Vassouras|330620|Interior|2|0|0|2|0|0.0|2|2|0.0|20|3|0|8|0|0|0|0|0|0|0|0|0|0.0|0|0|0.0|0|0|0|0|0|0|0.0|6|6|0|0|0|12|13|8.0|5.0|0.0|0|9.0|1.0|6.0|0.0|29|1|0|0|0|0|130|2025-02|Fevereiro|Sul Fluminense|0|Vassouras; Andrade Pinto; São Sebastião dos Ferreiros e Sebastião de Lacerda|Vassouras|Centro-Sul Fluminense|2025-02-01|365
35750|96|2|2025|10|5|Miguel Pereira;Paty dos Alferes|999999|Interior|1|0|0|1|1|0.0|2|2|0.0|33|1|0|9|1|0|0|1|0|0|0|0|0|0.0|0|0|0.0|0|1|6|0|0|3|0.0|15|24|0|0|0|32|25|19.0|4.0|2.0|1|17.0|0.0|11.0|0.0|56|2|0|0|0|0|326|2025-02|Fevereiro|Sul Fluminense|0|Miguel Pereira; Governador Portela e Conrado|Miguel Pereira|Centro-Sul Fluminense|2025-02-01|365
35751|97|2|2025|10|5|Mendes|330280|Interior|0|1|0|1|0|0.0|1|0|0.0|8|1|0|0|0|0|0|0|0|0|0|0|0|0.0|0|0|0.0|0|0|0|0|0|0|0.0|7|7|0|0|0|15|5|3.0|2.0|0.0|0|12.0|2.0|3.0|1.0|7|3|0|0|0|0|98|2025-02|Fevereiro|Sul Fluminense|0|Mendes|Mendes|Centro-Sul Fluminense|2025-02-01|365
35752|98|2|2025|10|5|Engenheiro Paulo de Frontin|330180|Interior|0|0|0|0|0|0.0|0|1|0.0|3|0|0|0|0|0|0|0|0|0|0|0|0|0.0|0|0|0.0|0|0|0|0|0|0|0.0|4|4|0|0|0|6|6|5.0|1.0|0.0|0|2.0|0.0|1.0|0.0|9|0|0|0|0|0|54|2025-02|Fevereiro|Sul Fluminense|0|Engenheiro Paulo de Frontin e Sacra Família do Tinguá|Engenheiro Paulo de Frontin|Centro-Sul Fluminense|2025-02-01|365
35753|99|2|2025|37|5|Itatiaia|330225|Interior|1|0|0|1|1|0.0|2|0|0.0|21|0|2|2|0|0|0|0|0|0|1|0|0|0.0|0|0|0.0|0|1|1|0|0|0|0.0|13|14|0|0|0|8|12|7.0|4.0|1.0|3|12.0|0.0|5.0|1.0|14|0|0|0|0|0|147|2025-02|Fevereiro|Sul Fluminense|0|Itatiaia|Itatiaia|Médio Paraíba|2025-02-01|365
35754|100|2|2025|37|5|Porto Real;Quatis|999999|Interior|2|0|0|2|0|0.0|2|7|0.0|8|1|0|2|0|0|0|0|0|0|0|0|0|0.0|0|0|0.0|0|0|1|0|0|2|0.0|9|12|0|0|0|16|20|2.0|18.0|1.0|0|19.0|7.0|4.0|1.0|13|0|0|0|0|0|124|2025-02|Fevereiro|Sul Fluminense|0|Porto Real|Porto Real|Médio Paraíba|2025-02-01|365
35755|101|2|2025|28|5|Pinheiral|330395|Interior|0|0|0|0|0|0.0|0|0|0.0|16|1|0|0|0|0|0|0|0|0|0|0|0|0.0|0|0|0.0|0|0|0|0|0|1|0.0|4|5|0|0|0|6|16|8.0|7.0|2.0|0|9.0|1.0|3.0|0.0|15|0|0|0|0|0|96|2025-02|Fevereiro|Sul Fluminense|0|Pinheiral|Pinheiral|Médio Paraíba|2025-02-01|365
35756|104|2|2025|30|7|São José do Vale do Rio Preto|330515|Interior|2|0|0|2|0|0.0|2|0|0.0|6|0|0|0|0|0|0|0|0|0|0|0|0|0.0|0|0|0.0|0|0|1|0|0|0|0.0|5|6|0|0|0|3|9|6.0|3.0|0.0|0|4.0|0.0|3.0|0.0|7|1|0|0|0|0|52|2025-02|Fevereiro|Região Serrana|0|São José do Vale do Rio Preto|São José do Vale do Rio Preto|Serrana|2025-02-01|365
35757|105|2|2025|26|7|Petrópolis|330390|Interior|2|0|0|2|0|0.0|2|2|2.0|70|13|0|14|1|0|1|2|2|0|1|0|0|0.0|0|0|0.0|0|5|10|3|0|6|1.0|86|106|0|0|0|116|54|6.0|37.0|12.0|6|83.0|11.0|15.0|1.0|88|9|0|0|0|0|756|2025-02|Fevereiro|Região Serrana|0|Petrópolis e Cascatinha|Petrópolis|Metropolitana|2025-02-01|365
35758|106|2|2025|26|7|Petrópolis|330390|Interior|0|0|0|0|0|0.0|0|0|0.0|39|3|1|13|0|0|0|0|0|0|0|0|0|0.0|0|0|0.0|2|2|2|0|0|5|0.0|23|30|0|2|0|72|10|0.0|7.0|3.0|5|30.0|2.0|13.0|0.0|42|2|0|0|0|0|363|2025-02|Fevereiro|Região Serrana|0|Itaipava; Pedro do Rio e Posse|Petrópolis|Metropolitana|2025-02-01|365
35759|107|2|2025|38|7|Paraíba do Sul|330370|Interior|0|0|0|0|0|0.0|0|0|0.0|28|0|0|1|0|0|0|0|0|0|0|0|0|0.0|0|0|0.0|0|0|1|1|0|2|1.0|7|12|0|0|0|19|38|21.0|2.0|15.0|2|9.0|0.0|14.0|3.0|37|1|2|0|0|0|211|2025-02|Fevereiro|Região Serrana|0|Paraíba do Sul; Werneck; Salutaris e Inconfidência|Paraíba do Sul|Centro-Sul Fluminense|2025-02-01|365
35760|108|2|2025|38|7|Comendador Levy Gasparian;Areal;Três Rios|999999|Interior|1|0|0|1|1|0.0|2|2|0.0|59|0|1|3|1|0|1|2|0|0|0|0|0|0.0|0|0|0.0|2|4|3|2|0|7|4.0|53|69|0|1|0|66|31|11.0|8.0|12.0|5|27.0|5.0|23.0|4.0|75|2|0|0|0|0|556|2025-02|Fevereiro|Região Serrana|0|Areal|Areal|Centro-Sul Fluminense|2025-02-01|365
35761|109|2|2025|38|7|Sapucaia|330540|Interior|0|0|0|0|0|0.0|0|0|0.0|6|0|0|5|0|0|0|0|0|0|0|0|0|0.0|0|0|0.0|0|0|2|0|0|0|0.0|4|6|0|0|0|5|21|20.0|1.0|0.0|1|4.0|1.0|8.0|0.0|7|0|0|0|0|0|77|2025-02|Fevereiro|Região Serrana|0|Sapucaia; Anta; Pião; Nossa Senhora Aparecida e Jamapara|Sapucaia|Centro-Sul Fluminense|2025-02-01|365
35762|110|2|2025|30|7|Teresópolis|330580|Interior|1|0|0|1|0|0.0|1|2|0.0|86|5|0|39|0|1|0|1|0|0|0|1|0|0.0|0|0|0.0|0|2|5|3|0|8|0.0|51|67|0|3|0|117|50|12.0|14.0|25.0|2|49.0|12.0|9.0|0.0|110|2|0|0|0|0|811|2025-02|Fevereiro|Região Serrana|0|Teresópolis; Vale do Bonsucesso e Vale do Paquequer|Teresópolis|Serrana|2025-02-01|365
35763|111|2|2025|30|7|Sumidouro|330570|Interior|0|0|0|0|0|0.0|0|5|0.0|5|2|1|1|0|0|0|0|0|0|0|0|0|0.0|0|0|0.0|0|0|0|0|0|1|0.0|2|3|0|0|0|5|2|2.0|1.0|0.0|0|5.0|2.0|2.0|0.0|12|0|0|0|0|0|62|2025-02|Fevereiro|Região Serrana|0|Sumidouro|Sumidouro|Serrana|2025-02-01|365
35764|112|2|2025|30|7|Carmo|330120|Interior|0|0|0|0|0|0.0|0|0|0.0|12|4|0|0|0|0|0|0|0|0|0|0|0|0.0|0|0|0.0|0|0|0|0|0|0|0.0|6|6|0|0|0|8|5|1.0|4.0|0.0|0|14.0|1.0|6.0|2.0|12|0|0|0|0|0|71|2025-02|Fevereiro|Região Serrana|0|Carmo; Córrego da Prata e Porto Velho do Cunha|Carmo|Serrana|2025-02-01|365
35765|118|2|2025|25|4|Araruama|330020|Interior|8|1|0|9|0|0.0|9|2|1.0|44|4|2|27|8|7|0|15|8|0|1|2|0|0.0|0|0|0.0|6|32|6|0|2|17|0.0|67|92|0|3|1|85|37|1.0|23.0|13.0|7|46.0|13.0|11.0|1.0|57|3|0|0|0|0|669|2025-02|Fevereiro|Grande Niterói e Região dos Lagos|0|Araruama; Morro Grande e São Vicente de Paula|Araruama|Baixadas Litorâneas|2025-02-01|365
35766|119|2|2025|35|4|Rio Bonito|330430|Interior|1|0|0|1|0|0.0|1|0|0.0|23|3|0|4|0|0|0|0|2|0|1|0|0|0.0|0|0|0.0|0|3|8|0|1|4|0.0|18|31|0|2|0|39|7|2.0|4.0|1.0|1|10.0|1.0|2.0|0.0|21|2|0|0|0|0|209|2025-02|Fevereiro|Grande Niterói e Região dos Lagos|0|Rio Bonito e Boa Esperança|Rio Bonito|Metropolitana|2025-02-01|365
35767|120|2|2025|35|4|Silva Jardim|330560|Interior|1|0|0|1|0|1.0|2|0|0.0|7|1|0|4|1|1|0|2|0|0|0|1|0|0.0|0|0|0.0|0|3|0|0|0|1|0.0|3|4|0|0|0|11|1|1.0|0.0|0.0|0|7.0|0.0|1.0|0.0|16|1|0|0|0|0|69|2025-02|Fevereiro|Grande Niterói e Região dos Lagos|0|Silva Jardim; Aldeia Velha; Correntezas e Gaviões|Silva Jardim|Baixadas Litorâneas|2025-02-01|365
35768|121|2|2025|32|6|Casimiro de Abreu|330130|Interior|0|0|0|0|0|0.0|0|0|0.0|20|2|1|2|0|0|0|0|1|0|0|0|0|0.0|0|0|0.0|1|2|1|0|0|2|2.0|8|13|0|2|0|8|23|3.0|8.0|12.0|4|15.0|2.0|3.0|0.0|16|0|0|0|0|0|144|2025-02|Fevereiro|Norte Fluminense e Noroeste|0|Casimiro de Abreu; Professor Souza; Barra de São João e Rio Dourado|Casimiro de Abreu|Baixadas Litorâneas|2025-02-01|365
35769|122|2|2025|32|6|Conceição de Macabú|330140|Interior|2|0|0|2|0|0.0|2|0|0.0|4|1|0|3|0|0|0|0|0|0|0|0|0|0.0|0|0|0.0|1|1|0|0|0|0|0.0|5|5|0|0|0|10|7|2.0|3.0|2.0|1|5.0|0.0|1.0|0.0|6|0|0|0|0|0|68|2025-02|Fevereiro|Norte Fluminense e Noroeste|0|Conceição de Macabú e Macabuzinho|Conceição de Macabú|Norte Fluminense|2025-02-01|365
35770|123|2|2025|32|6|Macaé|330240|Interior|3|0|0|3|0|0.0|3|2|3.0|80|9|3|43|4|4|0|8|5|0|0|0|0|0.0|0|0|0.0|2|15|4|1|0|6|0.0|100|111|0|2|1|260|49|19.0|28.0|8.0|13|88.0|10.0|10.0|0.0|97|10|0|0|0|0|1110|2025-02|Fevereiro|Norte Fluminense e Noroeste|0|Centro; Cabiúnas; Barra de Macaé; Aeroporto e Imboassica|Macaé|Norte Fluminense|2025-02-01|365
35771|124|2|2025|25|4|Saquarema|330550|Interior|3|0|0|3|0|0.0|3|1|0.0|34|2|1|23|0|1|0|1|9|0|0|1|0|0.0|0|0|0.0|3|14|5|1|0|8|3.0|67|84|0|0|0|60|9|1.0|9.0|0.0|7|24.0|1.0|4.0|0.0|57|2|0|0|0|0|489|2025-02|Fevereiro|Grande Niterói e Região dos Lagos|0|Saquarema; Bacaxá e Sampaio Correia|Saquarema|Baixadas Litorâneas|2025-02-01|365
35772|125|2|2025|25|4|São Pedro da Aldeia|330520|Interior|0|0|0|0|1|0.0|1|1|0.0|27|8|1|10|3|3|0|6|2|0|0|0|0|0.0|0|0|0.0|4|12|4|0|2|3|1.0|26|36|0|1|0|46|13|1.0|8.0|5.0|3|14.0|3.0|4.0|0.0|21|2|2|0|0|0|300|2025-02|Fevereiro|Grande Niterói e Região dos Lagos|0|São Pedro da Aldeia|São Pedro da Aldeia|Baixadas Litorâneas|2025-02-01|365
35773|126|2|2025|25|4|Cabo Frio|330070|Interior|5|0|0|5|0|0.0|5|3|0.0|87|12|2|35|12|3|1|16|3|1|1|1|0|0.0|0|0|0.0|1|23|18|13|5|20|2.0|132|190|0|4|0|194|68|3.0|64.0|1.0|14|77.0|10.0|14.0|1.0|92|10|1|0|0|0|1170|2025-02|Fevereiro|Grande Niterói e Região dos Lagos|0|Cabo Frio e Tamoios|Cabo Frio|Baixadas Litorâneas|2025-02-01|365
35774|127|2|2025|25|4|Armação dos Búzios|330023|Interior|0|0|0|0|0|0.0|0|0|0.0|28|1|1|16|0|1|0|1|0|0|0|0|0|0.0|0|0|0.0|0|1|2|1|0|8|3.0|37|51|0|0|0|32|13|0.0|7.0|7.0|2|24.0|2.0|9.0|0.0|28|2|0|0|0|0|339|2025-02|Fevereiro|Grande Niterói e Região dos Lagos|0|Armação dos Búzios|Armação dos Búzios|Baixadas Litorâneas|2025-02-01|365
35775|128|2|2025|32|6|Rio das Ostras|330452|Interior|1|0|0|1|0|0.0|1|1|0.0|65|9|1|40|0|5|0|5|1|0|0|0|0|0.0|0|1|0.0|3|10|14|1|0|9|7.0|75|106|0|2|0|193|44|6.0|35.0|4.0|7|88.0|13.0|8.0|0.0|81|6|0|0|0|0|809|2025-02|Fevereiro|Norte Fluminense e Noroeste|0|Rio das Ostras|Rio das Ostras|Baixadas Litorâneas|2025-02-01|365
35776|129|2|2025|25|4|Iguaba Grande|330187|Interior|0|0|0|0|0|0.0|0|1|0.0|8|2|0|3|0|0|0|0|4|0|0|0|0|0.0|0|0|0.0|2|6|4|0|0|5|2.0|26|37|0|1|0|18|3|2.0|1.0|0.0|1|7.0|0.0|3.0|0.0|12|1|1|0|0|0|157|2025-02|Fevereiro|Grande Niterói e Região dos Lagos|0|Iguaba Grande|Iguaba Grande|Baixadas Litorâneas|2025-02-01|365
35777|130|2|2025|32|6|Quissamã;Carapebus|999999|Interior|1|0|0|1|0|0.0|1|0|0.0|18|0|1|6|0|0|0|0|2|1|0|0|0|0.0|0|0|0.0|1|4|0|0|0|0|0.0|6|6|0|0|0|15|9|3.0|5.0|2.0|2|13.0|0.0|2.0|2.0|15|0|1|0|0|0|129|2025-02|Fevereiro|Norte Fluminense e Noroeste|0|Centro; UB-S; Rodagem; Carapebus e Praia de Carapebus|Carapebus|Norte Fluminense|2025-02-01|365
35778|132|2|2025|25|4|Arraial do Cabo|330025|Interior|0|0|0|0|0|0.0|0|0|1.0|12|1|1|10|1|0|0|1|1|0|0|0|0|0.0|0|0|0.0|0|2|0|2|0|7|0.0|16|25|0|0|0|23|6|2.0|3.0|1.0|3|11.0|0.0|6.0|0.0|21|1|2|0|0|0|186|2025-02|Fevereiro|Grande Niterói e Região dos Lagos|0|Arraial do Cabo|Arraial do Cabo|Baixadas Litorâneas|2025-02-01|365
35779|134|2|2025|8|6|Campos dos Goytacazes|330100|Interior|1|0|0|1|0|0.0|1|7|1.0|106|6|3|10|11|9|0|20|5|1|4|2|0|0.0|0|0|0.0|1|33|5|7|3|19|11.0|124|169|0|6|0|256|123|90.0|21.0|13.0|9|83.0|13.0|15.0|5.0|128|7|1|0|0|0|1211|2025-02|Fevereiro|Norte Fluminense e Noroeste|0|Campos dos Goytacazes (Primeiro Subdistrito; Segundo Subdistrito e Quarto Subdistrito); Ibitioca; Dores de Macabu; Morangaba; Mussurepe; Serrinha; Santo Amaro de Campos; São Sebastião de Campos e Tocos|Campos dos Goytacazes|Norte Fluminense|2025-02-01|365
35780|135|2|2025|36|6|Itaocara|330210|Interior|1|0|0|1|0|0.0|1|2|0.0|5|1|0|2|0|0|0|0|0|0|0|0|0|0.0|0|0|0.0|0|0|0|0|0|1|0.0|7|8|0|2|0|8|6|1.0|5.0|0.0|0|6.0|0.0|6.0|0.0|11|1|0|0|0|0|99|2025-02|Fevereiro|Norte Fluminense e Noroeste|0|Itaocara; Portela; Batatal; Laranjais; Jaguarembe e Estrada Nova|Itaocara|Noroeste Fluminense|2025-02-01|365
35781|136|2|2025|36|6|Santo Antônio de Pádua;Aperibé|999999|Interior|0|0|0|0|0|0.0|0|0|0.0|17|3|2|1|0|0|0|0|0|0|0|0|0|0.0|0|0|0.0|0|0|1|0|0|3|4.0|6|14|0|0|0|12|59|19.0|19.0|21.0|0|16.0|4.0|2.0|1.0|32|1|0|1|0|0|211|2025-02|Fevereiro|Norte Fluminense e Noroeste|0|Aperibé|Aperibé|Noroeste Fluminense|2025-02-01|365
35782|137|2|2025|36|6|Miracema|330300|Interior|0|0|0|0|0|0.0|0|0|0.0|20|2|0|0|0|0|0|0|0|0|0|0|0|0.0|0|0|0.0|0|0|0|0|0|1|0.0|7|8|0|0|0|10|30|20.0|10.0|0.0|1|12.0|0.0|1.0|0.0|13|0|0|0|0|0|120|2025-02|Fevereiro|Norte Fluminense e Noroeste|0|Miracema; Venda das Flores e Paraíso do Tobias|Miracema|Noroeste Fluminense|2025-02-01|365
35783|138|2|2025|29|6|Laje do Muriaé|330230|Interior|1|0|0|1|0|0.0|1|0|0.0|3|0|0|0|0|0|0|0|0|0|0|0|0|0.0|0|0|0.0|0|0|0|0|0|0|0.0|0|0|0|0|0|1|5|4.0|1.0|0.0|0|0.0|0.0|1.0|0.0|2|0|0|0|0|0|23|2025-02|Fevereiro|Norte Fluminense e Noroeste|0|Laje do Muriaé|Laje do Muriaé|Noroeste Fluminense|2025-02-01|365
35784|139|2|2025|29|6|Porciúncula|330410|Interior|0|0|0|0|0|0.0|0|0|0.0|8|0|0|2|0|0|0|0|0|0|0|0|0|0.0|0|0|0.0|0|0|2|0|0|0|2.0|3|7|0|1|0|3|11|7.0|5.0|0.0|2|5.0|0.0|2.0|0.0|17|1|0|0|0|0|73|2025-02|Fevereiro|Norte Fluminense e Noroeste|0|Porciúncula; Purilândia e Santa Clara|Porciúncula|Noroeste Fluminense|2025-02-01|365
35785|140|2|2025|29|6|Natividade;Varre-Sai|999999|Interior|1|0|0|1|0|0.0|1|0|0.0|10|0|0|0|0|0|0|0|0|0|0|0|0|0.0|0|0|0.0|0|0|2|0|0|0|0.0|4|6|0|0|0|8|11|8.0|4.0|0.0|1|10.0|0.0|0.0|0.0|14|1|0|0|0|0|69|2025-02|Fevereiro|Norte Fluminense e Noroeste|0|Natividade; Ourania e Bom Jesus do Querendo|Natividade|Noroeste Fluminense|2025-02-01|365
35786|141|2|2025|8|6|São Fidélis|330480|Interior|0|0|0|0|0|0.0|0|0|0.0|14|3|0|3|1|0|0|1|0|0|0|0|0|0.0|0|0|0.0|1|2|1|0|0|1|0.0|8|10|0|0|0|30|4|2.0|1.0|1.0|0|6.0|0.0|3.0|0.0|39|0|0|0|0|0|175|2025-02|Fevereiro|Norte Fluminense e Noroeste|0|São Fidelis; Cambiasca; Colonia; Ipuca e Pureza|São Fidélis|Norte Fluminense|2025-02-01|365
35787|142|2|2025|36|6|Cambuci|330090|Interior|0|0|0|0|0|0.0|0|0|0.0|4|2|0|0|0|0|0|0|0|0|0|0|0|0.0|0|0|0.0|0|0|0|0|0|0|0.0|1|1|0|0|0|6|11|6.0|5.0|0.0|1|4.0|0.0|0.0|0.0|6|0|0|0|0|0|43|2025-02|Fevereiro|Norte Fluminense e Noroeste|0|Cambuci; Três Irmãos; Funil; Monte Verde e São João do Paraíso|Cambuci|Noroeste Fluminense|2025-02-01|365
35788|143|2|2025|29|6|Itaperuna;São José de Ubá|999999|Interior|2|0|0|2|0|0.0|2|9|0.0|29|8|0|6|1|0|0|1|0|0|0|0|0|0.0|0|0|0.0|1|2|3|0|0|0|0.0|30|33|0|0|0|67|63|37.0|18.0|10.0|1|33.0|3.0|11.0|2.0|48|3|0|0|0|0|371|2025-02|Fevereiro|Norte Fluminense e Noroeste|0|Itaperuna; Boaventura; Nossa Senhora da Penha; Itajara; Retiro do Muriaé; Raposo e Comendador Venâncio|Itaperuna|Noroeste Fluminense|2025-02-01|365
35789|144|2|2025|29|6|Bom Jesus de Itabapoana|330060|Interior|0|0|0|0|0|0.0|0|1|0.0|13|1|0|3|1|0|0|1|0|0|1|0|0|0.0|0|0|0.0|0|2|0|0|0|2|1.0|15|18|0|0|0|19|9|4.0|3.0|2.0|1|4.0|3.0|5.0|0.0|13|1|0|0|0|0|119|2025-02|Fevereiro|Norte Fluminense e Noroeste|0|Bom Jesus de Itabapoana; Carabuçú; Calheiros; Pirapetinga de Bom Jesus; Rosal e Serrinha|Bom Jesus de Itabapoana|Noroeste Fluminense|2025-02-01|365
35790|145|2|2025|8|6|São João da Barra|330500|Interior|1|0|0|1|0|0.0|1|0|0.0|24|0|0|4|1|1|0|2|1|0|1|1|0|0.0|0|0|0.0|0|5|1|1|0|8|0.0|19|29|0|0|0|14|16|5.0|8.0|5.0|1|27.0|1.0|4.0|0.0|21|0|0|0|0|0|162|2025-02|Fevereiro|Norte Fluminense e Noroeste|0|Barcelos; Atafona; São João da Barra; Grussaí; Cajueiro e Pipeiras|São João da Barra|Norte Fluminense|2025-02-01|365
35791|146|2|2025|8|6|Campos dos Goytacazes|330100|Interior|7|0|1|8|0|0.0|8|1|0.0|56|7|3|8|12|2|0|14|3|0|2|2|0|0.0|0|0|0.0|1|22|2|1|0|4|3.0|28|38|0|2|0|38|41|15.0|6.0|20.0|1|38.0|8.0|8.0|2.0|52|4|0|0|0|0|389|2025-02|Fevereiro|Norte Fluminense e Noroeste|0|Campos dos Goytacazes (Terceiro Subdistrito); Santa Maria; Morro do Coco; Santo Eduardo; Travessão e Vila Nova de Campos|Campos dos Goytacazes|Norte Fluminense|2025-02-01|365
35792|147|2|2025|8|6|São Francisco de Itabapoana|330475|Interior|3|0|0|3|0|0.0|3|4|0.0|7|1|1|2|0|1|0|1|2|0|0|0|0|0.0|0|0|0.0|0|3|1|0|0|1|0.0|11|13|0|0|0|14|18|1.0|5.0|12.0|1|13.0|3.0|3.0|2.0|15|0|0|0|0|0|122|2025-02|Fevereiro|Norte Fluminense e Noroeste|0|São Francisco de Itabapoana; Maniva e Barra Seca|São Francisco de Itabapoana|Norte Fluminense|2025-02-01|365
35793|148|2|2025|29|6|Cardoso Moreira;Italva|999999|Interior|0|0|0|0|0|0.0|0|0|0.0|17|1|0|1|0|0|0|0|0|1|0|0|0|0.0|0|0|0.0|0|1|0|0|0|2|0.0|2|4|0|0|0|6|9|2.0|4.0|3.0|0|7.0|0.0|0.0|0.0|19|2|2|0|0|0|83|2025-02|Fevereiro|Norte Fluminense e Noroeste|0|Italva|Italva|Noroeste Fluminense|2025-02-01|365
35794|151|2|2025|11|7|Nova Friburgo|330340|Interior|2|0|0|2|0|0.0|2|4|0.0|96|8|1|37|1|0|0|1|0|0|0|1|0|0.0|0|0|0.0|0|2|2|4|3|7|0.0|39|55|0|2|0|160|45|9.0|31.0|5.0|7|58.0|10.0|4.0|2.0|98|4|2|0|0|0|863|2025-02|Fevereiro|Região Serrana|0|Nova Friburgo; São Pedro da Serra; Lumiar; Amparo; Riograndina; Conselheiro Paulino e Campo do Coelho|Nova Friburgo|Serrana|2025-02-01|365
35795|152|2|2025|11|7|Duas Barras|330160|Interior|0|0|0|0|0|0.0|0|0|0.0|3|0|0|0|0|0|0|0|0|0|0|0|0|0.0|0|0|0.0|0|0|0|0|0|1|0.0|2|3|0|0|0|8|3|1.0|1.0|1.0|0|6.0|1.0|0.0|0.0|12|0|0|0|0|0|51|2025-02|Fevereiro|Região Serrana|0|Duas Barras e Monnerat|Duas Barras|Serrana|2025-02-01|365
35796|153|2|2025|11|7|Cantagalo|330110|Interior|0|0|0|0|0|0.0|0|0|0.0|13|0|0|2|0|0|0|0|0|0|0|0|0|0.0|0|0|0.0|1|1|0|0|0|2|0.0|7|9|0|1|0|8|4|2.0|2.0|0.0|0|3.0|1.0|0.0|0.0|9|1|0|0|0|0|67|2025-02|Fevereiro|Região Serrana|0|Cantagalo; Santa Rita da Floresta; Boa Sorte; Euclidelândia e São Sebastião do Paraíba|Cantagalo|Serrana|2025-02-01|365
35797|154|2|2025|11|7|Cordeiro;Macuco|999999|Interior|0|0|0|0|0|0.0|0|0|0.0|9|1|1|1|0|0|0|0|0|0|2|0|0|0.0|0|0|0.0|0|2|0|0|0|0|0.0|5|5|0|1|0|16|7|2.0|4.0|1.0|0|5.0|1.0|6.0|1.0|14|0|0|0|0|0|107|2025-02|Fevereiro|Região Serrana|0|Cordeiro|Cordeiro|Serrana|2025-02-01|365
35798|155|2|2025|36|6|São Sebastião do Alto|330530|Interior|0|0|0|0|0|0.0|0|0|0.0|3|0|0|0|0|0|0|0|0|0|0|0|0|0.0|0|0|0.0|0|0|0|0|0|0|0.0|1|1|0|0|0|0|0|0.0|0.0|0.0|0|2.0|0.0|0.0|0.0|0|0|0|0|0|0|9|2025-02|Fevereiro|Norte Fluminense e Noroeste|0|São Sebastião do Alto; Valão do Barro e Ipituna|São Sebastião do Alto|Serrana|2025-02-01|365
35799|156|2|2025|11|7|Santa Maria Madalena|330460|Interior|1|0|0|1|0|0.0|1|0|0.0|2|0|0|0|0|0|0|0|0|0|0|0|0|0.0|0|0|0.0|0|0|0|0|0|1|0.0|4|5|0|0|0|2|0|0.0|0.0|0.0|0|0.0|0.0|0.0|0.0|4|0|0|0|0|0|28|2025-02|Fevereiro|Região Serrana|0|Santa Maria Madalena; Doutor Loreti; Renascença; Santo Antônio do Imbé; Sossego e Triunfo|Santa Maria Madalena|Serrana|2025-02-01|365
35800|157|2|2025|11|7|Trajano de Morais|330590|Interior|0|0|0|0|0|0.0|0|0|0.0|3|0|0|2|0|0|0|0|0|0|0|0|0|0.0|0|0|0.0|0|0|0|0|0|0|0.0|0|0|0|0|0|3|3|2.0|1.0|0.0|0|3.0|0.0|0.0|0.0|8|0|0|0|0|0|34|2025-02|Fevereiro|Região Serrana|0|Trajano de Moraes; Doutor Elias; Sodrelândia; Vila da Grama e Visconde de Imbé|Trajano de Moraes|Serrana|2025-02-01|365
35801|158|2|2025|11|7|Bom Jardim|330050|Interior|0|0|0|0|0|0.0|0|0|0.0|7|1|0|6|0|0|0|0|0|0|0|0|0|0.0|0|0|0.0|1|1|2|1|0|1|0.0|3|7|0|0|0|5|7|4.0|3.0|0.0|1|9.0|1.0|1.0|0.0|12|0|0|0|0|0|82|2025-02|Fevereiro|Região Serrana|0|Bom Jardim; Banquete; Barra Alegre e São José do Ribeirão|Bom Jardim|Serrana|2025-02-01|365
35802|159|2|2025|35|4|Cachoeiras de Macacu|330080|Interior|0|0|0|0|0|0.0|0|0|0.0|22|2|0|4|1|0|0|1|2|0|1|0|0|0.0|0|0|0.0|1|5|0|0|0|0|0.0|9|9|0|1|0|24|3|1.0|2.0|0.0|1|4.0|0.0|2.0|1.0|16|0|0|0|0|0|133|2025-02|Fevereiro|Grande Niterói e Região dos Lagos|0|Cachoeiras de Macacu; Japuíba e Subaio|Cachoeiras de Macacu|Metropolitana|2025-02-01|365
35803|165|2|2025|33|5|Mangaratiba|330260|Interior|1|0|0|1|0|0.0|1|0|0.0|36|2|1|3|0|1|0|1|0|0|0|0|0|0.0|0|0|0.0|2|3|6|0|1|2|0.0|16|25|0|1|2|25|14|9.0|5.0|0.0|3|20.0|2.0|5.0|0.0|34|2|1|0|0|0|235|2025-02|Fevereiro|Sul Fluminense|0|Mangaratiba; Conceição de Jacareí; Vila Muriquí; Itacuruçá|Mangaratiba|Costa Verde|2025-02-01|365
35804|166|2|2025|33|5|Angra dos Reis|330010|Interior|6|0|0|6|0|0.0|6|0|0.0|68|6|6|17|0|1|0|1|0|0|0|0|0|0.0|0|0|0.0|1|2|4|6|0|7|3.0|42|62|0|3|0|89|36|12.0|19.0|5.0|4|39.0|7.0|18.0|1.0|67|5|0|0|0|0|564|2025-02|Fevereiro|Sul Fluminense|0|Angra dos Reis; Jacuecanga; Cunhambebe; Mambucaba; Abraão e Praia de Araçatiba|Angra dos Reis|Costa Verde|2025-02-01|365
35805|167|2|2025|43|5|Paraty|330380|Interior|3|0|0|3|1|0.0|4|3|1.0|16|1|2|1|1|0|0|1|0|0|0|0|0|0.0|0|0|0.0|0|1|0|0|0|1|0.0|26|27|0|1|0|13|18|3.0|15.0|0.0|0|21.0|3.0|7.0|0.0|20|0|0|0|0|0|187|2025-02|Fevereiro|Sul Fluminense|0|Paraty; Paraty-Mirim e Tarituba|Paraty|Costa Verde|2025-02-01|365
35806|168|2|2025|28|5|Rio Claro|330440|Interior|1|0|0|1|0|0.0|1|0|0.0|3|0|0|0|0|0|0|0|1|0|0|0|0|0.0|0|0|0.0|0|1|0|0|0|1|0.0|2|3|0|0|0|5|4|3.0|1.0|0.0|0|3.0|0.0|1.0|0.0|6|0|0|0|0|0|55|2025-02|Fevereiro|Sul Fluminense|0|Rio Claro; Getulândia; Lídice; Passa Três e São João Marcos|Rio Claro|Médio Paraíba|2025-02-01|365
35807|1|3|2025|5|1|Rio de Janeiro|330455|Capital|0|0|0|0|0|0.0|0|0|0.0|22|2|0|5|134|81|4|219|2|2|0|0|0|0.0|0|0|0.0|3|226|1|267|21|430|2.0|143|864|0|1|0|102|4|2.0|2.0|0.0|0|34.0|7.0|17.0|7.0|13|4|0|0|0|0|1473|2025-03|Março|Capital (Zona Sul, Centro e parte da Norte)|0|Centro (parte)|Rio de Janeiro|Metropolitana|2025-03-01|365
35808|4|3|2025|5|1|Rio de Janeiro|330455|Capital|0|0|0|0|0|0.0|0|0|0.0|32|1|2|14|47|32|6|85|0|1|0|1|0|0.0|0|0|0.0|12|99|7|77|15|125|3.0|122|349|0|2|0|43|11|3.0|7.0|1.0|3|45.0|3.0|14.0|4.0|15|2|0|0|0|0|765|2025-03|Março|Capital (Zona Sul, Centro e parte da Norte)|0|Centro (parte); Gamboa; Santo Cristo e Saúde|Rio de Janeiro|Metropolitana|2025-03-01|365
35809|5|3|2025|5|1|Rio de Janeiro|330455|Capital|0|0|0|0|0|0.0|0|1|0.0|68|2|0|9|262|157|6|425|1|2|1|1|0|0.0|0|0|1.0|23|454|9|186|10|478|15.0|227|925|0|0|0|156|13|4.0|7.0|2.0|1|60.0|14.0|19.0|11.0|39|4|1|0|0|0|2110|2025-03|Março|Capital (Zona Sul, Centro e parte da Norte)|0|Centro (parte); Lapa e Paquetá|Rio de Janeiro|Metropolitana|2025-03-01|365
35810|6|3|2025|4|1|Rio de Janeiro|330455|Capital|1|0|0|1|0|0.0|1|0|0.0|40|4|2|44|47|24|16|87|10|1|2|1|0|0.0|1|1|0.0|4|107|6|35|14|101|2.0|84|242|0|1|0|46|2|1.0|1.0|0.0|18|22.0|5.0|11.0|0.0|21|2|0|0|0|0|750|2025-03|Março|Capital (Zona Sul, Centro e parte da Norte)|0|Catumbi; Cidade Nova; Estácio; Rio Comprido e Centro (parte)|Rio de Janeiro|Metropolitana|2025-03-01|365
35811|7|3|2025|5|1|Rio de Janeiro|330455|Capital|0|0|0|0|1|0.0|1|0|0.0|22|2|0|0|31|17|0|48|2|0|0|0|0|0.0|0|0|0.0|7|57|7|17|0|78|0.0|47|149|0|0|0|46|4|1.0|1.0|2.0|3|5.0|0.0|2.0|0.0|13|1|0|0|0|0|390|2025-03|Março|Capital (Zona Sul, Centro e parte da Norte)|0|Santa Teresa|Rio de Janeiro|Metropolitana|2025-03-01|365
35812|9|3|2025|2|1|Rio de Janeiro|330455|Capital|0|0|0|0|0|0.0|0|2|0.0|52|0|1|33|124|108|7|239|2|1|5|0|0|0.0|0|0|11.0|5|263|18|164|13|385|21.0|175|776|0|6|0|162|2|1.0|1.0|0.0|5|43.0|21.0|7.0|3.0|35|10|1|0|0|0|1788|2025-03|Março|Capital (Zona Sul, Centro e parte da Norte)|0|Catete; Cosme Velho; Flamengo; Glória e Laranjeiras|Rio de Janeiro|Metropolitana|2025-03-01|365
35813|10|3|2025|2|1|Rio de Janeiro|330455|Capital|1|0|0|1|0|0.0|1|1|0.0|47|2|1|28|59|61|4|124|5|2|3|0|0|0.0|0|0|13.0|21|168|11|29|19|181|13.0|213|466|0|8|0|153|4|3.0|1.0|0.0|5|34.0|13.0|6.0|3.0|28|4|0|0|0|0|1218|2025-03|Março|Capital (Zona Sul, Centro e parte da Norte)|0|Botafogo; Humaitá e Urca|Rio de Janeiro|Metropolitana|2025-03-01|365
35814|11|3|2025|23|1|Rio de Janeiro|330455|Capital|0|0|0|0|0|0.0|0|0|0.0|6|3|1|1|0|0|0|0|0|0|0|0|0|0.0|0|0|0.0|0|0|1|0|0|2|0.0|10|13|0|0|0|17|3|3.0|0.0|0.0|0|0.0|0.0|2.0|0.0|14|2|0|0|0|0|85|2025-03|Março|Capital (Zona Sul, Centro e parte da Norte)|0|Rocinha|Rio de Janeiro|Metropolitana|2025-03-01|365
35815|12|3|2025|19|1|Rio de Janeiro|330455|Capital|0|0|0|0|0|0.0|0|1|0.0|24|3|0|13|21|11|0|32|0|0|0|0|0|0.0|0|0|0.0|3|35|7|63|8|150|28.0|200|456|0|7|0|254|7|1.0|5.0|1.0|3|35.0|5.0|15.0|1.0|44|5|0|0|0|0|1218|2025-03|Março|Capital (Zona Sul, Centro e parte da Norte)|0|Copacabana (parte) e Leme|Rio de Janeiro|Metropolitana|2025-03-01|365
35816|13|3|2025|19|1|Rio de Janeiro|330455|Capital|0|0|0|0|0|0.0|0|0|0.0|19|4|0|9|21|4|0|25|0|0|4|1|0|0.0|0|0|2.0|2|34|1|34|3|70|14.0|118|240|0|2|0|98|3|2.0|1.0|0.0|0|14.0|6.0|3.0|0.0|32|1|0|0|0|0|665|2025-03|Março|Capital (Zona Sul, Centro e parte da Norte)|0|Copacabana (parte)|Rio de Janeiro|Metropolitana|2025-03-01|365
35817|14|3|2025|23|1|Rio de Janeiro|330455|Capital|0|0|0|0|0|0.0|0|0|0.0|23|2|0|10|25|39|2|66|0|0|1|1|0|0.0|0|0|4.0|3|75|27|88|2|353|57.0|202|729|0|4|0|212|9|7.0|2.0|0.0|3|66.0|7.0|10.0|1.0|28|8|0|0|0|0|1388|2025-03|Março|Capital (Zona Sul, Centro e parte da Norte)|0|Ipanema e Leblon|Rio de Janeiro|Metropolitana|2025-03-01|365
35818|15|3|2025|23|1|Rio de Janeiro|330455|Capital|0|0|0|0|0|0.0|0|1|0.0|29|0|1|18|11|13|0|24|0|0|0|0|0|0.0|0|0|2.0|5|31|7|19|5|68|5.0|87|191|0|6|0|138|4|2.0|2.0|0.0|7|19.0|3.0|6.0|0.0|23|4|0|0|0|0|679|2025-03|Março|Capital (Zona Sul, Centro e parte da Norte)|0|Gávea; Jardim Botânico; Lagoa; São Conrado e Vidigal|Rio de Janeiro|Metropolitana|2025-03-01|365
35819|16|3|2025|31|2|Rio de Janeiro|330455|Capital|3|1|0|4|2|0.0|6|5|0.0|89|6|5|59|65|46|10|121|11|0|4|0|0|0.0|0|0|1.0|28|165|44|35|45|208|12.0|331|675|0|10|0|415|12|6.0|6.0|0.0|16|73.0|14.0|26.0|7.0|99|12|1|0|0|0|2220|2025-03|Março|Capital (Zona Oeste e parte da Norte)|0|Barra da Tijuca; Itanhangá; Joá|Rio de Janeiro|Metropolitana|2025-03-01|365
35820|17|3|2025|4|1|Rio de Janeiro|330455|Capital|1|0|0|1|0|0.0|1|1|1.0|25|3|0|28|26|19|22|67|6|1|2|0|0|0.0|0|0|0.0|21|97|11|6|7|35|1.0|203|263|0|3|0|86|6|1.0|5.0|0.0|6|37.0|3.0|7.0|1.0|18|7|0|0|0|0|772|2025-03|Março|Capital (Zona Sul, Centro e parte da Norte)|0|Caju; Mangueira; São Cristóvão e Vasco da Gama|Rio de Janeiro|Metropolitana|2025-03-01|365
35821|18|3|2025|6|1|Rio de Janeiro|330455|Capital|0|0|0|0|0|0.0|0|1|0.0|21|4|1|28|85|135|34|254|16|0|2|1|0|0.0|0|0|0.0|20|293|3|29|34|127|7.0|170|370|0|3|0|77|0|0.0|0.0|0.0|3|43.0|6.0|6.0|0.0|24|1|0|0|0|0|1114|2025-03|Março|Capital (Zona Sul, Centro e parte da Norte)|0|Maracanã; Praça da Bandeira e Tijuca (parte)|Rio de Janeiro|Metropolitana|2025-03-01|365
35822|19|3|2025|6|1|Rio de Janeiro|330455|Capital|0|0|0|0|0|0.0|0|0|0.0|36|1|1|16|58|63|11|132|20|1|7|0|0|0.0|0|0|0.0|8|168|8|23|41|56|2.0|158|288|0|4|0|163|1|1.0|0.0|0.0|5|35.0|5.0|11.0|6.0|39|5|1|0|0|0|1050|2025-03|Março|Capital (Zona Sul, Centro e parte da Norte)|0|Alto da Boa Vista e Tijuca (parte)|Rio de Janeiro|Metropolitana|2025-03-01|365
35823|20|3|2025|6|1|Rio de Janeiro|330455|Capital|1|0|0|1|0|0.0|1|1|0.0|41|3|1|21|49|35|8|92|13|0|2|2|0|0.0|0|0|1.0|16|126|17|17|20|50|1.0|99|204|0|3|1|169|1|0.0|0.0|1.0|8|26.0|8.0|5.0|1.0|39|4|0|0|0|0|913|2025-03|Março|Capital (Zona Sul, Centro e parte da Norte)|0|Andaraí; Grajaú e Vila Isabel|Rio de Janeiro|Metropolitana|2025-03-01|365
35824|21|3|2025|22|1|Rio de Janeiro|330455|Capital|7|0|0|7|1|0.0|8|4|0.0|78|9|4|58|40|38|22|100|36|9|5|1|0|0.0|0|0|0.0|39|190|27|9|25|41|1.0|202|305|0|2|0|140|22|6.0|13.0|3.0|67|83.0|7.0|36.0|6.0|58|12|1|0|0|0|1313|2025-03|Março|Capital (Zona Sul, Centro e parte da Norte)|0|Benfica; Bonsucesso; Higienópolis; Manguinhos; Maré e Ramos|Rio de Janeiro|Metropolitana|2025-03-01|365
35825|22|3|2025|16|1|Rio de Janeiro|330455|Capital|1|0|0|1|0|0.0|1|3|0.0|38|1|2|24|28|18|6|52|17|4|1|0|0|0.0|0|1|0.0|6|81|20|11|8|27|0.0|107|173|0|2|0|100|10|1.0|9.0|0.0|25|37.0|3.0|4.0|1.0|39|3|0|0|0|0|747|2025-03|Março|Capital (Zona Sul, Centro e parte da Norte)|0|Brás de Pina (parte); Olaria; Penha e Penha Circular (parte)|Rio de Janeiro|Metropolitana|2025-03-01|365
35826|23|3|2025|3|1|Rio de Janeiro|330455|Capital|1|1|0|2|0|0.0|2|0|0.0|15|0|1|21|22|21|2|45|8|0|2|0|0|0.0|0|0|0.0|4|59|2|3|0|22|5.0|75|107|0|1|0|94|2|1.0|1.0|0.0|1|14.0|3.0|6.0|1.0|35|3|0|0|0|0|498|2025-03|Março|Capital (Zona Sul, Centro e parte da Norte)|0|Cachambi; Méier (parte) e Todos os Santos (parte)|Rio de Janeiro|Metropolitana|2025-03-01|365
35827|24|3|2025|3|1|Rio de Janeiro|330455|Capital|0|0|0|0|0|0.0|0|0|0.0|41|3|0|19|34|27|6|67|29|1|4|1|0|0.0|0|0|1.0|15|118|3|9|6|33|0.0|77|128|0|1|0|116|3|2.0|1.0|0.0|8|29.0|2.0|5.0|0.0|66|4|1|0|0|0|717|2025-03|Março|Capital (Zona Sul, Centro e parte da Norte)|0|Abolição; Água Santa (parte); Encantado; Engenho de Dentro (parte); Pilares e Piedade|Rio de Janeiro|Metropolitana|2025-03-01|365
35828|25|3|2025|3|1|Rio de Janeiro|330455|Capital|0|0|0|0|0|0.0|0|0|0.0|35|4|1|27|29|33|12|74|10|0|2|0|0|0.0|0|0|0.0|14|100|5|3|28|57|1.0|97|191|1|2|0|110|16|5.0|8.0|3.0|42|36.0|2.0|16.0|4.0|42|1|0|0|0|0|817|2025-03|Março|Capital (Zona Sul, Centro e parte da Norte)|0|Engenho Novo; Jacaré; Jacarezinho; Riachuelo; Rocha; Sampaio e São Francisco Xavier|Rio de Janeiro|Metropolitana|2025-03-01|365
35829|26|3|2025|3|1|Rio de Janeiro|330455|Capital|0|0|0|0|2|0.0|2|0|1.0|40|2|1|24|39|46|6|91|17|0|5|0|0|0.0|0|0|0.0|9|122|3|16|15|30|1.0|93|158|0|6|0|130|6|2.0|1.0|3.0|20|29.0|2.0|7.0|0.0|33|8|0|0|0|0|780|2025-03|Março|Capital (Zona Sul, Centro e parte da Norte)|0|Água Santa (parte); Engenho de Dentro (parte); Lins de Vasconcelos e Todos os Santos|Rio de Janeiro|Metropolitana|2025-03-01|365
35830|27|3|2025|41|2|Rio de Janeiro|330455|Capital|2|1|0|3|0|0.0|3|3|0.0|60|4|2|25|89|73|7|169|71|13|4|0|0|0.0|0|0|0.0|29|286|35|8|5|23|1.0|85|157|0|1|3|168|3|1.0|1.0|1.0|20|22.0|2.0|10.0|2.0|59|9|0|0|0|0|1076|2025-03|Março|Capital (Zona Oeste e parte da Norte)|0|Colégio (parte); Irajá; Vicente de Carvalho; Vila Kosmos; Vila da Penha e Vista Alegre|Rio de Janeiro|Metropolitana|2025-03-01|365
35831|28|3|2025|18|2|Rio de Janeiro|330455|Capital|1|0|0|1|0|0.0|1|1|0.0|37|2|1|9|29|27|3|59|26|0|0|0|0|0.0|0|0|0.0|8|93|8|3|16|24|1.0|38|90|0|2|0|123|0|0.0|0.0|0.0|14|11.0|0.0|3.0|0.0|50|3|0|0|0|0|649|2025-03|Março|Capital (Zona Oeste e parte da Norte)|0|Vila Valqueire; Praça Seca e Tanque (parte)|Rio de Janeiro|Metropolitana|2025-03-01|365
35832|29|3|2025|9|2|Rio de Janeiro|330455|Capital|5|0|0|5|3|0.0|8|1|1.0|75|4|5|30|107|100|13|220|57|7|1|1|0|1.0|1|2|1.0|26|317|31|59|24|74|1.0|129|318|0|8|0|184|4|0.0|2.0|2.0|46|38.0|4.0|15.0|0.0|79|4|1|0|0|0|1442|2025-03|Março|Capital (Zona Oeste e parte da Norte)|0|Cavalcanti; Engenheiro Leal; Madureira; Turiaçu; Vaz Lobo; Oswaldo Cruz (parte); Cascadura e Quintino Bocaiúva|Rio de Janeiro|Metropolitana|2025-03-01|365
35833|30|3|2025|9|2|Rio de Janeiro|330455|Capital|3|1|0|4|0|0.0|4|2|0.0|44|1|0|14|29|48|8|85|38|0|3|0|0|0.0|0|0|0.0|10|136|25|13|6|31|2.0|64|141|0|3|0|105|2|1.0|1.0|0.0|5|26.0|2.0|2.0|0.0|63|6|1|0|0|0|727|2025-03|Março|Capital (Zona Oeste e parte da Norte)|0|Bento Ribeiro; Campinho; Marechal Hermes e Oswaldo Cruz (parte)|Rio de Janeiro|Metropolitana|2025-03-01|365
35834|31|3|2025|41|2|Rio de Janeiro|330455|Capital|2|0|0|2|1|0.0|3|5|1.0|43|8|0|21|33|41|6|80|26|7|2|2|0|0.0|0|0|0.0|11|128|13|2|2|10|1.0|51|79|0|2|0|74|8|0.0|6.0|2.0|19|28.0|3.0|3.0|0.0|47|4|0|0|0|0|552|2025-03|Março|Capital (Zona Oeste e parte da Norte)|0|Anchieta; Guadalupe; Parque Anchieta e Ricardo de Albuquerque|Rio de Janeiro|Metropolitana|2025-03-01|365
35835|32|3|2025|18|2|Rio de Janeiro|330455|Capital|8|0|0|8|4|0.0|12|26|0.0|137|9|6|77|117|74|12|203|50|0|1|3|0|0.0|0|0|1.0|10|268|46|73|51|126|2.0|253|551|0|15|1|566|6|2.0|4.0|0.0|34|64.0|4.0|18.0|2.0|198|18|0|0|0|0|2538|2025-03|Março|Capital (Zona Oeste e parte da Norte)|0|Anil; Cidade de Deus; Curicica; Gardênia Azul; Jacarepaguá e Taquara|Rio de Janeiro|Metropolitana|2025-03-01|365
35836|33|3|2025|14|2|Rio de Janeiro|330455|Capital|3|0|0|3|0|0.0|3|4|1.0|96|3|6|34|15|69|4|88|40|1|0|0|0|0.0|0|0|2.0|8|139|23|8|9|57|6.0|89|192|0|1|0|214|4|0.0|3.0|1.0|15|46.0|2.0|11.0|2.0|72|5|0|0|0|0|1112|2025-03|Março|Capital (Zona Oeste e parte da Norte)|0|Campo dos Afonsos; Deodoro; Jardim Sulacap; Magalhães Bastos; Realengo e Vila Militar|Rio de Janeiro|Metropolitana|2025-03-01|365
35837|34|3|2025|14|2|Rio de Janeiro|330455|Capital|6|1|0|7|0|2.0|9|7|2.0|110|12|2|46|59|39|4|102|52|6|3|0|0|1.0|0|2|0.0|4|170|21|19|5|46|4.0|204|299|0|2|0|261|35|2.0|15.0|18.0|35|85.0|1.0|15.0|3.0|125|14|1|0|0|0|1545|2025-03|Março|Capital (Zona Oeste e parte da Norte)|0|Bangu; Gericinó; Padre Miguel e Senador Camará|Rio de Janeiro|Metropolitana|2025-03-01|365
35838|35|3|2025|40|2|Rio de Janeiro|330455|Capital|7|0|0|7|0|1.0|8|6|1.0|269|20|5|108|45|36|4|85|40|6|4|2|0|0.0|0|1|0.0|20|158|43|14|16|78|5.0|340|496|0|11|1|289|5|4.0|1.0|0.0|23|144.0|2.0|30.0|1.0|216|39|2|0|0|0|2346|2025-03|Março|Capital (Zona Oeste e parte da Norte)|0|Campo Grande; Cosmos; Inhoaíba; Santíssimo e Senador Vasconcelos|Rio de Janeiro|Metropolitana|2025-03-01|365
35839|36|3|2025|27|2|Rio de Janeiro|330455|Capital|6|0|0|6|0|0.0|6|2|3.0|155|12|6|31|21|21|3|45|11|3|5|0|0|0.0|0|0|1.0|6|71|20|7|2|16|3.0|86|134|0|4|0|216|3|0.0|3.0|0.0|13|46.0|0.0|13.0|1.0|169|22|0|0|0|0|1196|2025-03|Março|Capital (Zona Oeste e parte da Norte)|0|Paciência e Santa Cruz|Rio de Janeiro|Metropolitana|2025-03-01|365
35840|37|3|2025|17|1|Rio de Janeiro|330455|Capital|9|0|0|9|3|0.0|12|2|0.0|63|2|4|36|9|3|1|13|3|1|0|0|0|0.0|0|0|0.0|2|19|13|3|3|38|1.0|90|148|0|12|0|117|15|2.0|2.0|11.0|6|31.0|0.0|7.0|1.0|35|11|0|0|0|0|865|2025-03|Março|Capital (Zona Sul, Centro e parte da Norte)|0|Bancários; Cacuia; Cidade Universitária; Cocotá; Freguesia; Galeão; Jardim Carioca; Jardim Guanabara; Moneró; Pitangueiras; Portuguesa; Praia da Bandeira; Ribeira; Tauá e Zumbi|Rio de Janeiro|Metropolitana|2025-03-01|365
35841|38|3|2025|16|1|Rio de Janeiro|330455|Capital|1|0|0|1|0|0.0|1|6|0.0|56|5|1|48|27|14|1|42|22|4|1|0|0|0.0|0|0|0.0|11|80|11|1|2|14|0.0|47|75|0|0|0|89|9|0.0|6.0|3.0|39|32.0|1.0|10.0|2.0|51|8|1|0|0|0|581|2025-03|Março|Capital (Zona Sul, Centro e parte da Norte)|0|Brás de Pina (parte); Cordovil; Jardim América; Parada de Lucas;Penha Circular (parte) e Vigário Geral|Rio de Janeiro|Metropolitana|2025-03-01|365
35842|39|3|2025|41|2|Rio de Janeiro|330455|Capital|7|0|0|7|3|1.0|11|1|0.0|43|4|1|21|66|42|10|118|77|15|0|0|0|0.0|0|0|0.0|30|240|17|16|7|36|0.0|80|156|0|1|0|97|7|0.0|7.0|0.0|47|26.0|1.0|5.0|0.0|46|9|0|1|0|0|877|2025-03|Março|Capital (Zona Oeste e parte da Norte)|0|Acari; Barros Filho; Costa Barros; Parque Colúmbia e Pavuna|Rio de Janeiro|Metropolitana|2025-03-01|365
35843|40|3|2025|9|2|Rio de Janeiro|330455|Capital|1|0|1|2|0|0.0|2|1|0.0|42|0|1|18|37|47|3|87|44|1|0|1|0|0.0|0|0|0.0|12|145|9|6|6|13|1.0|62|97|0|4|0|85|4|0.0|4.0|0.0|28|15.0|2.0|7.0|2.0|43|4|0|0|0|0|594|2025-03|Março|Capital (Zona Oeste e parte da Norte)|0|Coelho Neto; Colégio (parte); Honório Gurgel e Rocha Miranda|Rio de Janeiro|Metropolitana|2025-03-01|365
35844|41|3|2025|18|2|Rio de Janeiro|330455|Capital|3|0|0|3|0|0.0|3|0|0.0|35|2|0|32|28|33|0|61|8|1|2|2|0|0.0|0|1|0.0|3|78|7|9|21|28|1.0|76|142|0|7|0|188|3|0.0|3.0|0.0|8|20.0|0.0|5.0|0.0|53|5|1|0|0|0|847|2025-03|Março|Capital (Zona Oeste e parte da Norte)|0|Freguesia (Jacarepaguá); Pechincha e Tanque (parte)|Rio de Janeiro|Metropolitana|2025-03-01|365
35845|42|3|2025|31|2|Rio de Janeiro|330455|Capital|5|0|1|6|2|0.0|8|8|0.0|96|7|2|30|41|44|2|87|8|0|6|1|0|0.0|0|0|0.0|12|114|36|12|18|54|31.0|158|309|0|12|0|348|28|14.0|10.0|4.0|10|49.0|8.0|12.0|2.0|108|8|0|0|0|0|1445|2025-03|Março|Capital (Zona Oeste e parte da Norte)|0|Recreio dos Bandeirantes; Barra de Guaratiba; Camorim; Grumari; Vargem Grande e Vargem Pequena|Rio de Janeiro|Metropolitana|2025-03-01|365
35846|43|3|2025|27|2|Rio de Janeiro|330455|Capital|3|0|0|3|0|0.0|3|2|1.0|97|6|2|34|30|19|3|52|4|0|1|0|0|0.0|0|0|0.0|0|57|11|4|0|22|3.0|43|83|0|4|0|105|1|0.0|1.0|0.0|13|25.0|1.0|9.0|0.0|95|16|0|0|0|0|691|2025-03|Março|Capital (Zona Oeste e parte da Norte)|0|Guaratiba; Pedra de Guaratiba e Sepetiba|Rio de Janeiro|Metropolitana|2025-03-01|365
35847|44|3|2025|3|1|Rio de Janeiro|330455|Capital|3|0|0|3|0|0.0|3|2|0.0|35|7|1|23|37|45|6|88|19|1|2|0|0|0.0|0|0|0.0|15|125|15|10|7|25|0.0|77|134|0|2|0|97|11|3.0|6.0|2.0|13|25.0|0.0|11.0|0.0|33|6|0|0|1|0|767|2025-03|Março|Capital (Zona Sul, Centro e parte da Norte)|1|Del Castilho; Engenho da Rainha; Inhaúma; Maria da Graça e Tomás Coelho|Rio de Janeiro|Metropolitana|2025-03-01|365
35848|48|3|2025|24|3|Seropédica|330555|Baixada Fluminense|2|0|0|2|0|0.0|2|0|0.0|23|0|1|11|2|5|0|7|3|2|1|2|0|0.0|0|0|0.0|1|16|4|0|0|7|3.0|21|35|0|1|0|50|1|1.0|0.0|0.0|7|21.0|0.0|4.0|0.0|42|4|0|0|0|0|304|2025-03|Março|Baixada Fluminense|0|Seropédica|Seropédica|Metropolitana|2025-03-01|365
35849|50|3|2025|24|3|Itaguaí|330200|Baixada Fluminense|3|0|2|5|0|1.0|6|6|0.0|48|3|2|16|5|3|0|8|10|1|4|0|0|0.0|0|0|0.0|6|29|10|3|0|15|1.0|45|74|0|2|0|69|6|4.0|2.0|0.0|11|36.0|0.0|14.0|1.0|28|10|1|0|0|0|474|2025-03|Março|Baixada Fluminense|0|Itaguaí e Ibituporanga|Itaguaí|Metropolitana|2025-03-01|365
35850|51|3|2025|24|3|Paracambi|330360|Baixada Fluminense|2|0|0|2|0|0.0|2|1|0.0|31|1|3|1|1|0|0|1|1|0|0|0|0|0.0|0|0|0.0|0|2|1|0|0|1|2.0|8|12|0|1|0|30|11|3.0|5.0|3.0|3|12.0|0.0|7.0|0.0|26|3|0|0|0|0|170|2025-03|Março|Baixada Fluminense|0|Paracambi|Paracambi|Metropolitana|2025-03-01|365
35851|52|3|2025|20|3|Nova Iguaçu|330350|Baixada Fluminense|2|0|0|2|0|0.0|2|0|1.0|100|6|0|29|86|72|4|162|36|0|0|1|0|0.0|0|0|0.0|12|211|47|24|5|29|7.0|126|238|0|1|0|159|3|1.0|2.0|0.0|8|44.0|4.0|15.0|2.0|84|5|0|0|0|0|1156|2025-03|Março|Baixada Fluminense|0|Centro|Nova Iguaçu|Metropolitana|2025-03-01|365
35852|53|3|2025|20|3|Mesquita|330285|Baixada Fluminense|2|0|0|2|0|1.0|3|1|2.0|65|4|2|22|48|34|1|83|17|1|2|0|0|0.0|0|0|0.0|4|107|18|5|1|5|6.0|49|84|0|0|0|96|9|1.0|1.0|7.0|12|18.0|0.0|4.0|1.0|61|3|1|0|0|0|579|2025-03|Março|Baixada Fluminense|0|Mesquita; Chatuba e Banco de Areia|Mesquita|Metropolitana|2025-03-01|365
35853|54|3|2025|39|3|Belford Roxo|330045|Baixada Fluminense|10|0|0|10|3|0.0|13|7|1.0|167|23|1|20|91|45|9|145|61|16|0|0|0|0.0|0|0|1.0|9|232|38|14|1|14|4.0|87|158|0|9|1|203|16|0.0|16.0|2.0|91|49.0|8.0|23.0|2.0|180|24|2|0|0|0|1411|2025-03|Março|Baixada Fluminense|0|Areia Branca; Jardim Redentor; Parque São José; Nova Aurora e Lote XV|Belford Roxo|Metropolitana|2025-03-01|365
35854|55|3|2025|24|3|Queimados|330414|Baixada Fluminense|1|0|0|1|2|0.0|3|4|0.0|65|7|1|18|13|7|0|20|1|0|0|0|0|0.0|0|0|0.0|2|23|11|3|0|6|1.0|44|65|0|1|0|67|3|1.0|2.0|0.0|7|24.0|0.0|9.0|0.0|52|5|2|0|0|0|519|2025-03|Março|Baixada Fluminense|0|Centro; Norte; Sul. Leste; Oeste e Nordeste|Queimados|Metropolitana|2025-03-01|365
35855|56|3|2025|20|3|Nova Iguaçu|330350|Baixada Fluminense|2|0|0|2|0|0.0|2|9|1.0|120|8|0|21|40|41|2|83|36|2|2|0|0|0.0|0|0|0.0|10|133|29|4|1|6|0.0|47|87|0|3|0|97|1|0.0|1.0|0.0|11|23.0|0.0|9.0|2.0|93|10|5|0|0|0|767|2025-03|Março|Baixada Fluminense|0|Comendador Soares; Cabuçú e Km32|Nova Iguaçu|Metropolitana|2025-03-01|365
35856|57|3|2025|20|3|Nilópolis|330320|Baixada Fluminense|4|0|0|4|0|0.0|4|3|0.0|83|4|1|13|22|31|1|54|17|1|1|1|0|0.0|0|1|0.0|3|78|17|5|3|57|1.0|102|185|0|9|0|101|6|2.0|3.0|1.0|3|25.0|5.0|6.0|0.0|75|9|0|0|0|0|803|2025-03|Março|Baixada Fluminense|0|Nilópolis e Olinda|Nilópolis|Metropolitana|2025-03-01|365
35857|58|3|2025|20|3|Nova Iguaçu|330350|Baixada Fluminense|15|0|0|15|0|0.0|15|7|1.0|178|13|3|27|52|57|9|118|57|4|1|2|0|0.0|0|0|0.0|20|202|27|1|0|11|2.0|73|114|0|2|0|179|8|2.0|5.0|1.0|16|40.0|1.0|14.0|1.0|143|23|0|0|0|0|1239|2025-03|Março|Baixada Fluminense|0|Posse; Austin; Miguel Couto; Vila de Cava e Tinguá|Nova Iguaçu|Metropolitana|2025-03-01|365
35858|59|3|2025|15|3|Duque de Caxias|330170|Baixada Fluminense|4|0|0|4|2|0.0|6|5|0.0|138|10|2|56|136|101|7|244|71|36|2|0|0|0.0|0|0|0.0|21|374|39|50|6|32|2.0|204|333|0|1|0|233|7|2.0|5.0|0.0|98|66.0|12.0|19.0|0.0|113|15|0|0|0|0|1849|2025-03|Março|Baixada Fluminense|0|Duque de Caxias (Centro)|Duque de Caxias|Metropolitana|2025-03-01|365
35859|60|3|2025|15|3|Duque de Caxias|330170|Baixada Fluminense|9|0|0|9|2|0.0|11|5|0.0|66|4|2|36|30|47|4|81|81|29|1|0|0|0.0|0|0|0.0|18|210|21|2|7|7|3.0|35|75|0|4|0|107|7|3.0|4.0|0.0|18|28.0|2.0|15.0|0.0|80|10|1|0|0|0|828|2025-03|Março|Baixada Fluminense|0|Campos Elyseos|Duque de Caxias|Metropolitana|2025-03-01|365
35860|61|3|2025|15|3|Duque de Caxias|330170|Baixada Fluminense|3|0|0|3|0|0.0|3|3|0.0|29|2|1|3|2|1|0|3|5|0|0|0|0|0.0|0|0|0.0|3|11|1|2|0|1|1.0|9|14|0|0|0|33|1|0.0|0.0|1.0|5|6.0|1.0|5.0|0.0|32|1|0|0|0|0|175|2025-03|Março|Baixada Fluminense|0|Xerém|Duque de Caxias|Metropolitana|2025-03-01|365
35861|62|3|2025|15|3|Duque de Caxias|330170|Baixada Fluminense|1|0|0|1|0|0.0|1|2|0.0|51|7|0|1|19|14|1|34|34|2|0|0|0|0.0|0|0|0.0|4|74|18|2|0|4|2.0|18|44|0|2|0|50|5|1.0|2.0|3.0|8|22.0|0.0|2.0|0.0|43|8|1|0|0|0|372|2025-03|Março|Baixada Fluminense|0|Imbariê|Duque de Caxias|Metropolitana|2025-03-01|365
35862|63|3|2025|24|3|Japeri|330227|Baixada Fluminense|2|0|0|2|3|0.0|5|3|0.0|45|4|0|8|7|7|0|14|3|0|0|1|0|0.0|0|0|0.0|1|19|5|0|0|5|1.0|22|33|0|5|0|59|9|4.0|5.0|0.0|6|18.0|1.0|11.0|0.0|41|4|0|0|0|0|315|2025-03|Março|Baixada Fluminense|0|Japeri; Engenheiro Pedreira; Marajoara; Pedra Lisa e Rio D`Ouro|Japeri|Metropolitana|2025-03-01|365
35863|64|3|2025|21|3|São João de Meriti|330510|Baixada Fluminense|5|0|1|6|13|1.0|20|27|0.0|133|7|3|51|80|52|7|139|69|7|4|2|0|0.0|0|2|0.0|16|239|47|6|2|19|0.0|91|165|0|7|0|182|16|0.0|14.0|2.0|35|65.0|5.0|15.0|0.0|150|20|0|0|0|0|1356|2025-03|Março|Baixada Fluminense|0|São João de Meriti; Coelho da Rocha e São Mateus|São João de Meriti|Metropolitana|2025-03-01|365
35864|65|3|2025|34|3|Magé|330250|Baixada Fluminense|0|0|0|0|1|0.0|1|4|0.0|36|7|1|3|6|4|0|10|5|1|0|0|0|0.0|0|0|0.0|3|19|8|0|1|8|1.0|20|38|0|3|0|42|10|2.0|6.0|2.0|6|23.0|3.0|6.0|0.0|35|3|0|0|0|0|308|2025-03|Março|Baixada Fluminense|0|Magé; Santo Aleixo e Suruí|Magé|Metropolitana|2025-03-01|365
35865|66|3|2025|34|3|Magé|330250|Baixada Fluminense|1|0|0|1|1|1.0|3|5|0.0|95|9|0|13|9|4|0|13|10|2|1|2|0|0.0|0|0|0.0|3|31|12|4|0|7|6.0|51|80|0|4|0|80|6|3.0|3.0|0.0|4|28.0|0.0|10.0|1.0|92|7|0|0|0|0|631|2025-03|Março|Baixada Fluminense|0|Inhomirim e Guia de Copaíba|Magé|Metropolitana|2025-03-01|365
35866|67|3|2025|34|3|Guapimirim|330185|Baixada Fluminense|1|0|0|1|0|0.0|1|0|0.0|38|1|0|14|1|1|0|2|6|0|0|1|0|0.0|0|0|0.0|2|11|2|0|0|2|1.0|8|13|0|1|0|38|18|17.0|1.0|0.0|6|8.0|0.0|8.0|2.0|46|6|0|0|0|0|290|2025-03|Março|Baixada Fluminense|0|Guapimirim|Guapimirim|Metropolitana|2025-03-01|365
35867|70|3|2025|35|4|Tanguá|330575|Interior|1|0|0|1|0|0.0|1|0|0.0|14|0|0|7|0|0|0|0|0|0|0|1|0|0.0|0|0|0.0|0|1|8|1|0|4|0.0|15|28|0|0|0|7|2|1.0|2.0|0.0|2|6.0|0.0|1.0|0.0|14|1|0|0|0|0|124|2025-03|Março|Grande Niterói e Região dos Lagos|0|Tanguá|Tanguá|Metropolitana|2025-03-01|365
35868|71|3|2025|35|4|Itaboraí|330190|Interior|4|0|0|4|1|0.0|5|1|1.0|48|7|5|19|9|8|1|18|14|0|0|2|0|0.0|0|0|0.0|3|37|23|4|2|4|2.0|39|74|0|1|0|89|28|13.0|13.0|2.0|15|29.0|2.0|9.0|1.0|48|8|0|0|0|0|519|2025-03|Março|Grande Niterói e Região dos Lagos|0|Itaboraí; Cabuçú; Itambí; Porto das Caixas e Sambaetiba|Itaboraí|Metropolitana|2025-03-01|365
35869|72|3|2025|7|4|São Gonçalo|330490|Grande Niterói|1|0|2|3|0|0.0|3|3|1.0|71|2|3|18|30|11|2|43|20|7|1|0|0|0.0|1|0|0.0|5|77|40|17|3|50|7.0|132|249|0|3|2|185|2|1.0|0.0|1.0|18|31.0|1.0|6.0|1.0|64|4|1|0|0|0|966|2025-03|Março|Grande Niterói e Região dos Lagos|0|São Gonçalo|São Gonçalo|Metropolitana|2025-03-01|365
35870|73|3|2025|7|4|São Gonçalo|330490|Grande Niterói|3|0|0|3|0|0.0|3|5|0.0|46|2|1|13|25|9|2|36|8|4|1|1|0|0.0|0|0|0.0|4|54|29|4|2|2|5.0|57|99|0|1|0|77|5|0.0|5.0|0.0|14|20.0|1.0|13.0|0.0|37|5|0|0|0|0|453|2025-03|Março|Grande Niterói e Região dos Lagos|0|Neves|São Gonçalo|Metropolitana|2025-03-01|365
35871|74|3|2025|7|4|São Gonçalo|330490|Grande Niterói|2|0|0|2|0|0.0|2|0|0.0|35|6|1|21|34|18|6|58|23|3|2|0|0|0.0|0|0|0.0|2|88|24|18|5|27|0.0|91|165|0|8|0|115|11|2.0|8.0|1.0|14|18.0|0.0|9.0|0.0|34|5|0|0|0|0|701|2025-03|Março|Grande Niterói e Região dos Lagos|0|Monjolo|São Gonçalo|Metropolitana|2025-03-01|365
35872|75|3|2025|7|4|São Gonçalo|330490|Grande Niterói|2|0|0|2|0|0.0|2|3|2.0|52|5|3|16|11|5|0|16|13|2|0|0|0|0.0|0|0|0.0|2|33|19|8|2|16|0.0|48|93|0|2|0|52|10|2.0|6.0|2.0|12|18.0|0.0|4.0|0.0|37|1|0|0|0|0|421|2025-03|Março|Grande Niterói e Região dos Lagos|0|Ipiiba e Sete Pontes|São Gonçalo|Metropolitana|2025-03-01|365
35873|76|3|2025|12|4|Niterói|330330|Grande Niterói|0|0|0|0|0|0.0|0|0|0.0|45|3|0|22|44|13|0|57|0|0|3|1|0|0.0|0|0|0.0|2|63|8|30|11|79|28.0|106|262|0|3|0|137|6|0.0|4.0|2.0|5|41.0|1.0|25.0|4.0|43|3|0|0|0|0|916|2025-03|Março|Grande Niterói e Região dos Lagos|0|Centro; Ponta da Areia; Ilha da Conceição; São Lourenço; Fátima; Morro do Estado; Ingá; São Domingos; Gragoatá e Boa Viagem|Niterói|Metropolitana|2025-03-01|365
35874|77|3|2025|12|4|Niterói|330330|Grande Niterói|1|0|0|1|0|0.0|1|1|0.0|37|6|1|26|10|11|0|21|0|0|2|0|0|0.0|0|0|0.0|3|26|1|10|9|30|32.0|122|204|0|3|0|196|2|0.0|1.0|1.0|2|13.0|0.0|2.0|1.0|33|3|0|0|0|0|847|2025-03|Março|Grande Niterói e Região dos Lagos|0|Santa Rosa; Icaraí; Vital Brasil; Pé Pequeno; Viradouro e Cubango|Niterói|Metropolitana|2025-03-01|365
35875|78|3|2025|12|4|Niterói|330330|Grande Niterói|1|0|0|1|1|0.0|2|0|0.0|34|2|4|27|22|10|1|33|14|1|1|2|0|0.0|0|0|1.0|1|53|15|4|2|10|5.0|132|168|0|2|0|80|4|0.0|4.0|0.0|3|25.0|0.0|7.0|1.0|28|5|1|0|0|0|620|2025-03|Março|Grande Niterói e Região dos Lagos|0|Fonseca; Viçoso Jardim; Caramujo; Baldeador; Santa Bárbara; Tenente Jardim; Engenhoca; Santana e Barreto|Niterói|Metropolitana|2025-03-01|365
35876|79|3|2025|12|4|Niterói|330330|Grande Niterói|0|0|0|0|1|0.0|1|0|0.0|33|2|1|19|9|2|0|11|5|0|1|0|0|0.0|0|0|0.0|1|18|12|1|0|6|0.0|22|41|0|0|4|53|9|2.0|6.0|1.0|6|11.0|1.0|2.0|1.0|15|2|1|0|0|0|280|2025-03|Março|Grande Niterói e Região dos Lagos|0|Jurujuba; Charitas; São Francisco; Cachoeiras; Maceió; Largo da Batalha; Ititioca; Badu; Sapê; Matapaca; Vila Progresso; Muriqui; Maria Paula e Cantagalo|Niterói|Metropolitana|2025-03-01|365
35877|81|3|2025|12|4|Niterói|330330|Grande Niterói|0|0|0|0|0|0.0|0|0|0.0|31|3|1|34|9|6|0|15|6|0|1|1|0|0.0|0|0|0.0|0|23|9|1|1|8|3.0|58|80|0|2|0|60|7|2.0|4.0|1.0|4|20.0|0.0|4.0|1.0|36|2|0|0|0|0|456|2025-03|Março|Grande Niterói e Região dos Lagos|0|Itaipu; Camboinhas; Itacoatiara; Piratininga; Cafubá; Jacaré; Rio do Ouro; Engenho do Mato; Várzea das Moças e Jardim Imbuí|Niterói|Metropolitana|2025-03-01|365
35878|82|3|2025|12|4|Maricá|330270|Grande Niterói|2|0|0|2|0|1.0|3|8|0.0|145|7|3|27|17|4|0|21|5|0|0|0|0|0.0|0|0|1.0|3|30|10|12|1|21|3.0|122|169|0|9|0|147|13|4.0|6.0|3.0|17|44.0|4.0|13.0|0.0|110|4|0|0|0|0|1080|2025-03|Março|Grande Niterói e Região dos Lagos|0|Maricá e Inoã|Maricá|Metropolitana|2025-03-01|365
35879|88|3|2025|10|5|Barra do Pirai|330030|Interior|1|0|0|1|0|0.0|1|0|0.0|33|5|3|5|0|0|0|0|0|0|0|1|0|0.0|0|0|0.0|0|1|1|1|0|1|1.0|19|23|0|0|1|26|51|20.0|15.0|16.0|2|37.0|5.0|8.0|0.0|36|0|0|0|0|0|345|2025-03|Março|Sul Fluminense|0|Barra do Piraí; Dorandia; Ipiabas; São José do Turvo e Vargem Alegre|Barra do Piraí|Médio Paraíba|2025-03-01|365
35880|89|3|2025|37|5|Resende|330420|Interior|1|1|0|2|1|0.0|3|7|0.0|25|1|0|18|0|1|0|1|1|0|1|0|0|0.0|0|0|0.0|0|3|2|0|1|4|3.0|62|72|0|2|0|138|23|10.0|10.0|3.0|1|24.0|5.0|12.0|2.0|33|5|0|0|0|0|539|2025-03|Março|Sul Fluminense|0|Resende; Engenheiro Passos; Agulhas Negras; Pedra Selada e Fumaça|Resende|Médio Paraíba|2025-03-01|365
35881|90|3|2025|28|5|Barra Mansa|330040|Interior|1|0|0|1|0|0.0|1|1|0.0|36|0|1|12|0|1|0|1|0|1|1|0|0|0.0|0|0|0.0|0|3|7|2|1|3|1.0|49|63|0|0|0|77|31|10.0|17.0|4.0|3|34.0|4.0|13.0|0.0|56|6|0|0|0|0|558|2025-03|Março|Sul Fluminense|0|Antonio Rocha; Floriano; Nossa Senhora do Amparo; Rialto e Regiões Administrativas I; II; III; IV; V; VI; VII; VIII; IX; X; XI; XII; XIII; XIV|Barra Mansa|Médio Paraíba|2025-03-01|365
35882|91|3|2025|10|5|Valença|330610|Interior|1|0|0|1|0|0.0|1|1|0.0|26|3|2|4|0|0|0|0|0|0|0|0|0|0.0|0|0|0.0|0|0|1|0|0|4|0.0|19|24|0|0|0|26|15|2.0|14.0|0.0|1|33.0|4.0|10.0|4.0|27|0|0|0|0|0|222|2025-03|Março|Sul Fluminense|0|Valença; Barão de Juparana; Conservatória; Parapeúna; Pentagna e Santa Isabel do Rio Preto|Valença|Médio Paraíba|2025-03-01|365
35883|92|3|2025|10|5|Rio das Flores|330450|Interior|0|0|0|0|0|0.0|0|0|0.0|6|2|0|0|0|0|0|0|0|0|0|0|0|0.0|0|0|0.0|0|0|0|0|0|0|0.0|4|4|0|0|0|2|0|0.0|0.0|0.0|0|0.0|0.0|2.0|0.0|3|0|0|0|0|0|28|2025-03|Março|Sul Fluminense|0|Rio das Flores; Manuel Duarte; Abarracamento e Taboas|Rio das Flores|Médio Paraíba|2025-03-01|365
35884|93|3|2025|28|5|Volta Redonda|330630|Interior|1|1|0|2|0|0.0|2|2|1.0|123|2|2|36|3|0|0|3|1|0|4|0|0|0.0|0|0|0.0|3|11|2|3|0|8|8.0|145|166|0|9|0|304|79|49.0|21.0|11.0|8|74.0|5.0|20.0|4.0|140|6|0|0|0|0|1444|2025-03|Março|Sul Fluminense|0|Volta Redonda|Volta Redonda|Médio Paraíba|2025-03-01|365
35885|94|3|2025|10|5|Piraí|330400|Interior|0|0|0|0|0|0.0|0|2|0.0|4|0|1|6|0|0|0|0|0|0|0|0|0|0.0|0|0|0.0|0|0|1|2|0|0|0.0|12|15|0|0|0|11|24|12.0|11.0|1.0|3|25.0|4.0|4.0|0.0|11|1|0|0|0|0|143|2025-03|Março|Sul Fluminense|0|Piraí; Arrozal; Monumento e Santanésia|Piraí|Médio Paraíba|2025-03-01|365
35886|95|3|2025|10|5|Vassouras|330620|Interior|0|0|0|0|0|0.0|0|1|0.0|27|3|0|2|0|0|0|0|0|0|0|0|0|0.0|0|0|0.0|0|0|2|0|0|3|0.0|5|10|0|0|0|30|10|10.0|0.0|0.0|1|6.0|0.0|2.0|0.0|19|0|0|0|0|0|159|2025-03|Março|Sul Fluminense|0|Vassouras; Andrade Pinto; São Sebastião dos Ferreiros e Sebastião de Lacerda|Vassouras|Centro-Sul Fluminense|2025-03-01|365
35887|96|3|2025|10|5|Miguel Pereira;Paty dos Alferes|999999|Interior|1|0|0|1|0|0.0|1|0|0.0|34|1|1|5|1|0|0|1|0|0|0|2|0|0.0|0|0|0.0|0|3|2|0|0|0|0.0|12|14|0|2|0|36|23|16.0|4.0|4.0|3|24.0|0.0|5.0|0.0|46|1|0|0|0|0|342|2025-03|Março|Sul Fluminense|0|Miguel Pereira; Governador Portela e Conrado|Miguel Pereira|Centro-Sul Fluminense|2025-03-01|365
35888|97|3|2025|10|5|Mendes|330280|Interior|0|0|0|0|0|0.0|0|1|0.0|4|1|0|3|0|0|0|0|0|0|0|0|0|0.0|0|0|0.0|0|0|0|0|0|2|1.0|7|10|0|0|0|7|14|7.0|7.0|0.0|0|8.0|3.0|0.0|0.0|11|0|0|0|0|0|125|2025-03|Março|Sul Fluminense|0|Mendes|Mendes|Centro-Sul Fluminense|2025-03-01|365
35889|98|3|2025|10|5|Engenheiro Paulo de Frontin|330180|Interior|0|0|0|0|0|0.0|0|1|0.0|6|0|0|0|0|0|0|0|0|0|0|1|0|0.0|0|0|0.0|0|1|0|0|0|0|0.0|3|3|0|0|0|8|7|3.0|3.0|1.0|0|8.0|0.0|0.0|0.0|13|1|0|0|0|0|54|2025-03|Março|Sul Fluminense|0|Engenheiro Paulo de Frontin e Sacra Família do Tinguá|Engenheiro Paulo de Frontin|Centro-Sul Fluminense|2025-03-01|365
35890|99|3|2025|37|5|Itatiaia|330225|Interior|3|0|0|3|0|0.0|3|1|0.0|6|0|0|4|0|0|0|0|0|0|0|0|0|0.0|0|0|0.0|0|0|1|0|0|0|2.0|10|13|0|1|0|5|19|2.0|12.0|5.0|3|19.0|1.0|2.0|1.0|20|1|1|0|0|0|141|2025-03|Março|Sul Fluminense|0|Itatiaia|Itatiaia|Médio Paraíba|2025-03-01|365
35891|100|3|2025|37|5|Porto Real;Quatis|999999|Interior|3|0|0|3|0|0.0|3|2|0.0|10|0|1|2|0|0|0|0|0|0|0|0|0|0.0|0|0|0.0|0|0|0|0|0|1|0.0|8|9|0|0|0|18|20|0.0|20.0|1.0|2|19.0|6.0|4.0|2.0|21|1|0|0|0|0|133|2025-03|Março|Sul Fluminense|0|Porto Real|Porto Real|Médio Paraíba|2025-03-01|365
35892|101|3|2025|28|5|Pinheiral|330395|Interior|0|0|0|0|0|0.0|0|3|0.0|13|3|0|0|1|0|0|1|0|0|0|1|0|0.0|0|0|0.0|0|2|1|0|0|1|0.0|6|8|0|0|0|12|10|3.0|5.0|3.0|0|16.0|1.0|5.0|0.0|6|0|0|0|0|0|110|2025-03|Março|Sul Fluminense|0|Pinheiral|Pinheiral|Médio Paraíba|2025-03-01|365
35893|104|3|2025|30|7|São José do Vale do Rio Preto|330515|Interior|0|0|0|0|0|0.0|0|1|0.0|7|3|0|4|0|0|0|0|0|0|0|1|0|0.0|0|0|0.0|0|1|0|0|0|2|0.0|13|15|0|0|0|1|13|8.0|5.0|0.0|2|10.0|0.0|3.0|0.0|5|0|0|0|0|0|62|2025-03|Março|Região Serrana|0|São José do Vale do Rio Preto|São José do Vale do Rio Preto|Serrana|2025-03-01|365
35894|105|3|2025|26|7|Petrópolis|330390|Interior|0|0|0|0|0|0.0|0|2|0.0|84|16|0|13|4|3|0|7|0|1|1|1|0|0.0|0|0|0.0|0|10|7|3|0|16|0.0|85|111|0|3|0|126|50|9.0|35.0|7.0|8|69.0|15.0|15.0|0.0|103|5|1|0|0|0|885|2025-03|Março|Região Serrana|0|Petrópolis e Cascatinha|Petrópolis|Metropolitana|2025-03-01|365
35895|106|3|2025|26|7|Petrópolis|330390|Interior|1|0|0|1|0|1.0|2|4|0.0|45|4|1|17|1|0|0|1|0|0|0|0|0|0.0|0|0|0.0|1|2|2|0|0|2|0.0|31|35|0|1|0|74|28|2.0|19.0|9.0|5|41.0|1.0|10.0|0.0|42|0|0|0|0|0|395|2025-03|Março|Região Serrana|0|Itaipava; Pedro do Rio e Posse|Petrópolis|Metropolitana|2025-03-01|365
35896|107|3|2025|38|7|Paraíba do Sul|330370|Interior|2|0|0|2|0|0.0|2|1|0.0|17|3|1|2|0|0|0|0|0|0|0|0|0|0.0|0|0|0.0|0|0|0|0|1|0|1.0|9|11|0|0|0|24|34|14.0|7.0|13.0|0|19.0|0.0|8.0|0.0|27|2|0|0|0|0|166|2025-03|Março|Região Serrana|0|Paraíba do Sul; Werneck; Salutaris e Inconfidência|Paraíba do Sul|Centro-Sul Fluminense|2025-03-01|365
35897|108|3|2025|38|7|Comendador Levy Gasparian;Areal;Três Rios|999999|Interior|1|0|0|1|0|0.0|1|1|0.0|45|3|3|9|1|0|0|1|0|0|0|1|0|0.0|0|0|0.0|0|2|1|2|1|8|2.0|43|57|0|0|0|76|55|16.0|19.0|20.0|3|28.0|9.0|12.0|3.0|59|3|1|0|0|0|523|2025-03|Março|Região Serrana|0|Areal|Areal|Centro-Sul Fluminense|2025-03-01|365
35898|109|3|2025|38|7|Sapucaia|330540|Interior|0|0|0|0|0|0.0|0|0|0.0|16|1|1|5|0|0|0|0|0|0|0|0|0|0.0|0|0|0.0|0|0|0|0|0|0|0.0|4|4|0|0|0|5|15|12.0|3.0|0.0|0|9.0|2.0|4.0|0.0|15|0|0|0|0|0|78|2025-03|Março|Região Serrana|0|Sapucaia; Anta; Pião; Nossa Senhora Aparecida e Jamapara|Sapucaia|Centro-Sul Fluminense|2025-03-01|365
35899|110|3|2025|30|7|Teresópolis|330580|Interior|4|1|0|5|1|0.0|6|3|0.0|76|11|3|22|0|1|0|1|0|0|0|0|0|0.0|0|0|0.0|0|1|4|5|0|7|0.0|70|86|0|4|0|129|72|24.0|33.0|16.0|0|67.0|25.0|16.0|3.0|82|4|0|0|0|0|886|2025-03|Março|Região Serrana|0|Teresópolis; Vale do Bonsucesso e Vale do Paquequer|Teresópolis|Serrana|2025-03-01|365
35900|111|3|2025|30|7|Sumidouro|330570|Interior|0|0|0|0|0|0.0|0|1|0.0|4|1|0|5|0|0|0|0|0|0|0|0|0|0.0|0|0|0.0|0|0|1|0|0|0|0.0|3|4|0|1|0|3|2|2.0|0.0|0.0|1|7.0|0.0|1.0|0.0|3|0|0|0|0|0|52|2025-03|Março|Região Serrana|0|Sumidouro|Sumidouro|Serrana|2025-03-01|365
35901|112|3|2025|30|7|Carmo|330120|Interior|0|0|0|0|0|0.0|0|2|0.0|11|0|0|0|0|0|0|0|0|0|0|0|0|0.0|0|0|0.0|0|0|0|0|0|2|0.0|2|4|0|0|0|2|5|5.0|0.0|0.0|0|4.0|0.0|3.0|0.0|7|0|0|0|0|0|62|2025-03|Março|Região Serrana|0|Carmo; Córrego da Prata e Porto Velho do Cunha|Carmo|Serrana|2025-03-01|365
35902|118|3|2025|25|4|Araruama|330020|Interior|4|0|0|4|1|0.0|5|2|1.0|51|7|1|34|5|4|0|9|7|0|0|1|0|0.0|0|0|0.0|5|22|17|4|1|37|3.0|91|153|0|1|0|111|38|2.0|19.0|18.0|3|37.0|9.0|8.0|0.0|60|5|1|0|0|0|762|2025-03|Março|Grande Niterói e Região dos Lagos|0|Araruama; Morro Grande e São Vicente de Paula|Araruama|Baixadas Litorâneas|2025-03-01|365
35903|119|3|2025|35|4|Rio Bonito|330430|Interior|2|0|0|2|0|1.0|3|1|0.0|24|1|0|7|1|0|0|1|8|0|0|0|0|0.0|0|0|0.0|0|9|4|0|0|7|1.0|12|24|0|1|0|29|9|1.0|3.0|5.0|3|13.0|2.0|7.0|0.0|26|3|0|0|0|0|216|2025-03|Março|Grande Niterói e Região dos Lagos|0|Rio Bonito e Boa Esperança|Rio Bonito|Metropolitana|2025-03-01|365
35904|120|3|2025|35|4|Silva Jardim|330560|Interior|0|0|0|0|0|0.0|0|0|0.0|6|0|0|1|0|0|0|0|1|0|0|0|0|0.0|0|0|0.0|0|1|1|0|0|0|0.0|5|6|0|1|0|4|3|1.0|2.0|0.0|0|12.0|0.0|2.0|0.0|13|0|0|0|0|0|65|2025-03|Março|Grande Niterói e Região dos Lagos|0|Silva Jardim; Aldeia Velha; Correntezas e Gaviões|Silva Jardim|Baixadas Litorâneas|2025-03-01|365
35905|121|3|2025|32|6|Casimiro de Abreu|330130|Interior|1|0|0|1|0|0.0|1|2|0.0|13|2|0|4|0|1|0|1|0|0|0|0|0|0.0|0|0|0.0|0|1|1|1|0|2|2.0|5|11|0|1|0|20|15|1.0|8.0|6.0|3|20.0|1.0|3.0|0.0|9|0|0|0|0|0|131|2025-03|Março|Norte Fluminense e Noroeste|0|Casimiro de Abreu; Professor Souza; Barra de São João e Rio Dourado|Casimiro de Abreu|Baixadas Litorâneas|2025-03-01|365
35906|122|3|2025|32|6|Conceição de Macabú|330140|Interior|0|0|0|0|0|0.0|0|1|0.0|13|1|0|0|0|0|0|0|0|0|0|0|0|0.0|0|0|0.0|0|0|0|0|0|0|0.0|5|5|0|0|0|7|5|1.0|4.0|0.0|0|10.0|3.0|1.0|1.0|5|1|0|0|0|0|65|2025-03|Março|Norte Fluminense e Noroeste|0|Conceição de Macabú e Macabuzinho|Conceição de Macabú|Norte Fluminense|2025-03-01|365
35907|123|3|2025|32|6|Macaé|330240|Interior|2|0|0|2|0|0.0|2|1|0.0|89|14|1|49|3|0|0|3|0|0|1|0|0|0.0|0|0|0.0|0|4|7|2|0|11|2.0|81|103|0|4|0|264|51|10.0|38.0|7.0|6|94.0|9.0|10.0|3.0|107|10|0|0|0|0|1069|2025-03|Março|Norte Fluminense e Noroeste|0|Centro; Cabiúnas; Barra de Macaé; Aeroporto e Imboassica|Macaé|Norte Fluminense|2025-03-01|365
35908|124|3|2025|25|4|Saquarema|330550|Interior|4|0|0|4|1|0.0|5|3|0.0|63|3|1|26|6|2|0|8|5|0|3|1|0|0.0|0|0|0.0|2|19|4|7|2|9|6.0|72|100|0|4|0|96|13|3.0|8.0|2.0|5|29.0|1.0|10.0|0.0|80|1|0|0|0|0|673|2025-03|Março|Grande Niterói e Região dos Lagos|0|Saquarema; Bacaxá e Sampaio Correia|Saquarema|Baixadas Litorâneas|2025-03-01|365
35909|125|3|2025|25|4|São Pedro da Aldeia|330520|Interior|7|1|0|8|0|0.0|8|3|2.0|36|7|4|14|5|3|0|8|9|0|2|0|0|0.0|0|0|0.0|1|20|9|0|1|2|2.0|20|34|0|0|0|36|15|5.0|7.0|3.0|4|30.0|2.0|6.0|0.0|31|3|0|0|0|0|285|2025-03|Março|Grande Niterói e Região dos Lagos|0|São Pedro da Aldeia|São Pedro da Aldeia|Baixadas Litorâneas|2025-03-01|365
35910|126|3|2025|25|4|Cabo Frio|330070|Interior|5|0|0|5|0|0.0|5|9|0.0|102|15|0|43|18|5|0|23|2|0|1|2|0|0.0|0|0|0.0|8|36|15|6|1|29|8.0|203|262|0|8|0|210|53|3.0|49.0|1.0|13|76.0|12.0|13.0|1.0|115|10|2|0|0|0|1382|2025-03|Março|Grande Niterói e Região dos Lagos|0|Cabo Frio e Tamoios|Cabo Frio|Baixadas Litorâneas|2025-03-01|365
35911|127|3|2025|25|4|Armação dos Búzios|330023|Interior|5|0|0|5|1|0.0|6|2|0.0|27|0|2|16|2|1|0|3|1|0|0|0|0|0.0|0|0|0.0|0|4|1|5|0|5|2.0|35|48|0|0|0|41|19|5.0|8.0|6.0|1|26.0|2.0|2.0|0.0|36|1|0|0|0|0|364|2025-03|Março|Grande Niterói e Região dos Lagos|0|Armação dos Búzios|Armação dos Búzios|Baixadas Litorâneas|2025-03-01|365
35912|128|3|2025|32|6|Rio das Ostras|330452|Interior|3|0|0|3|0|0.0|3|4|1.0|59|8|5|25|4|2|0|6|0|0|1|0|0|0.0|0|0|0.0|2|9|17|7|1|14|5.0|88|132|0|4|0|203|43|6.0|31.0|8.0|5|85.0|6.0|9.0|2.0|95|11|0|0|0|0|985|2025-03|Março|Norte Fluminense e Noroeste|0|Rio das Ostras|Rio das Ostras|Baixadas Litorâneas|2025-03-01|365
35913|129|3|2025|25|4|Iguaba Grande|330187|Interior|0|0|0|0|0|1.0|1|0|0.0|24|3|1|1|3|2|0|5|0|0|0|0|0|0.0|0|0|0.0|0|5|2|2|0|6|0.0|18|28|0|0|0|16|1|0.0|0.0|1.0|5|10.0|1.0|2.0|0.0|14|0|0|0|0|0|152|2025-03|Março|Grande Niterói e Região dos Lagos|0|Iguaba Grande|Iguaba Grande|Baixadas Litorâneas|2025-03-01|365
35914|130|3|2025|32|6|Quissamã;Carapebus|999999|Interior|1|0|0|1|0|0.0|1|0|0.0|13|1|1|0|0|0|0|0|0|0|0|0|0|0.0|0|0|0.0|1|1|1|0|0|1|0.0|11|13|0|0|0|14|14|4.0|9.0|2.0|0|16.0|3.0|5.0|1.0|15|0|0|0|0|0|129|2025-03|Março|Norte Fluminense e Noroeste|0|Centro; UB-S; Rodagem; Carapebus e Praia de Carapebus|Carapebus|Norte Fluminense|2025-03-01|365
35915|132|3|2025|25|4|Arraial do Cabo|330025|Interior|1|1|0|2|0|0.0|2|0|0.0|24|0|0|17|0|0|0|0|0|0|0|0|0|0.0|0|0|0.0|0|0|2|5|0|5|0.0|19|31|0|1|0|18|5|1.0|3.0|1.0|2|13.0|2.0|6.0|0.0|17|2|0|0|0|0|208|2025-03|Março|Grande Niterói e Região dos Lagos|0|Arraial do Cabo|Arraial do Cabo|Baixadas Litorâneas|2025-03-01|365
35916|134|3|2025|8|6|Campos dos Goytacazes|330100|Interior|3|0|0|3|0|0.0|3|2|0.0|94|5|8|17|11|11|0|22|7|0|4|4|0|0.0|0|0|0.0|2|39|10|4|3|21|9.0|154|201|0|6|0|210|121|81.0|17.0|23.0|11|84.0|13.0|35.0|2.0|131|5|0|1|0|0|1272|2025-03|Março|Norte Fluminense e Noroeste|0|Campos dos Goytacazes (Primeiro Subdistrito; Segundo Subdistrito e Quarto Subdistrito); Ibitioca; Dores de Macabu; Morangaba; Mussurepe; Serrinha; Santo Amaro de Campos; São Sebastião de Campos e Tocos|Campos dos Goytacazes|Norte Fluminense|2025-03-01|365
35917|135|3|2025|36|6|Itaocara|330210|Interior|1|0|0|1|0|0.0|1|0|0.0|15|1|0|0|0|0|0|0|0|0|0|0|0|0.0|0|0|0.0|0|0|2|0|0|1|1.0|4|8|0|1|0|12|9|6.0|3.0|0.0|2|8.0|0.0|2.0|0.0|16|1|1|0|0|0|93|2025-03|Março|Norte Fluminense e Noroeste|0|Itaocara; Portela; Batatal; Laranjais; Jaguarembe e Estrada Nova|Itaocara|Noroeste Fluminense|2025-03-01|365
35918|136|3|2025|36|6|Santo Antônio de Pádua;Aperibé|999999|Interior|1|0|0|1|0|0.0|1|0|0.0|16|0|1|5|0|0|0|0|0|0|1|0|0|0.0|0|0|0.0|2|3|0|0|0|1|0.0|8|9|0|0|0|12|54|20.0|15.0|21.0|2|21.0|3.0|3.0|2.0|17|1|0|1|0|0|188|2025-03|Março|Norte Fluminense e Noroeste|0|Aperibé|Aperibé|Noroeste Fluminense|2025-03-01|365
35919|137|3|2025|36|6|Miracema|330300|Interior|0|0|0|0|0|0.0|0|0|0.0|9|0|1|2|0|0|0|0|0|0|0|0|0|0.0|0|0|0.0|0|0|0|0|0|0|1.0|4|5|0|0|0|7|39|25.0|11.0|3.0|0|4.0|0.0|2.0|1.0|14|0|0|0|0|0|111|2025-03|Março|Norte Fluminense e Noroeste|0|Miracema; Venda das Flores e Paraíso do Tobias|Miracema|Noroeste Fluminense|2025-03-01|365
35920|138|3|2025|29|6|Laje do Muriaé|330230|Interior|1|0|0|1|0|0.0|1|1|0.0|3|0|0|0|0|0|0|0|0|0|0|0|0|0.0|0|0|0.0|0|0|0|1|1|0|0.0|1|3|0|0|0|2|4|3.0|1.0|0.0|0|2.0|0.0|2.0|0.0|2|0|0|0|0|0|31|2025-03|Março|Norte Fluminense e Noroeste|0|Laje do Muriaé|Laje do Muriaé|Noroeste Fluminense|2025-03-01|365
35921|139|3|2025|29|6|Porciúncula|330410|Interior|0|0|0|0|0|0.0|0|0|0.0|16|3|0|1|0|0|0|0|0|0|0|0|0|0.0|0|0|0.0|0|0|2|0|0|2|0.0|5|9|0|0|0|2|6|4.0|3.0|0.0|0|4.0|0.0|1.0|0.0|14|0|0|0|0|0|69|2025-03|Março|Norte Fluminense e Noroeste|0|Porciúncula; Purilândia e Santa Clara|Porciúncula|Noroeste Fluminense|2025-03-01|365
35922|140|3|2025|29|6|Natividade;Varre-Sai|999999|Interior|0|0|0|0|0|0.0|0|0|0.0|4|0|0|1|0|0|0|0|1|0|0|0|0|0.0|0|0|0.0|0|1|2|1|0|0|0.0|6|9|0|0|0|10|16|14.0|1.0|1.0|1|5.0|0.0|6.0|0.0|14|0|0|0|0|0|84|2025-03|Março|Norte Fluminense e Noroeste|0|Natividade; Ourania e Bom Jesus do Querendo|Natividade|Noroeste Fluminense|2025-03-01|365
35923|141|3|2025|8|6|São Fidélis|330480|Interior|0|0|0|0|0|0.0|0|0|0.0|26|0|0|8|0|0|0|0|0|0|0|0|0|0.0|0|0|0.0|0|0|0|0|0|4|2.0|12|18|0|0|0|16|9|1.0|3.0|5.0|2|15.0|0.0|1.0|0.0|36|3|0|0|0|0|165|2025-03|Março|Norte Fluminense e Noroeste|0|São Fidelis; Cambiasca; Colonia; Ipuca e Pureza|São Fidélis|Norte Fluminense|2025-03-01|365
35924|142|3|2025|36|6|Cambuci|330090|Interior|0|0|0|0|0|0.0|0|0|0.0|5|1|0|1|0|0|0|0|0|0|0|0|0|0.0|0|0|0.0|0|0|0|0|0|0|0.0|3|3|0|0|0|7|6|4.0|1.0|1.0|0|1.0|0.0|0.0|0.0|4|0|0|0|0|0|57|2025-03|Março|Norte Fluminense e Noroeste|0|Cambuci; Três Irmãos; Funil; Monte Verde e São João do Paraíso|Cambuci|Noroeste Fluminense|2025-03-01|365
35925|143|3|2025|29|6|Itaperuna;São José de Ubá|999999|Interior|5|0|0|5|0|0.0|5|5|0.0|34|2|2|8|0|0|0|0|0|0|0|0|0|0.0|0|0|0.0|1|1|1|3|0|0|0.0|31|35|0|2|0|58|83|44.0|24.0|18.0|4|53.0|8.0|11.0|1.0|45|3|0|0|0|0|396|2025-03|Março|Norte Fluminense e Noroeste|0|Itaperuna; Boaventura; Nossa Senhora da Penha; Itajara; Retiro do Muriaé; Raposo e Comendador Venâncio|Itaperuna|Noroeste Fluminense|2025-03-01|365
35926|144|3|2025|29|6|Bom Jesus de Itabapoana|330060|Interior|0|0|0|0|0|0.0|0|4|0.0|12|2|1|0|0|0|0|0|0|0|0|0|0|0.0|0|0|0.0|0|0|0|0|0|3|1.0|13|17|0|0|0|19|11|2.0|7.0|2.0|0|16.0|0.0|4.0|2.0|13|0|0|0|0|0|124|2025-03|Março|Norte Fluminense e Noroeste|0|Bom Jesus de Itabapoana; Carabuçú; Calheiros; Pirapetinga de Bom Jesus; Rosal e Serrinha|Bom Jesus de Itabapoana|Noroeste Fluminense|2025-03-01|365
35927|145|3|2025|8|6|São João da Barra|330500|Interior|0|0|0|0|0|0.0|0|0|0.0|21|5|0|0|3|0|0|3|0|0|0|2|0|0.0|0|0|0.0|1|6|5|7|0|23|3.0|24|62|0|0|0|24|11|3.0|6.0|3.0|2|9.0|1.0|1.0|0.0|40|0|2|0|0|0|204|2025-03|Março|Norte Fluminense e Noroeste|0|Barcelos; Atafona; São João da Barra; Grussaí; Cajueiro e Pipeiras|São João da Barra|Norte Fluminense|2025-03-01|365
35928|146|3|2025|8|6|Campos dos Goytacazes|330100|Interior|7|0|0|7|0|0.0|7|7|0.0|29|2|3|8|19|5|0|24|4|2|4|0|0|0.0|0|0|1.0|3|38|3|4|0|4|6.0|28|45|0|1|0|38|50|14.0|18.0|18.0|4|47.0|12.0|8.0|0.0|40|1|1|0|0|0|388|2025-03|Março|Norte Fluminense e Noroeste|0|Campos dos Goytacazes (Terceiro Subdistrito); Santa Maria; Morro do Coco; Santo Eduardo; Travessão e Vila Nova de Campos|Campos dos Goytacazes|Norte Fluminense|2025-03-01|365
35929|147|3|2025|8|6|São Francisco de Itabapoana|330475|Interior|3|0|0|3|0|1.0|4|8|1.0|15|0|0|2|0|0|0|0|2|0|0|0|0|0.0|0|0|0.0|0|2|2|1|0|2|0.0|12|17|0|1|0|15|16|3.0|9.0|4.0|0|25.0|5.0|5.0|1.0|13|3|0|0|0|0|133|2025-03|Março|Norte Fluminense e Noroeste|0|São Francisco de Itabapoana; Maniva e Barra Seca|São Francisco de Itabapoana|Norte Fluminense|2025-03-01|365
35930|148|3|2025|29|6|Cardoso Moreira;Italva|999999|Interior|1|0|0|1|0|0.0|1|2|0.0|5|1|2|1|0|0|0|0|0|0|0|0|0|0.0|0|0|0.0|0|0|1|0|0|0|1.0|2|4|0|1|0|10|8|3.0|2.0|3.0|2|3.0|0.0|3.0|0.0|9|0|0|0|0|0|65|2025-03|Março|Norte Fluminense e Noroeste|0|Italva|Italva|Noroeste Fluminense|2025-03-01|365
35931|151|3|2025|11|7|Nova Friburgo|330340|Interior|0|0|0|0|0|0.0|0|3|0.0|89|9|3|36|1|0|0|1|0|0|0|0|0|0.0|0|0|0.0|1|2|9|3|1|13|2.0|37|65|0|5|0|143|52|10.0|39.0|4.0|11|82.0|17.0|14.0|1.0|104|2|0|0|0|0|863|2025-03|Março|Região Serrana|0|Nova Friburgo; São Pedro da Serra; Lumiar; Amparo; Riograndina; Conselheiro Paulino e Campo do Coelho|Nova Friburgo|Serrana|2025-03-01|365
35932|152|3|2025|11|7|Duas Barras|330160|Interior|0|0|0|0|0|0.0|0|0|0.0|6|2|0|1|0|0|0|0|0|0|0|0|0|0.0|0|0|0.0|0|0|0|0|0|0|1.0|2|3|0|0|0|7|1|1.0|0.0|0.0|0|2.0|0.0|0.0|0.0|12|0|0|0|0|0|46|2025-03|Março|Região Serrana|0|Duas Barras e Monnerat|Duas Barras|Serrana|2025-03-01|365
35933|153|3|2025|11|7|Cantagalo|330110|Interior|0|0|0|0|0|0.0|0|0|0.0|5|0|0|6|0|0|0|0|0|0|0|0|0|0.0|0|0|0.0|1|1|1|0|0|1|1.0|1|4|0|0|0|6|1|1.0|0.0|0.0|1|3.0|0.0|2.0|0.0|11|0|0|0|0|0|69|2025-03|Março|Região Serrana|0|Cantagalo; Santa Rita da Floresta; Boa Sorte; Euclidelândia e São Sebastião do Paraíba|Cantagalo|Serrana|2025-03-01|365
35934|154|3|2025|11|7|Cordeiro;Macuco|999999|Interior|0|0|0|0|0|0.0|0|0|2.0|17|0|1|5|0|0|0|0|0|0|0|0|0|0.0|0|0|0.0|0|0|0|0|0|2|0.0|13|15|0|1|0|23|4|1.0|3.0|0.0|2|7.0|2.0|3.0|0.0|27|0|0|0|0|0|143|2025-03|Março|Região Serrana|0|Cordeiro|Cordeiro|Serrana|2025-03-01|365
35935|155|3|2025|36|6|São Sebastião do Alto|330530|Interior|0|0|0|0|0|0.0|0|0|0.0|1|0|0|2|0|0|0|0|0|0|0|0|0|0.0|0|0|0.0|0|0|0|0|0|0|0.0|0|0|0|0|0|0|2|2.0|0.0|0.0|0|2.0|0.0|0.0|0.0|2|0|0|0|0|0|13|2025-03|Março|Norte Fluminense e Noroeste|0|São Sebastião do Alto; Valão do Barro e Ipituna|São Sebastião do Alto|Serrana|2025-03-01|365
35936|156|3|2025|11|7|Santa Maria Madalena|330460|Interior|0|0|0|0|0|0.0|0|0|0.0|6|0|0|4|0|0|0|0|0|0|0|0|0|0.0|0|0|0.0|0|0|0|0|0|1|0.0|1|2|0|0|0|5|0|0.0|0.0|0.0|0|1.0|0.0|1.0|0.0|2|0|0|0|0|0|31|2025-03|Março|Região Serrana|0|Santa Maria Madalena; Doutor Loreti; Renascença; Santo Antônio do Imbé; Sossego e Triunfo|Santa Maria Madalena|Serrana|2025-03-01|365
35937|157|3|2025|11|7|Trajano de Morais|330590|Interior|0|0|0|0|0|0.0|0|1|0.0|3|1|0|0|0|0|0|0|0|0|0|0|0|0.0|0|0|0.0|0|0|0|0|0|0|0.0|0|0|0|0|0|0|5|2.0|3.0|0.0|0|3.0|0.0|1.0|0.0|6|0|0|0|0|0|27|2025-03|Março|Região Serrana|0|Trajano de Moraes; Doutor Elias; Sodrelândia; Vila da Grama e Visconde de Imbé|Trajano de Moraes|Serrana|2025-03-01|365
35938|158|3|2025|11|7|Bom Jardim|330050|Interior|1|0|0|1|0|0.0|1|0|0.0|8|0|0|7|0|0|0|0|0|0|0|0|0|0.0|0|0|0.0|0|0|0|0|0|2|0.0|4|6|0|1|0|11|6|2.0|3.0|1.0|1|4.0|0.0|1.0|0.0|11|0|0|0|0|0|77|2025-03|Março|Região Serrana|0|Bom Jardim; Banquete; Barra Alegre e São José do Ribeirão|Bom Jardim|Serrana|2025-03-01|365
35939|159|3|2025|35|4|Cachoeiras de Macacu|330080|Interior|2|0|0|2|0|0.0|2|2|0.0|14|1|3|5|1|0|0|1|0|0|0|0|0|0.0|0|0|0.0|1|2|6|0|0|3|0.0|7|16|0|0|0|26|5|0.0|3.0|2.0|1|8.0|2.0|4.0|0.0|17|1|0|0|0|0|137|2025-03|Março|Grande Niterói e Região dos Lagos|0|Cachoeiras de Macacu; Japuíba e Subaio|Cachoeiras de Macacu|Metropolitana|2025-03-01|365
35940|165|3|2025|33|5|Mangaratiba|330260|Interior|0|0|0|0|0|0.0|0|0|0.0|33|4|0|3|1|0|1|2|0|0|0|0|0|0.0|0|0|0.0|0|2|10|0|0|8|0.0|11|29|0|2|0|23|18|12.0|6.0|0.0|7|16.0|2.0|4.0|0.0|35|1|0|0|0|0|242|2025-03|Março|Sul Fluminense|0|Mangaratiba; Conceição de Jacareí; Vila Muriquí; Itacuruçá|Mangaratiba|Costa Verde|2025-03-01|365
35941|166|3|2025|33|5|Angra dos Reis|330010|Interior|1|0|0|1|1|0.0|2|0|0.0|88|4|6|23|2|0|0|2|0|0|0|0|0|0.0|0|0|0.0|0|2|7|5|1|9|1.0|44|67|0|1|0|67|45|12.0|29.0|4.0|5|63.0|10.0|20.0|2.0|81|7|1|0|0|0|612|2025-03|Março|Sul Fluminense|0|Angra dos Reis; Jacuecanga; Cunhambebe; Mambucaba; Abraão e Praia de Araçatiba|Angra dos Reis|Costa Verde|2025-03-01|365
35942|167|3|2025|43|5|Paraty|330380|Interior|0|0|0|0|1|0.0|1|3|0.0|22|2|5|9|3|1|0|4|1|0|0|0|0|0.0|0|0|0.0|0|5|2|2|2|5|1.0|41|53|0|1|0|14|21|1.0|20.0|0.0|3|33.0|4.0|2.0|0.0|15|0|0|0|0|0|243|2025-03|Março|Sul Fluminense|0|Paraty; Paraty-Mirim e Tarituba|Paraty|Costa Verde|2025-03-01|365
35943|168|3|2025|28|5|Rio Claro|330440|Interior|0|0|0|0|0|0.0|0|1|0.0|13|0|1|5|0|0|0|0|0|0|0|0|0|0.0|0|0|0.0|0|0|2|0|0|1|0.0|2|5|0|0|0|10|1|1.0|0.0|0.0|1|5.0|0.0|5.0|0.0|13|0|0|0|0|0|59|2025-03|Março|Sul Fluminense|0|Rio Claro; Getulândia; Lídice; Passa Três e São João Marcos|Rio Claro|Médio Paraíba|2025-03-01|365
35944|1|4|2025|5|1|Rio de Janeiro|330455|Capital|0|0|0|0|0|0.0|0|0|0.0|9|2|1|11|55|33|8|96|1|2|2|0|0|0.0|0|1|0.0|2|104|0|87|15|63|5.0|75|245|0|2|0|136|7|4.0|3.0|0.0|0|24.0|7.0|12.0|2.0|7|1|1|0|0|0|679|2025-04|Abril|Capital (Zona Sul, Centro e parte da Norte)|0|Centro (parte)|Rio de Janeiro|Metropolitana|2025-04-01|365
35945|4|4|2025|5|1|Rio de Janeiro|330455|Capital|0|0|0|0|0|0.0|0|0|0.0|20|2|0|4|32|20|8|60|3|0|1|1|0|0.0|0|0|0.0|8|73|8|32|18|84|2.0|70|214|0|3|0|34|15|4.0|11.0|0.0|2|23.0|9.0|10.0|4.0|11|4|0|0|0|0|506|2025-04|Abril|Capital (Zona Sul, Centro e parte da Norte)|0|Centro (parte); Gamboa; Santo Cristo e Saúde|Rio de Janeiro|Metropolitana|2025-04-01|365
35946|5|4|2025|5|1|Rio de Janeiro|330455|Capital|0|0|1|1|0|0.0|1|0|0.0|40|3|3|13|85|52|0|137|1|0|2|0|0|0.0|0|0|2.0|11|153|6|66|9|179|2.0|140|402|0|4|0|150|8|2.0|5.0|1.0|3|32.0|5.0|17.0|5.0|32|5|0|0|0|0|1157|2025-04|Abril|Capital (Zona Sul, Centro e parte da Norte)|0|Centro (parte); Lapa e Paquetá|Rio de Janeiro|Metropolitana|2025-04-01|365
35947|6|4|2025|4|1|Rio de Janeiro|330455|Capital|0|0|1|1|0|0.0|1|0|0.0|30|1|1|19|21|15|9|45|2|0|2|2|0|0.0|0|0|0.0|8|59|9|23|15|92|2.0|85|226|0|3|0|42|3|2.0|1.0|0.0|6|19.0|3.0|7.0|1.0|22|1|0|0|0|0|564|2025-04|Abril|Capital (Zona Sul, Centro e parte da Norte)|0|Catumbi; Cidade Nova; Estácio; Rio Comprido e Centro (parte)|Rio de Janeiro|Metropolitana|2025-04-01|365
35948|7|4|2025|5|1|Rio de Janeiro|330455|Capital|0|0|0|0|0|0.0|0|0|2.0|4|3|0|3|12|7|1|20|0|0|0|0|0|0.0|0|0|0.0|3|23|12|5|2|7|1.0|25|52|0|2|0|33|1|0.0|1.0|0.0|2|6.0|0.0|0.0|1.0|6|0|0|0|0|0|225|2025-04|Abril|Capital (Zona Sul, Centro e parte da Norte)|0|Santa Teresa|Rio de Janeiro|Metropolitana|2025-04-01|365
35949|9|4|2025|2|1|Rio de Janeiro|330455|Capital|0|0|0|0|1|0.0|1|0|0.0|30|2|0|22|82|45|3|130|3|0|4|0|0|0.0|0|0|3.0|5|145|10|63|14|99|10.0|139|335|0|9|0|151|9|7.0|1.0|1.0|4|23.0|6.0|3.0|1.0|36|2|1|0|0|0|1080|2025-04|Abril|Capital (Zona Sul, Centro e parte da Norte)|0|Catete; Cosme Velho; Flamengo; Glória e Laranjeiras|Rio de Janeiro|Metropolitana|2025-04-01|365
35950|10|4|2025|2|1|Rio de Janeiro|330455|Capital|0|0|0|0|1|0.0|1|1|0.0|22|4|1|32|37|50|3|90|3|1|5|0|0|0.0|0|0|16.0|26|141|9|21|21|93|18.0|223|385|0|8|1|157|13|10.0|3.0|0.0|4|14.0|4.0|3.0|3.0|21|3|0|0|0|0|1075|2025-04|Abril|Capital (Zona Sul, Centro e parte da Norte)|0|Botafogo; Humaitá e Urca|Rio de Janeiro|Metropolitana|2025-04-01|365
35951|11|4|2025|23|1|Rio de Janeiro|330455|Capital|0|0|0|0|0|0.0|0|1|0.0|9|1|0|0|0|0|0|0|0|0|0|0|0|0.0|0|0|0.0|0|0|0|0|0|0|0.0|7|7|0|0|0|18|0|0.0|0.0|0.0|1|1.0|0.0|1.0|0.0|5|3|0|0|0|0|78|2025-04|Abril|Capital (Zona Sul, Centro e parte da Norte)|0|Rocinha|Rio de Janeiro|Metropolitana|2025-04-01|365
35952|12|4|2025|19|1|Rio de Janeiro|330455|Capital|0|0|0|0|5|0.0|5|0|0.0|39|4|0|13|12|7|1|20|0|0|1|1|0|0.0|0|0|0.0|4|26|8|46|8|63|14.0|178|317|0|2|0|233|12|6.0|6.0|0.0|11|31.0|0.0|15.0|1.0|46|5|0|0|0|0|1018|2025-04|Abril|Capital (Zona Sul, Centro e parte da Norte)|0|Copacabana (parte) e Leme|Rio de Janeiro|Metropolitana|2025-04-01|365
35953|13|4|2025|19|1|Rio de Janeiro|330455|Capital|0|0|0|0|0|0.0|0|0|0.0|11|1|0|9|16|6|0|22|0|0|4|0|0|0.0|0|0|0.0|4|30|4|14|6|46|12.0|114|196|0|2|0|125|2|0.0|2.0|0.0|1|23.0|6.0|5.0|0.0|15|1|0|0|0|0|562|2025-04|Abril|Capital (Zona Sul, Centro e parte da Norte)|0|Copacabana (parte)|Rio de Janeiro|Metropolitana|2025-04-01|365
35954|14|4|2025|23|1|Rio de Janeiro|330455|Capital|0|0|0|0|0|0.0|0|2|0.0|16|0|1|11|10|23|1|34|0|1|3|0|0|0.0|0|0|0.0|8|46|9|33|4|147|61.0|163|417|0|7|0|140|3|1.0|2.0|0.0|4|34.0|4.0|17.0|1.0|21|10|0|0|0|0|892|2025-04|Abril|Capital (Zona Sul, Centro e parte da Norte)|0|Ipanema e Leblon|Rio de Janeiro|Metropolitana|2025-04-01|365
35955|15|4|2025|23|1|Rio de Janeiro|330455|Capital|0|0|0|0|0|0.0|0|0|0.0|17|2|0|17|10|10|0|20|0|0|0|1|0|0.0|0|0|3.0|11|35|6|19|16|27|2.0|78|148|0|2|0|131|7|5.0|2.0|0.0|6|16.0|3.0|4.0|2.0|9|1|0|0|0|0|588|2025-04|Abril|Capital (Zona Sul, Centro e parte da Norte)|0|Gávea; Jardim Botânico; Lagoa; São Conrado e Vidigal|Rio de Janeiro|Metropolitana|2025-04-01|365
35956|16|4|2025|31|2|Rio de Janeiro|330455|Capital|0|0|0|0|1|0.0|1|2|1.0|50|3|3|42|40|37|12|89|3|0|1|1|0|0.0|0|0|1.0|26|121|16|15|53|172|10.0|288|554|0|3|0|406|19|10.0|9.0|1.0|8|60.0|17.0|14.0|7.0|62|10|0|0|0|0|1861|2025-04|Abril|Capital (Zona Oeste e parte da Norte)|0|Barra da Tijuca; Itanhangá; Joá|Rio de Janeiro|Metropolitana|2025-04-01|365
35957|17|4|2025|4|1|Rio de Janeiro|330455|Capital|1|1|0|2|0|0.0|2|0|0.0|28|2|1|38|21|23|8|52|8|2|1|2|0|1.0|0|0|0.0|27|93|10|19|10|101|1.0|167|308|0|2|0|94|8|1.0|5.0|2.0|3|37.0|8.0|9.0|0.0|23|0|0|0|0|0|827|2025-04|Abril|Capital (Zona Sul, Centro e parte da Norte)|0|Caju; Mangueira; São Cristóvão e Vasco da Gama|Rio de Janeiro|Metropolitana|2025-04-01|365
35958|18|4|2025|6|1|Rio de Janeiro|330455|Capital|0|0|1|1|0|0.0|1|0|1.0|22|1|0|27|41|108|23|172|3|0|3|0|0|0.0|0|0|1.0|19|198|6|40|23|123|2.0|126|320|0|3|0|80|5|4.0|1.0|0.0|0|20.0|5.0|0.0|1.0|16|2|0|0|0|0|932|2025-04|Abril|Capital (Zona Sul, Centro e parte da Norte)|0|Maracanã; Praça da Bandeira e Tijuca (parte)|Rio de Janeiro|Metropolitana|2025-04-01|365
35959|19|4|2025|6|1|Rio de Janeiro|330455|Capital|0|0|0|0|0|0.0|0|0|0.0|28|1|0|9|58|35|4|97|5|4|1|1|0|0.0|0|0|0.0|24|132|8|35|29|57|3.0|150|282|0|6|0|169|5|1.0|4.0|0.0|5|31.0|3.0|9.0|2.0|41|5|0|0|0|0|1000|2025-04|Abril|Capital (Zona Sul, Centro e parte da Norte)|0|Alto da Boa Vista e Tijuca (parte)|Rio de Janeiro|Metropolitana|2025-04-01|365
35960|20|4|2025|6|1|Rio de Janeiro|330455|Capital|1|0|0|1|0|0.0|1|0|0.0|29|3|0|17|40|31|8|79|12|0|0|0|0|0.0|0|1|0.0|11|103|9|7|16|31|3.0|105|171|0|2|0|144|1|0.0|1.0|0.0|12|15.0|1.0|7.0|2.0|32|0|0|0|0|0|794|2025-04|Abril|Capital (Zona Sul, Centro e parte da Norte)|0|Andaraí; Grajaú e Vila Isabel|Rio de Janeiro|Metropolitana|2025-04-01|365
35961|21|4|2025|22|1|Rio de Janeiro|330455|Capital|3|0|0|3|0|2.0|5|1|2.0|57|8|9|67|33|36|20|89|64|10|1|0|0|0.0|0|0|1.0|49|214|29|17|25|33|1.0|201|306|0|7|1|192|12|9.0|3.0|0.0|87|57.0|5.0|41.0|5.0|62|13|3|0|0|0|1415|2025-04|Abril|Capital (Zona Sul, Centro e parte da Norte)|0|Benfica; Bonsucesso; Higienópolis; Manguinhos; Maré e Ramos|Rio de Janeiro|Metropolitana|2025-04-01|365
35962|22|4|2025|16|1|Rio de Janeiro|330455|Capital|2|0|0|2|1|0.0|3|6|0.0|50|2|0|45|41|18|6|65|14|2|1|0|0|0.0|0|0|0.0|8|90|15|7|13|25|0.0|108|168|0|3|2|112|15|2.0|12.0|1.0|9|41.0|4.0|8.0|0.0|40|4|1|0|0|0|758|2025-04|Abril|Capital (Zona Sul, Centro e parte da Norte)|0|Brás de Pina (parte); Olaria; Penha e Penha Circular (parte)|Rio de Janeiro|Metropolitana|2025-04-01|365
35963|23|4|2025|3|1|Rio de Janeiro|330455|Capital|0|0|0|0|0|0.0|0|0|1.0|12|1|1|9|18|16|0|34|3|1|2|0|0|0.0|0|0|0.0|6|46|9|8|5|29|5.0|60|116|0|1|0|72|7|3.0|4.0|0.0|2|10.0|5.0|4.0|0.0|24|0|0|0|0|0|429|2025-04|Abril|Capital (Zona Sul, Centro e parte da Norte)|0|Cachambi; Méier (parte) e Todos os Santos (parte)|Rio de Janeiro|Metropolitana|2025-04-01|365
35964|24|4|2025|3|1|Rio de Janeiro|330455|Capital|1|0|0|1|0|0.0|1|1|0.0|33|2|0|29|48|30|5|83|54|1|2|0|0|0.0|0|1|0.0|16|157|18|9|14|72|1.0|115|229|0|1|0|136|6|1.0|4.0|1.0|2|15.0|2.0|2.0|0.0|39|2|0|0|0|0|830|2025-04|Abril|Capital (Zona Sul, Centro e parte da Norte)|0|Abolição; Água Santa (parte); Encantado; Engenho de Dentro (parte); Pilares e Piedade|Rio de Janeiro|Metropolitana|2025-04-01|365
35965|25|4|2025|3|1|Rio de Janeiro|330455|Capital|1|0|0|1|1|0.0|2|2|0.0|36|0|4|24|25|26|13|64|2|0|8|0|0|0.0|0|0|0.0|17|91|8|13|22|46|2.0|72|163|0|0|0|122|13|3.0|5.0|5.0|32|27.0|4.0|14.0|5.0|30|2|0|0|0|0|740|2025-04|Abril|Capital (Zona Sul, Centro e parte da Norte)|0|Engenho Novo; Jacaré; Jacarezinho; Riachuelo; Rocha; Sampaio e São Francisco Xavier|Rio de Janeiro|Metropolitana|2025-04-01|365
35966|26|4|2025|3|1|Rio de Janeiro|330455|Capital|0|0|0|0|4|0.0|4|2|0.0|23|1|1|7|23|32|6|61|4|0|3|0|0|1.0|0|0|1.0|13|83|4|10|12|51|0.0|87|164|0|2|0|138|5|1.0|3.0|1.0|10|17.0|7.0|6.0|1.0|30|3|0|0|0|0|681|2025-04|Abril|Capital (Zona Sul, Centro e parte da Norte)|0|Água Santa (parte); Engenho de Dentro (parte); Lins de Vasconcelos e Todos os Santos|Rio de Janeiro|Metropolitana|2025-04-01|365
35967|27|4|2025|41|2|Rio de Janeiro|330455|Capital|2|0|0|2|5|0.0|7|8|0.0|32|3|0|35|88|87|30|205|59|14|8|1|0|0.0|0|1|0.0|27|315|35|8|15|23|0.0|94|175|0|1|0|161|12|2.0|8.0|2.0|21|39.0|3.0|15.0|1.0|55|4|0|0|0|0|1145|2025-04|Abril|Capital (Zona Oeste e parte da Norte)|0|Colégio (parte); Irajá; Vicente de Carvalho; Vila Kosmos; Vila da Penha e Vista Alegre|Rio de Janeiro|Metropolitana|2025-04-01|365
35968|28|4|2025|18|2|Rio de Janeiro|330455|Capital|1|0|0|1|3|0.0|4|2|0.0|31|1|3|17|27|29|1|57|39|1|1|2|0|0.0|0|0|0.0|13|113|5|8|9|27|1.0|47|97|0|5|0|132|2|1.0|1.0|0.0|7|9.0|1.0|3.0|0.0|43|3|0|0|0|0|672|2025-04|Abril|Capital (Zona Oeste e parte da Norte)|0|Vila Valqueire; Praça Seca e Tanque (parte)|Rio de Janeiro|Metropolitana|2025-04-01|365
35969|29|4|2025|9|2|Rio de Janeiro|330455|Capital|4|0|0|4|1|0.0|5|2|1.0|49|2|3|25|93|89|28|210|95|2|2|0|0|1.0|0|0|0.0|15|325|21|25|29|67|5.0|133|280|0|2|0|159|4|0.0|4.0|0.0|76|28.0|1.0|6.0|1.0|47|10|0|0|0|0|1302|2025-04|Abril|Capital (Zona Oeste e parte da Norte)|0|Cavalcanti; Engenheiro Leal; Madureira; Turiaçu; Vaz Lobo; Oswaldo Cruz (parte); Cascadura e Quintino Bocaiúva|Rio de Janeiro|Metropolitana|2025-04-01|365
35970|30|4|2025|9|2|Rio de Janeiro|330455|Capital|2|0|0|2|1|0.0|3|0|0.0|48|2|0|18|33|49|6|88|52|0|0|0|0|0.0|0|0|0.0|9|149|29|5|5|21|1.0|60|121|0|1|0|102|1|0.0|1.0|0.0|8|22.0|0.0|2.0|1.0|67|6|0|0|0|0|659|2025-04|Abril|Capital (Zona Oeste e parte da Norte)|0|Bento Ribeiro; Campinho; Marechal Hermes e Oswaldo Cruz (parte)|Rio de Janeiro|Metropolitana|2025-04-01|365
35971|31|4|2025|41|2|Rio de Janeiro|330455|Capital|0|0|1|1|2|0.0|3|4|0.0|48|1|2|8|39|32|2|73|28|11|0|0|0|0.0|0|0|0.0|6|118|9|2|4|14|1.0|27|57|0|0|0|68|6|0.0|5.0|1.0|16|18.0|5.0|3.0|0.0|39|9|0|0|0|0|522|2025-04|Abril|Capital (Zona Oeste e parte da Norte)|0|Anchieta; Guadalupe; Parque Anchieta e Ricardo de Albuquerque|Rio de Janeiro|Metropolitana|2025-04-01|365
35972|32|4|2025|18|2|Rio de Janeiro|330455|Capital|4|0|0|4|6|0.0|10|15|0.0|105|13|3|42|91|76|8|175|29|2|6|1|0|0.0|0|0|0.0|16|229|31|30|35|87|5.0|227|415|0|5|1|570|14|3.0|11.0|0.0|22|57.0|4.0|25.0|6.0|139|16|1|0|0|0|2208|2025-04|Abril|Capital (Zona Oeste e parte da Norte)|0|Anil; Cidade de Deus; Curicica; Gardênia Azul; Jacarepaguá e Taquara|Rio de Janeiro|Metropolitana|2025-04-01|365
35973|33|4|2025|14|2|Rio de Janeiro|330455|Capital|3|0|0|3|1|0.0|4|4|1.0|91|5|1|41|21|52|5|78|35|1|2|1|0|0.0|0|0|0.0|5|122|15|1|13|55|5.0|69|158|0|0|0|143|4|0.0|4.0|0.0|14|32.0|2.0|6.0|1.0|72|8|0|0|0|0|911|2025-04|Abril|Capital (Zona Oeste e parte da Norte)|0|Campo dos Afonsos; Deodoro; Jardim Sulacap; Magalhães Bastos; Realengo e Vila Militar|Rio de Janeiro|Metropolitana|2025-04-01|365
35974|34|4|2025|14|2|Rio de Janeiro|330455|Capital|6|1|1|8|3|0.0|11|10|0.0|135|8|4|44|59|43|11|113|51|8|4|1|0|0.0|0|0|1.0|8|186|29|10|6|21|1.0|187|254|0|5|0|298|33|3.0|14.0|16.0|38|72.0|3.0|20.0|2.0|119|11|0|0|0|0|1482|2025-04|Abril|Capital (Zona Oeste e parte da Norte)|0|Bangu; Gericinó; Padre Miguel e Senador Camará|Rio de Janeiro|Metropolitana|2025-04-01|365
35975|35|4|2025|40|2|Rio de Janeiro|330455|Capital|2|0|0|2|0|0.0|2|1|1.0|212|21|0|62|55|40|7|102|48|10|1|1|0|0.0|0|0|0.0|14|176|47|18|14|67|5.0|313|464|0|8|0|340|6|4.0|2.0|0.0|42|107.0|3.0|12.0|2.0|202|24|1|0|0|0|2304|2025-04|Abril|Capital (Zona Oeste e parte da Norte)|0|Campo Grande; Cosmos; Inhoaíba; Santíssimo e Senador Vasconcelos|Rio de Janeiro|Metropolitana|2025-04-01|365
35976|36|4|2025|27|2|Rio de Janeiro|330455|Capital|6|0|0|6|0|0.0|6|2|0.0|112|22|4|33|41|24|2|67|24|3|5|0|0|0.0|0|0|0.0|10|109|12|4|9|12|1.0|103|141|0|5|0|221|3|1.0|2.0|0.0|19|41.0|0.0|5.0|1.0|114|17|2|0|0|0|1134|2025-04|Abril|Capital (Zona Oeste e parte da Norte)|0|Paciência e Santa Cruz|Rio de Janeiro|Metropolitana|2025-04-01|365
35977|37|4|2025|17|1|Rio de Janeiro|330455|Capital|2|0|0|2|1|0.0|3|2|1.0|61|5|2|28|8|6|0|14|6|2|0|0|0|0.0|0|0|1.0|3|26|16|5|6|22|1.0|68|118|0|5|1|144|46|4.0|6.0|37.0|15|22.0|6.0|8.0|1.0|55|3|0|0|0|0|893|2025-04|Abril|Capital (Zona Sul, Centro e parte da Norte)|0|Bancários; Cacuia; Cidade Universitária; Cocotá; Freguesia; Galeão; Jardim Carioca; Jardim Guanabara; Moneró; Pitangueiras; Portuguesa; Praia da Bandeira; Ribeira; Tauá e Zumbi|Rio de Janeiro|Metropolitana|2025-04-01|365
35978|38|4|2025|16|1|Rio de Janeiro|330455|Capital|3|0|0|3|4|0.0|7|0|1.0|53|3|4|34|16|27|1|44|29|4|0|0|0|0.0|0|0|0.0|13|90|25|4|4|16|0.0|53|102|0|2|0|90|9|2.0|5.0|2.0|22|22.0|3.0|4.0|2.0|42|4|0|0|0|0|625|2025-04|Abril|Capital (Zona Sul, Centro e parte da Norte)|0|Brás de Pina (parte); Cordovil; Jardim América; Parada de Lucas;Penha Circular (parte) e Vigário Geral|Rio de Janeiro|Metropolitana|2025-04-01|365
35979|39|4|2025|41|2|Rio de Janeiro|330455|Capital|5|0|0|5|5|0.0|10|8|0.0|52|6|1|32|43|52|18|113|124|11|2|0|0|0.0|0|0|0.0|40|290|17|13|7|20|0.0|79|136|0|1|0|160|13|1.0|9.0|3.0|58|24.0|3.0|6.0|1.0|35|10|0|0|0|0|975|2025-04|Abril|Capital (Zona Oeste e parte da Norte)|0|Acari; Barros Filho; Costa Barros; Parque Colúmbia e Pavuna|Rio de Janeiro|Metropolitana|2025-04-01|365
35980|40|4|2025|9|2|Rio de Janeiro|330455|Capital|0|0|0|0|3|0.0|3|3|0.0|48|1|0|11|36|65|4|105|47|4|1|0|0|0.0|1|3|0.0|13|174|15|6|6|18|1.0|58|104|0|4|0|87|5|0.0|5.0|0.0|18|20.0|2.0|0.0|1.0|36|3|0|0|0|0|597|2025-04|Abril|Capital (Zona Oeste e parte da Norte)|0|Coelho Neto; Colégio (parte); Honório Gurgel e Rocha Miranda|Rio de Janeiro|Metropolitana|2025-04-01|365
35981|41|4|2025|18|2|Rio de Janeiro|330455|Capital|0|0|0|0|0|0.0|0|2|0.0|17|3|0|25|14|29|1|44|15|0|3|0|0|0.0|0|0|0.0|4|66|6|3|12|35|0.0|62|118|0|3|0|146|3|0.0|3.0|0.0|8|23.0|2.0|2.0|0.0|51|13|0|0|0|0|710|2025-04|Abril|Capital (Zona Oeste e parte da Norte)|0|Freguesia (Jacarepaguá); Pechincha e Tanque (parte)|Rio de Janeiro|Metropolitana|2025-04-01|365
35982|42|4|2025|31|2|Rio de Janeiro|330455|Capital|3|0|0|3|1|0.0|4|4|1.0|52|7|0|27|28|26|4|58|6|0|5|1|0|0.0|0|0|0.0|2|72|27|6|18|48|25.0|115|239|0|6|0|286|55|38.0|16.0|1.0|9|39.0|11.0|12.0|3.0|82|3|1|0|0|0|1242|2025-04|Abril|Capital (Zona Oeste e parte da Norte)|0|Recreio dos Bandeirantes; Barra de Guaratiba; Camorim; Grumari; Vargem Grande e Vargem Pequena|Rio de Janeiro|Metropolitana|2025-04-01|365
35983|43|4|2025|27|2|Rio de Janeiro|330455|Capital|3|0|0|3|0|0.0|3|3|0.0|86|10|2|39|8|11|4|23|4|0|0|1|0|0.0|0|0|0.0|3|31|14|0|1|18|2.0|33|68|0|7|0|126|0|0.0|0.0|0.0|9|24.0|2.0|2.0|0.0|76|7|2|0|0|0|658|2025-04|Abril|Capital (Zona Oeste e parte da Norte)|0|Guaratiba; Pedra de Guaratiba e Sepetiba|Rio de Janeiro|Metropolitana|2025-04-01|365
35984|44|4|2025|3|1|Rio de Janeiro|330455|Capital|0|0|0|0|1|0.0|1|0|0.0|19|5|4|22|39|25|8|72|20|1|4|1|0|0.0|0|0|0.0|11|109|16|10|11|28|1.0|71|137|0|1|0|104|12|5.0|7.0|0.0|11|21.0|6.0|5.0|0.0|18|3|0|0|0|0|706|2025-04|Abril|Capital (Zona Sul, Centro e parte da Norte)|0|Del Castilho; Engenho da Rainha; Inhaúma; Maria da Graça e Tomás Coelho|Rio de Janeiro|Metropolitana|2025-04-01|365
35985|48|4|2025|24|3|Seropédica|330555|Baixada Fluminense|1|0|0|1|0|0.0|1|0|0.0|24|3|1|14|5|2|2|9|4|0|0|0|0|0.0|0|0|0.0|1|14|1|0|0|3|2.0|21|27|0|2|0|48|1|0.0|1.0|0.0|3|11.0|0.0|5.0|0.0|23|5|1|0|0|0|294|2025-04|Abril|Baixada Fluminense|0|Seropédica|Seropédica|Metropolitana|2025-04-01|365
35986|50|4|2025|24|3|Itaguaí|330200|Baixada Fluminense|0|0|0|0|3|0.0|3|2|0.0|25|6|3|6|3|3|2|8|8|0|0|1|0|0.0|0|0|0.0|3|20|16|1|0|5|2.0|37|61|0|7|0|59|6|2.0|4.0|1.0|8|10.0|0.0|9.0|3.0|21|2|0|0|0|0|352|2025-04|Abril|Baixada Fluminense|0|Itaguaí e Ibituporanga|Itaguaí|Metropolitana|2025-04-01|365
35987|51|4|2025|24|3|Paracambi|330360|Baixada Fluminense|1|0|0|1|0|0.0|1|0|0.0|9|1|0|3|3|1|0|4|0|0|0|0|0|0.0|0|0|0.0|0|4|2|0|0|2|1.0|13|18|0|0|0|31|10|2.0|6.0|2.0|2|10.0|2.0|5.0|0.0|10|0|0|0|0|0|139|2025-04|Abril|Baixada Fluminense|0|Paracambi|Paracambi|Metropolitana|2025-04-01|365
35988|52|4|2025|20|3|Nova Iguaçu|330350|Baixada Fluminense|2|0|0|2|0|0.0|2|2|0.0|58|1|0|28|42|67|3|112|49|1|3|2|0|0.0|1|1|1.0|12|182|44|14|4|55|8.0|142|267|0|4|0|170|5|3.0|2.0|1.0|24|42.0|3.0|13.0|1.0|68|5|0|0|0|0|1154|2025-04|Abril|Baixada Fluminense|0|Centro|Nova Iguaçu|Metropolitana|2025-04-01|365
35989|53|4|2025|20|3|Mesquita|330285|Baixada Fluminense|0|0|0|0|2|0.0|2|11|0.0|79|2|1|17|34|24|3|61|23|3|0|0|0|0.0|0|0|0.0|6|93|23|2|2|8|4.0|33|72|0|1|0|85|10|3.0|2.0|5.0|7|32.0|2.0|11.0|1.0|59|6|0|0|0|0|534|2025-04|Abril|Baixada Fluminense|0|Mesquita; Chatuba e Banco de Areia|Mesquita|Metropolitana|2025-04-01|365
35990|54|4|2025|39|3|Belford Roxo|330045|Baixada Fluminense|7|0|0|7|4|0.0|11|7|0.0|90|8|4|30|79|75|7|161|70|9|1|0|0|0.0|0|0|0.0|15|256|30|8|3|6|2.0|85|134|0|5|0|189|15|1.0|12.0|2.0|52|46.0|3.0|12.0|3.0|117|20|1|0|0|0|1258|2025-04|Abril|Baixada Fluminense|0|Areia Branca; Jardim Redentor; Parque São José; Nova Aurora e Lote XV|Belford Roxo|Metropolitana|2025-04-01|365
35991|55|4|2025|24|3|Queimados|330414|Baixada Fluminense|2|0|0|2|0|0.0|2|5|0.0|52|7|1|11|15|12|0|27|4|0|0|1|0|0.0|0|0|1.0|1|34|7|1|1|8|1.0|35|53|0|4|0|68|2|2.0|0.0|0.0|7|20.0|0.0|7.0|0.0|64|3|0|1|0|0|467|2025-04|Abril|Baixada Fluminense|0|Centro; Norte; Sul. Leste; Oeste e Nordeste|Queimados|Metropolitana|2025-04-01|365
35992|56|4|2025|20|3|Nova Iguaçu|330350|Baixada Fluminense|7|1|0|8|0|0.0|8|5|0.0|86|11|0|15|35|45|6|86|40|0|0|0|0|0.0|0|0|0.0|14|140|32|1|1|13|4.0|38|89|0|5|0|103|1|0.0|1.0|0.0|20|16.0|0.0|8.0|1.0|82|14|0|0|0|0|725|2025-04|Abril|Baixada Fluminense|0|Comendador Soares; Cabuçú e Km32|Nova Iguaçu|Metropolitana|2025-04-01|365
35993|57|4|2025|20|3|Nilópolis|330320|Baixada Fluminense|3|0|0|3|0|0.0|3|4|0.0|50|1|1|10|44|29|0|73|9|1|1|1|0|0.0|0|0|0.0|5|90|12|5|5|10|2.0|74|108|0|5|0|97|2|0.0|1.0|1.0|11|17.0|0.0|9.0|0.0|59|3|0|0|0|0|669|2025-04|Abril|Baixada Fluminense|0|Nilópolis e Olinda|Nilópolis|Metropolitana|2025-04-01|365
35994|58|4|2025|20|3|Nova Iguaçu|330350|Baixada Fluminense|7|0|0|7|1|0.0|8|6|0.0|146|10|6|29|46|78|7|131|62|5|3|0|0|0.0|0|0|0.0|23|224|27|3|0|10|4.0|59|103|0|4|0|137|6|3.0|3.0|0.0|13|30.0|3.0|11.0|0.0|130|13|0|0|0|0|1115|2025-04|Abril|Baixada Fluminense|0|Posse; Austin; Miguel Couto; Vila de Cava e Tinguá|Nova Iguaçu|Metropolitana|2025-04-01|365
35995|59|4|2025|15|3|Duque de Caxias|330170|Baixada Fluminense|5|0|0|5|0|0.0|5|2|0.0|126|4|4|39|113|139|3|255|79|30|1|1|0|0.0|0|0|0.0|16|382|44|44|5|41|2.0|174|310|0|2|0|233|6|2.0|4.0|0.0|89|58.0|9.0|13.0|1.0|107|16|0|0|0|0|1769|2025-04|Abril|Baixada Fluminense|0|Duque de Caxias (Centro)|Duque de Caxias|Metropolitana|2025-04-01|365
35996|60|4|2025|15|3|Duque de Caxias|330170|Baixada Fluminense|5|0|0|5|7|1.0|13|23|0.0|64|6|9|25|33|36|4|73|90|25|1|1|0|0.0|0|0|0.0|11|201|20|1|1|8|0.0|23|53|0|0|1|137|14|0.0|11.0|3.0|27|30.0|4.0|16.0|0.0|64|11|2|0|0|0|876|2025-04|Abril|Baixada Fluminense|0|Campos Elyseos|Duque de Caxias|Metropolitana|2025-04-01|365
35997|61|4|2025|15|3|Duque de Caxias|330170|Baixada Fluminense|1|0|0|1|2|0.0|3|2|0.0|27|3|1|2|2|1|1|4|6|2|0|0|0|0.0|0|0|0.0|1|13|4|1|0|1|2.0|6|14|0|1|2|27|0|0.0|0.0|0.0|5|6.0|0.0|4.0|0.0|14|1|1|0|0|0|160|2025-04|Abril|Baixada Fluminense|0|Xerém|Duque de Caxias|Metropolitana|2025-04-01|365
35998|62|4|2025|15|3|Duque de Caxias|330170|Baixada Fluminense|3|0|0|3|0|0.0|3|3|0.0|34|4|1|15|29|11|1|41|23|6|0|0|0|0.0|0|0|0.0|6|76|14|1|1|8|2.0|31|57|0|3|1|76|4|1.0|3.0|0.0|15|30.0|0.0|1.0|0.0|14|7|2|0|0|0|399|2025-04|Abril|Baixada Fluminense|0|Imbariê|Duque de Caxias|Metropolitana|2025-04-01|365
35999|63|4|2025|24|3|Japeri|330227|Baixada Fluminense|3|0|0|3|1|0.0|4|3|0.0|38|4|1|4|5|6|0|11|4|0|2|0|0|0.0|0|0|0.0|3|20|3|1|0|3|0.0|24|31|0|2|0|56|12|4.0|7.0|1.0|9|24.0|0.0|13.0|0.0|34|4|0|0|0|0|307|2025-04|Abril|Baixada Fluminense|0|Japeri; Engenheiro Pedreira; Marajoara; Pedra Lisa e Rio D`Ouro|Japeri|Metropolitana|2025-04-01|365
36000|64|4|2025|21|3|São João de Meriti|330510|Baixada Fluminense|8|0|1|9|2|0.0|11|13|0.0|99|7|2|49|73|67|12|152|82|13|4|1|0|0.0|0|1|0.0|18|271|63|8|5|20|3.0|116|215|0|8|0|230|28|3.0|18.0|8.0|32|73.0|11.0|12.0|0.0|104|16|1|0|0|0|1357|2025-04|Abril|Baixada Fluminense|0|São João de Meriti; Coelho da Rocha e São Mateus|São João de Meriti|Metropolitana|2025-04-01|365
36001|65|4|2025|34|3|Magé|330250|Baixada Fluminense|0|0|0|0|0|0.0|0|0|0.0|26|6|0|10|3|3|0|6|4|0|1|1|0|0.0|0|0|0.0|1|13|10|2|0|4|1.0|23|40|0|2|0|32|7|1.0|5.0|1.0|8|6.0|1.0|5.0|0.0|41|4|0|0|0|0|276|2025-04|Abril|Baixada Fluminense|0|Magé; Santo Aleixo e Suruí|Magé|Metropolitana|2025-04-01|365
36002|66|4|2025|34|3|Magé|330250|Baixada Fluminense|3|0|0|3|0|0.0|3|0|0.0|71|8|2|14|6|4|0|10|4|0|1|1|0|0.0|0|0|0.0|1|17|9|2|3|6|10.0|51|81|0|3|0|88|6|4.0|2.0|0.0|6|27.0|2.0|7.0|3.0|90|9|0|0|0|0|571|2025-04|Abril|Baixada Fluminense|0|Inhomirim e Guia de Copaíba|Magé|Metropolitana|2025-04-01|365
36003|67|4|2025|34|3|Guapimirim|330185|Baixada Fluminense|0|0|0|0|0|0.0|0|0|0.0|25|5|0|7|0|1|0|1|5|1|1|3|0|0.0|0|0|0.0|0|11|1|0|1|3|3.0|15|23|0|3|0|34|14|10.0|3.0|1.0|6|7.0|0.0|8.0|0.0|21|3|0|0|0|0|245|2025-04|Abril|Baixada Fluminense|0|Guapimirim|Guapimirim|Metropolitana|2025-04-01|365
36004|70|4|2025|35|4|Tanguá|330575|Interior|0|0|0|0|0|0.0|0|0|0.0|13|0|0|0|2|0|0|2|0|0|0|0|0|0.0|0|0|0.0|0|2|0|1|0|1|0.0|14|16|0|2|0|15|5|0.0|4.0|1.0|2|7.0|0.0|1.0|0.0|12|0|0|0|0|0|116|2025-04|Abril|Grande Niterói e Região dos Lagos|0|Tanguá|Tanguá|Metropolitana|2025-04-01|365
36005|71|4|2025|35|4|Itaboraí|330190|Interior|6|2|0|8|1|0.0|9|4|0.0|35|3|0|22|18|9|1|28|9|1|1|0|0|0.0|0|0|0.0|2|41|14|2|1|4|0.0|47|68|0|9|1|133|30|17.0|12.0|1.0|17|34.0|2.0|10.0|1.0|48|6|0|0|0|0|629|2025-04|Abril|Grande Niterói e Região dos Lagos|0|Itaboraí; Cabuçú; Itambí; Porto das Caixas e Sambaetiba|Itaboraí|Metropolitana|2025-04-01|365
36006|72|4|2025|7|4|São Gonçalo|330490|Grande Niterói|1|0|0|1|0|0.0|1|1|1.0|59|3|4|11|36|15|0|51|9|2|1|0|0|0.0|0|0|0.0|2|65|40|19|8|26|4.0|151|248|0|2|0|183|4|1.0|2.0|1.0|22|32.0|0.0|6.0|0.0|76|2|1|0|0|0|979|2025-04|Abril|Grande Niterói e Região dos Lagos|0|São Gonçalo|São Gonçalo|Metropolitana|2025-04-01|365
36007|73|4|2025|7|4|São Gonçalo|330490|Grande Niterói|2|0|0|2|2|0.0|4|0|0.0|39|1|1|9|31|4|3|38|11|3|1|1|0|0.0|0|0|0.0|5|59|29|2|0|7|0.0|48|86|0|2|0|78|3|0.0|3.0|0.0|17|10.0|0.0|5.0|2.0|30|3|0|0|0|0|429|2025-04|Abril|Grande Niterói e Região dos Lagos|0|Neves|São Gonçalo|Metropolitana|2025-04-01|365
36008|74|4|2025|7|4|São Gonçalo|330490|Grande Niterói|4|0|0|4|0|0.0|4|1|0.0|52|3|4|19|41|30|0|71|25|1|1|1|0|0.0|0|0|0.0|4|103|25|9|4|29|2.0|100|169|0|7|0|118|7|0.0|7.0|0.0|8|20.0|0.0|5.0|1.0|46|2|0|0|0|0|689|2025-04|Abril|Grande Niterói e Região dos Lagos|0|Monjolo|São Gonçalo|Metropolitana|2025-04-01|365
36009|75|4|2025|7|4|São Gonçalo|330490|Grande Niterói|1|0|0|1|1|0.0|2|4|1.0|26|5|3|24|25|8|1|34|5|0|1|1|0|0.0|0|0|0.0|5|46|20|9|5|7|1.0|60|102|0|2|0|53|7|0.0|4.0|3.0|8|20.0|1.0|7.0|0.0|25|2|1|0|0|0|451|2025-04|Abril|Grande Niterói e Região dos Lagos|0|Ipiiba e Sete Pontes|São Gonçalo|Metropolitana|2025-04-01|365
36010|76|4|2025|12|4|Niterói|330330|Grande Niterói|0|0|0|0|1|0.0|1|4|1.0|32|8|0|23|28|14|2|44|0|0|1|0|0|0.0|0|0|2.0|3|50|12|31|17|104|11.0|144|319|0|2|0|165|10|2.0|8.0|1.0|9|52.0|6.0|26.0|1.0|36|4|1|0|0|0|996|2025-04|Abril|Grande Niterói e Região dos Lagos|0|Centro; Ponta da Areia; Ilha da Conceição; São Lourenço; Fátima; Morro do Estado; Ingá; São Domingos; Gragoatá e Boa Viagem|Niterói|Metropolitana|2025-04-01|365
36011|77|4|2025|12|4|Niterói|330330|Grande Niterói|1|0|0|1|0|0.0|1|2|0.0|22|4|0|29|9|8|0|17|5|0|1|0|0|0.0|0|0|0.0|1|24|1|9|10|37|32.0|108|197|0|6|0|189|6|3.0|3.0|0.0|2|13.0|1.0|4.0|0.0|30|4|0|0|0|0|813|2025-04|Abril|Grande Niterói e Região dos Lagos|0|Santa Rosa; Icaraí; Vital Brasil; Pé Pequeno; Viradouro e Cubango|Niterói|Metropolitana|2025-04-01|365
36012|78|4|2025|12|4|Niterói|330330|Grande Niterói|1|0|0|1|0|0.0|1|1|0.0|28|3|3|23|22|9|2|33|10|1|4|0|0|0.0|0|0|0.0|3|51|8|5|2|16|2.0|174|207|0|1|0|60|5|0.0|3.0|2.0|5|16.0|1.0|1.0|0.0|42|2|0|0|0|0|621|2025-04|Abril|Grande Niterói e Região dos Lagos|0|Fonseca; Viçoso Jardim; Caramujo; Baldeador; Santa Bárbara; Tenente Jardim; Engenhoca; Santana e Barreto|Niterói|Metropolitana|2025-04-01|365
36013|79|4|2025|12|4|Niterói|330330|Grande Niterói|1|0|0|1|0|0.0|1|0|0.0|18|0|1|18|4|2|0|6|4|0|2|1|0|0.0|0|0|0.0|5|18|4|2|2|12|0.0|29|49|0|3|0|34|8|2.0|5.0|1.0|3|8.0|1.0|5.0|0.0|20|2|0|0|0|0|297|2025-04|Abril|Grande Niterói e Região dos Lagos|0|Jurujuba; Charitas; São Francisco; Cachoeiras; Maceió; Largo da Batalha; Ititioca; Badu; Sapê; Matapaca; Vila Progresso; Muriqui; Maria Paula e Cantagalo|Niterói|Metropolitana|2025-04-01|365
36014|81|4|2025|12|4|Niterói|330330|Grande Niterói|0|0|0|0|0|0.0|0|0|0.0|21|2|3|14|8|5|0|13|6|0|0|3|0|0.0|1|0|0.0|2|25|8|0|0|8|2.0|54|72|0|3|0|60|9|1.0|7.0|1.0|2|20.0|2.0|3.0|1.0|30|1|0|0|0|0|396|2025-04|Abril|Grande Niterói e Região dos Lagos|0|Itaipu; Camboinhas; Itacoatiara; Piratininga; Cafubá; Jacaré; Rio do Ouro; Engenho do Mato; Várzea das Moças e Jardim Imbuí|Niterói|Metropolitana|2025-04-01|365
36015|82|4|2025|12|4|Maricá|330270|Grande Niterói|3|0|0|3|1|0.0|4|1|0.0|93|9|1|34|10|7|0|17|5|0|1|1|0|0.0|0|1|0.0|3|28|10|4|6|17|0.0|96|133|0|5|0|209|9|4.0|4.0|1.0|19|45.0|1.0|12.0|1.0|105|4|1|0|0|0|1000|2025-04|Abril|Grande Niterói e Região dos Lagos|0|Maricá e Inoã|Maricá|Metropolitana|2025-04-01|365
36016|88|4|2025|10|5|Barra do Pirai|330030|Interior|3|0|0|3|0|0.0|3|2|0.0|36|4|0|4|0|0|0|0|0|0|1|0|0|0.0|0|0|0.0|1|2|0|2|0|1|1.0|18|22|0|1|0|17|53|16.0|15.0|22.0|0|36.0|7.0|4.0|0.0|43|2|0|0|0|0|338|2025-04|Abril|Sul Fluminense|0|Barra do Piraí; Dorandia; Ipiabas; São José do Turvo e Vargem Alegre|Barra do Piraí|Médio Paraíba|2025-04-01|365
36017|89|4|2025|37|5|Resende|330420|Interior|0|0|0|0|0|0.0|0|2|0.0|26|4|2|19|0|0|0|0|0|0|1|0|0|0.0|0|0|0.0|0|1|4|1|2|6|1.0|51|65|0|1|0|122|30|6.0|20.0|5.0|1|34.0|13.0|11.0|0.0|36|2|2|0|0|0|517|2025-04|Abril|Sul Fluminense|0|Resende; Engenheiro Passos; Agulhas Negras; Pedra Selada e Fumaça|Resende|Médio Paraíba|2025-04-01|365
36018|90|4|2025|28|5|Barra Mansa|330040|Interior|3|0|0|3|0|0.0|3|5|0.0|43|1|2|4|2|2|0|4|4|0|0|0|0|0.0|0|0|0.0|2|10|3|1|0|2|3.0|40|49|0|0|0|91|21|4.0|16.0|2.0|4|29.0|4.0|9.0|1.0|55|3|0|0|0|0|544|2025-04|Abril|Sul Fluminense|0|Antonio Rocha; Floriano; Nossa Senhora do Amparo; Rialto e Regiões Administrativas I; II; III; IV; V; VI; VII; VIII; IX; X; XI; XII; XIII; XIV|Barra Mansa|Médio Paraíba|2025-04-01|365
36019|91|4|2025|10|5|Valença|330610|Interior|0|0|0|0|0|0.0|0|1|0.0|30|1|1|4|0|1|0|1|0|0|0|0|0|0.0|0|0|0.0|1|2|1|0|0|1|0.0|15|17|0|0|0|21|32|10.0|20.0|3.0|1|21.0|4.0|5.0|0.0|40|1|0|0|0|0|211|2025-04|Abril|Sul Fluminense|0|Valença; Barão de Juparana; Conservatória; Parapeúna; Pentagna e Santa Isabel do Rio Preto|Valença|Médio Paraíba|2025-04-01|365
36020|92|4|2025|10|5|Rio das Flores|330450|Interior|0|0|0|0|0|0.0|0|0|0.0|4|0|0|2|0|0|0|0|0|0|0|0|0|0.0|0|0|0.0|0|0|0|0|0|0|0.0|0|0|0|0|0|6|0|0.0|0.0|0.0|0|0.0|0.0|0.0|0.0|4|0|0|0|0|0|28|2025-04|Abril|Sul Fluminense|0|Rio das Flores; Manuel Duarte; Abarracamento e Taboas|Rio das Flores|Médio Paraíba|2025-04-01|365
36021|93|4|2025|28|5|Volta Redonda|330630|Interior|1|0|0|1|0|0.0|1|2|0.0|93|12|0|18|2|1|0|3|0|0|4|0|0|0.0|0|0|0.0|2|9|4|6|1|10|11.0|147|179|0|2|0|274|91|52.0|31.0|9.0|7|69.0|7.0|24.0|1.0|121|6|0|0|0|0|1345|2025-04|Abril|Sul Fluminense|0|Volta Redonda|Volta Redonda|Médio Paraíba|2025-04-01|365
36022|94|4|2025|10|5|Piraí|330400|Interior|0|0|0|0|0|0.0|0|0|0.0|10|1|0|1|0|0|0|0|0|0|0|0|0|0.0|0|0|0.0|0|0|0|0|0|1|0.0|8|9|0|0|0|12|16|5.0|11.0|0.0|0|18.0|0.0|4.0|0.0|11|0|0|0|0|0|114|2025-04|Abril|Sul Fluminense|0|Piraí; Arrozal; Monumento e Santanésia|Piraí|Médio Paraíba|2025-04-01|365
36023|95|4|2025|10|5|Vassouras|330620|Interior|0|0|0|0|0|0.0|0|2|1.0|13|5|4|7|0|0|0|0|0|0|0|0|0|0.0|0|0|0.0|0|0|0|0|0|0|1.0|3|4|0|0|0|21|19|12.0|5.0|2.0|2|8.0|0.0|1.0|0.0|19|1|0|0|0|0|137|2025-04|Abril|Sul Fluminense|0|Vassouras; Andrade Pinto; São Sebastião dos Ferreiros e Sebastião de Lacerda|Vassouras|Centro-Sul Fluminense|2025-04-01|365
36024|96|4|2025|10|5|Miguel Pereira;Paty dos Alferes|999999|Interior|1|0|0|1|0|1.0|2|3|0.0|33|2|0|6|0|0|0|0|0|0|0|0|0|0.0|0|0|0.0|0|0|2|0|0|3|0.0|10|15|0|0|0|34|17|14.0|0.0|3.0|1|11.0|0.0|2.0|0.0|47|0|0|0|0|0|292|2025-04|Abril|Sul Fluminense|0|Miguel Pereira; Governador Portela e Conrado|Miguel Pereira|Centro-Sul Fluminense|2025-04-01|365
36025|97|4|2025|10|5|Mendes|330280|Interior|0|0|0|0|0|0.0|0|0|0.0|15|0|0|0|0|0|0|0|0|0|0|0|0|0.0|0|0|0.0|0|0|1|0|0|1|0.0|2|4|0|1|0|5|9|5.0|4.0|0.0|0|6.0|1.0|2.0|0.0|11|1|0|0|0|0|100|2025-04|Abril|Sul Fluminense|0|Mendes|Mendes|Centro-Sul Fluminense|2025-04-01|365
36026|98|4|2025|10|5|Engenheiro Paulo de Frontin|330180|Interior|0|0|0|0|0|0.0|0|0|0.0|8|0|0|2|0|0|0|0|0|0|0|0|0|0.0|0|0|0.0|0|0|0|0|0|0|0.0|1|1|0|0|0|6|6|2.0|4.0|0.0|0|7.0|0.0|2.0|0.0|8|0|0|0|0|0|49|2025-04|Abril|Sul Fluminense|0|Engenheiro Paulo de Frontin e Sacra Família do Tinguá|Engenheiro Paulo de Frontin|Centro-Sul Fluminense|2025-04-01|365
36027|99|4|2025|37|5|Itatiaia|330225|Interior|0|0|0|0|0|0.0|0|0|0.0|11|0|0|1|0|1|0|1|0|0|2|1|0|0.0|0|0|0.0|0|4|0|0|0|2|2.0|6|10|0|0|0|9|12|4.0|5.0|4.0|0|12.0|0.0|4.0|0.0|16|0|0|0|0|0|129|2025-04|Abril|Sul Fluminense|0|Itatiaia|Itatiaia|Médio Paraíba|2025-04-01|365
36028|100|4|2025|37|5|Porto Real;Quatis|999999|Interior|0|0|0|0|0|0.0|0|0|0.0|7|1|0|5|0|0|0|0|0|0|0|0|0|0.0|0|0|0.0|0|0|0|0|0|1|0.0|3|4|0|1|0|14|17|0.0|17.0|0.0|1|15.0|2.0|2.0|3.0|7|0|0|0|0|0|98|2025-04|Abril|Sul Fluminense|0|Porto Real|Porto Real|Médio Paraíba|2025-04-01|365
36029|101|4|2025|28|5|Pinheiral|330395|Interior|0|1|0|1|0|0.0|1|0|0.0|12|0|0|1|0|0|0|0|0|0|0|0|0|0.0|0|0|0.0|0|0|0|0|0|0|0.0|6|6|0|0|0|10|9|4.0|4.0|1.0|0|7.0|0.0|1.0|0.0|14|3|0|0|0|0|93|2025-04|Abril|Sul Fluminense|0|Pinheiral|Pinheiral|Médio Paraíba|2025-04-01|365
36030|104|4|2025|30|7|São José do Vale do Rio Preto|330515|Interior|1|0|0|1|0|0.0|1|0|1.0|4|1|1|3|0|0|0|0|0|0|0|0|0|0.0|0|0|0.0|0|0|1|0|0|2|0.0|7|10|0|0|0|3|5|4.0|1.0|0.0|0|5.0|0.0|0.0|0.0|18|0|0|0|0|0|68|2025-04|Abril|Região Serrana|0|São José do Vale do Rio Preto|São José do Vale do Rio Preto|Serrana|2025-04-01|365
36031|105|4|2025|26|7|Petrópolis|330390|Interior|2|0|0|2|0|0.0|2|0|0.0|79|6|1|12|1|1|0|2|1|0|1|0|0|0.0|0|0|0.0|4|8|7|6|1|10|0.0|63|87|0|4|0|140|55|6.0|35.0|14.0|2|78.0|16.0|18.0|0.0|77|8|0|0|0|0|774|2025-04|Abril|Região Serrana|0|Petrópolis e Cascatinha|Petrópolis|Metropolitana|2025-04-01|365
36032|106|4|2025|26|7|Petrópolis|330390|Interior|0|0|0|0|0|0.0|0|0|0.0|41|1|1|8|0|1|0|1|0|0|0|0|0|0.0|0|0|0.0|3|4|0|0|1|2|0.0|29|32|0|0|0|70|14|2.0|7.0|5.0|4|25.0|3.0|11.0|0.0|47|1|0|0|0|0|379|2025-04|Abril|Região Serrana|0|Itaipava; Pedro do Rio e Posse|Petrópolis|Metropolitana|2025-04-01|365
36033|107|4|2025|38|7|Paraíba do Sul|330370|Interior|0|0|0|0|0|0.0|0|0|0.0|21|0|0|3|0|0|0|0|0|0|0|0|0|0.0|0|0|0.0|0|0|1|0|0|0|0.0|8|9|0|1|0|32|39|22.0|7.0|10.0|0|15.0|3.0|8.0|2.0|29|1|0|0|0|0|171|2025-04|Abril|Região Serrana|0|Paraíba do Sul; Werneck; Salutaris e Inconfidência|Paraíba do Sul|Centro-Sul Fluminense|2025-04-01|365
36034|108|4|2025|38|7|Comendador Levy Gasparian;Areal;Três Rios|999999|Interior|4|0|0|4|0|0.0|4|4|0.0|49|5|6|7|0|0|0|0|0|0|0|0|0|0.0|0|0|0.0|0|0|1|2|0|8|0.0|40|51|0|1|0|81|56|29.0|17.0|10.0|3|32.0|6.0|17.0|1.0|82|2|0|0|0|0|556|2025-04|Abril|Região Serrana|0|Areal|Areal|Centro-Sul Fluminense|2025-04-01|365
36035|109|4|2025|38|7|Sapucaia|330540|Interior|0|0|0|0|0|0.0|0|0|0.0|1|1|0|2|0|0|0|0|0|0|0|0|0|0.0|0|0|0.0|0|0|2|0|0|1|0.0|4|7|0|0|0|18|14|12.0|2.0|0.0|2|2.0|1.0|2.0|0.0|3|0|0|0|0|0|66|2025-04|Abril|Região Serrana|0|Sapucaia; Anta; Pião; Nossa Senhora Aparecida e Jamapara|Sapucaia|Centro-Sul Fluminense|2025-04-01|365
36036|110|4|2025|30|7|Teresópolis|330580|Interior|3|0|0|3|0|0.0|3|4|0.0|45|4|5|18|1|4|0|5|0|0|2|0|0|0.0|0|0|0.0|2|9|5|6|0|5|1.0|47|64|0|2|0|127|81|31.0|26.0|25.0|1|73.0|21.0|9.0|0.0|59|5|0|0|0|0|747|2025-04|Abril|Região Serrana|0|Teresópolis; Vale do Bonsucesso e Vale do Paquequer|Teresópolis|Serrana|2025-04-01|365
36037|111|4|2025|30|7|Sumidouro|330570|Interior|0|0|0|0|0|0.0|0|0|0.0|11|0|0|0|0|0|0|0|0|0|0|0|0|0.0|0|0|0.0|0|0|0|0|0|0|0.0|1|1|0|0|0|3|1|0.0|1.0|0.0|0|2.0|0.0|7.0|0.0|1|2|0|0|0|0|44|2025-04|Abril|Região Serrana|0|Sumidouro|Sumidouro|Serrana|2025-04-01|365
36038|112|4|2025|30|7|Carmo|330120|Interior|0|0|0|0|0|0.0|0|0|0.0|9|1|0|0|0|0|0|0|0|0|1|0|0|0.0|0|0|0.0|0|1|1|0|0|2|0.0|6|9|0|0|0|12|7|2.0|5.0|0.0|0|2.0|0.0|1.0|0.0|9|0|0|0|0|0|69|2025-04|Abril|Região Serrana|0|Carmo; Córrego da Prata e Porto Velho do Cunha|Carmo|Serrana|2025-04-01|365
36039|118|4|2025|25|4|Araruama|330020|Interior|4|0|0|4|1|0.0|5|4|0.0|31|4|1|13|6|0|0|6|3|0|1|1|0|0.0|0|1|0.0|3|15|5|1|0|3|2.0|62|73|0|5|2|106|32|4.0|22.0|8.0|7|34.0|12.0|14.0|0.0|57|1|0|0|0|0|571|2025-04|Abril|Grande Niterói e Região dos Lagos|0|Araruama; Morro Grande e São Vicente de Paula|Araruama|Baixadas Litorâneas|2025-04-01|365
36040|119|4|2025|35|4|Rio Bonito|330430|Interior|0|0|0|0|0|0.0|0|1|0.0|24|2|2|5|0|0|0|0|1|0|0|2|0|0.0|0|0|0.0|0|3|4|0|0|1|1.0|22|28|0|1|0|38|3|1.0|2.0|0.0|0|4.0|0.0|2.0|0.0|27|2|0|0|0|0|202|2025-04|Abril|Grande Niterói e Região dos Lagos|0|Rio Bonito e Boa Esperança|Rio Bonito|Metropolitana|2025-04-01|365
36041|120|4|2025|35|4|Silva Jardim|330560|Interior|0|0|0|0|0|0.0|0|0|0.0|7|0|1|3|0|0|0|0|0|0|0|0|0|0.0|0|0|0.0|0|0|1|0|0|3|0.0|2|6|0|0|0|8|5|2.0|2.0|1.0|0|5.0|0.0|1.0|0.0|15|0|0|0|0|0|62|2025-04|Abril|Grande Niterói e Região dos Lagos|0|Silva Jardim; Aldeia Velha; Correntezas e Gaviões|Silva Jardim|Baixadas Litorâneas|2025-04-01|365
36042|121|4|2025|32|6|Casimiro de Abreu|330130|Interior|0|0|0|0|0|0.0|0|0|0.0|16|1|2|5|0|0|1|1|0|0|0|0|0|0.0|0|0|0.0|0|1|1|0|0|1|0.0|8|10|0|0|0|18|10|2.0|7.0|1.0|2|26.0|3.0|6.0|0.0|20|2|0|0|0|0|119|2025-04|Abril|Norte Fluminense e Noroeste|0|Casimiro de Abreu; Professor Souza; Barra de São João e Rio Dourado|Casimiro de Abreu|Baixadas Litorâneas|2025-04-01|365
36043|122|4|2025|32|6|Conceição de Macabú|330140|Interior|0|0|0|0|0|0.0|0|0|0.0|13|0|1|4|0|0|0|0|0|0|1|0|0|0.0|0|0|0.0|0|1|0|0|0|0|0.0|5|5|0|3|0|11|1|0.0|0.0|1.0|0|4.0|0.0|1.0|0.0|3|0|0|0|0|0|62|2025-04|Abril|Norte Fluminense e Noroeste|0|Conceição de Macabú e Macabuzinho|Conceição de Macabú|Norte Fluminense|2025-04-01|365
36044|123|4|2025|32|6|Macaé|330240|Interior|1|0|0|1|0|0.0|1|2|0.0|85|10|4|42|1|2|0|3|1|0|1|0|0|0.0|0|0|0.0|0|5|11|4|4|7|4.0|113|143|0|4|0|298|37|5.0|31.0|2.0|3|85.0|14.0|12.0|1.0|100|3|0|0|0|0|1149|2025-04|Abril|Norte Fluminense e Noroeste|0|Centro; Cabiúnas; Barra de Macaé; Aeroporto e Imboassica|Macaé|Norte Fluminense|2025-04-01|365
36045|124|4|2025|25|4|Saquarema|330550|Interior|4|0|0|4|0|0.0|4|0|0.0|55|6|3|23|2|1|0|3|5|0|1|0|0|0.0|0|0|0.0|1|10|7|6|0|8|7.0|54|82|0|11|0|86|14|3.0|7.0|4.0|3|18.0|1.0|4.0|0.0|53|4|0|0|0|0|582|2025-04|Abril|Grande Niterói e Região dos Lagos|0|Saquarema; Bacaxá e Sampaio Correia|Saquarema|Baixadas Litorâneas|2025-04-01|365
36046|125|4|2025|25|4|São Pedro da Aldeia|330520|Interior|4|0|0|4|0|0.0|4|0|0.0|13|2|3|8|1|1|0|2|3|0|2|0|0|0.0|0|0|0.0|0|7|10|1|0|2|3.0|25|41|0|0|0|46|16|4.0|12.0|1.0|2|26.0|7.0|4.0|0.0|23|2|0|0|0|0|245|2025-04|Abril|Grande Niterói e Região dos Lagos|0|São Pedro da Aldeia|São Pedro da Aldeia|Baixadas Litorâneas|2025-04-01|365
36047|126|4|2025|25|4|Cabo Frio|330070|Interior|5|0|0|5|1|1.0|7|13|1.0|77|4|1|26|9|2|0|11|4|1|2|1|0|0.0|0|0|0.0|4|23|19|7|0|22|6.0|146|200|0|4|0|179|41|5.0|36.0|0.0|4|50.0|7.0|20.0|0.0|93|8|1|0|0|0|1111|2025-04|Abril|Grande Niterói e Região dos Lagos|0|Cabo Frio e Tamoios|Cabo Frio|Baixadas Litorâneas|2025-04-01|365
36048|127|4|2025|25|4|Armação dos Búzios|330023|Interior|2|0|0|2|0|0.0|2|0|0.0|19|2|0|7|2|0|2|4|1|0|0|0|0|0.0|0|0|0.0|1|6|1|2|0|5|0.0|27|35|0|1|0|30|24|5.0|15.0|4.0|3|21.0|10.0|8.0|2.0|21|2|0|0|0|0|309|2025-04|Abril|Grande Niterói e Região dos Lagos|0|Armação dos Búzios|Armação dos Búzios|Baixadas Litorâneas|2025-04-01|365
36049|128|4|2025|32|6|Rio das Ostras|330452|Interior|2|0|0|2|0|0.0|2|0|1.0|60|6|2|29|2|4|0|6|0|0|0|0|0|0.0|0|0|0.0|3|9|21|2|0|10|2.0|82|117|0|1|0|217|28|2.0|22.0|5.0|9|61.0|16.0|7.0|0.0|71|4|0|0|0|0|847|2025-04|Abril|Norte Fluminense e Noroeste|0|Rio das Ostras|Rio das Ostras|Baixadas Litorâneas|2025-04-01|365
36050|129|4|2025|25|4|Iguaba Grande|330187|Interior|0|0|0|0|0|0.0|0|0|0.0|10|0|0|2|2|1|0|3|1|0|0|0|0|0.0|0|0|0.0|0|4|0|2|0|3|3.0|13|21|0|0|0|17|3|2.0|0.0|1.0|3|1.0|0.0|3.0|0.0|11|1|0|0|0|0|123|2025-04|Abril|Grande Niterói e Região dos Lagos|0|Iguaba Grande|Iguaba Grande|Baixadas Litorâneas|2025-04-01|365
36051|130|4|2025|32|6|Quissamã;Carapebus|999999|Interior|0|0|0|0|0|0.0|0|1|0.0|11|0|0|0|0|0|0|0|0|0|0|0|0|0.0|0|0|0.0|0|0|1|0|0|0|1.0|10|12|0|0|0|10|11|3.0|5.0|4.0|2|20.0|1.0|1.0|0.0|11|0|0|0|0|0|92|2025-04|Abril|Norte Fluminense e Noroeste|0|Centro; UB-S; Rodagem; Carapebus e Praia de Carapebus|Carapebus|Norte Fluminense|2025-04-01|365
36052|132|4|2025|25|4|Arraial do Cabo|330025|Interior|1|0|0|1|0|0.0|1|1|0.0|24|2|0|1|2|0|0|2|0|0|0|0|0|0.0|0|0|0.0|2|4|1|2|0|24|0.0|17|44|0|2|0|24|10|6.0|4.0|0.0|0|22.0|3.0|8.0|0.0|23|1|0|0|0|0|215|2025-04|Abril|Grande Niterói e Região dos Lagos|0|Arraial do Cabo|Arraial do Cabo|Baixadas Litorâneas|2025-04-01|365
36053|134|4|2025|8|6|Campos dos Goytacazes|330100|Interior|6|0|3|9|0|0.0|9|1|0.0|85|9|2|20|12|7|0|19|1|0|5|3|0|0.0|0|0|0.0|5|33|8|5|5|25|8.0|113|164|0|6|0|262|148|102.0|24.0|24.0|9|91.0|10.0|16.0|0.0|102|5|0|0|0|0|1300|2025-04|Abril|Norte Fluminense e Noroeste|0|Campos dos Goytacazes (Primeiro Subdistrito; Segundo Subdistrito e Quarto Subdistrito); Ibitioca; Dores de Macabu; Morangaba; Mussurepe; Serrinha; Santo Amaro de Campos; São Sebastião de Campos e Tocos|Campos dos Goytacazes|Norte Fluminense|2025-04-01|365
36054|135|4|2025|36|6|Itaocara|330210|Interior|0|0|0|0|0|0.0|0|2|0.0|8|1|1|4|0|0|0|0|0|0|0|0|0|0.0|0|0|0.0|0|0|0|0|0|0|0.0|2|2|0|0|0|16|13|3.0|5.0|5.0|0|8.0|0.0|2.0|0.0|6|0|0|0|0|0|84|2025-04|Abril|Norte Fluminense e Noroeste|0|Itaocara; Portela; Batatal; Laranjais; Jaguarembe e Estrada Nova|Itaocara|Noroeste Fluminense|2025-04-01|365
36055|136|4|2025|36|6|Santo Antônio de Pádua;Aperibé|999999|Interior|3|0|0|3|0|0.0|3|0|0.0|18|1|0|1|0|0|0|0|0|0|0|0|0|0.0|0|0|0.0|0|0|0|0|0|1|3.0|10|14|0|0|0|20|75|40.0|14.0|21.0|1|17.0|3.0|4.0|0.0|32|0|0|0|0|0|218|2025-04|Abril|Norte Fluminense e Noroeste|0|Aperibé|Aperibé|Noroeste Fluminense|2025-04-01|365
36056|137|4|2025|36|6|Miracema|330300|Interior|0|0|0|0|0|0.0|0|0|0.0|6|1|0|3|0|0|0|0|0|0|0|0|0|0.0|0|0|0.0|0|0|1|0|0|1|0.0|5|7|0|0|0|4|35|17.0|16.0|2.0|0|11.0|2.0|3.0|0.0|7|0|1|0|0|0|98|2025-04|Abril|Norte Fluminense e Noroeste|0|Miracema; Venda das Flores e Paraíso do Tobias|Miracema|Noroeste Fluminense|2025-04-01|365
36057|138|4|2025|29|6|Laje do Muriaé|330230|Interior|1|0|0|1|0|0.0|1|1|0.0|4|0|0|0|0|0|0|0|0|0|0|0|0|0.0|0|0|0.0|0|0|0|0|0|0|0.0|1|1|0|0|0|1|3|3.0|0.0|0.0|0|4.0|0.0|1.0|0.0|3|0|0|0|0|0|29|2025-04|Abril|Norte Fluminense e Noroeste|0|Laje do Muriaé|Laje do Muriaé|Noroeste Fluminense|2025-04-01|365
36058|139|4|2025|29|6|Porciúncula|330410|Interior|0|0|0|0|0|0.0|0|1|0.0|5|0|0|0|0|0|0|0|0|0|0|0|0|0.0|0|0|0.0|0|0|1|0|0|0|1.0|6|8|0|0|0|4|7|5.0|2.0|0.0|2|10.0|0.0|3.0|0.0|13|1|0|0|0|0|72|2025-04|Abril|Norte Fluminense e Noroeste|0|Porciúncula; Purilândia e Santa Clara|Porciúncula|Noroeste Fluminense|2025-04-01|365
36059|140|4|2025|29|6|Natividade;Varre-Sai|999999|Interior|0|0|0|0|0|0.0|0|0|0.0|12|1|0|1|0|0|0|0|0|0|0|0|0|0.0|0|0|0.0|0|0|0|0|0|0|0.0|4|4|0|0|0|8|11|7.0|4.0|1.0|0|5.0|1.0|2.0|0.0|8|0|0|0|0|0|72|2025-04|Abril|Norte Fluminense e Noroeste|0|Natividade; Ourania e Bom Jesus do Querendo|Natividade|Noroeste Fluminense|2025-04-01|365
36060|141|4|2025|8|6|São Fidélis|330480|Interior|0|0|0|0|0|0.0|0|0|0.0|17|0|1|13|0|1|0|1|0|0|1|0|0|0.0|0|0|0.0|0|2|3|0|0|1|0.0|7|11|0|1|0|22|14|3.0|7.0|4.0|4|20.0|0.0|0.0|0.0|22|0|0|0|0|0|165|2025-04|Abril|Norte Fluminense e Noroeste|0|São Fidelis; Cambiasca; Colonia; Ipuca e Pureza|São Fidélis|Norte Fluminense|2025-04-01|365
36061|142|4|2025|36|6|Cambuci|330090|Interior|0|0|0|0|0|0.0|0|0|0.0|2|0|0|2|0|0|0|0|0|0|0|0|0|0.0|0|0|0.0|0|0|1|0|0|0|0.0|2|3|0|0|0|6|9|6.0|2.0|1.0|1|3.0|0.0|0.0|0.0|2|0|0|0|0|0|44|2025-04|Abril|Norte Fluminense e Noroeste|0|Cambuci; Três Irmãos; Funil; Monte Verde e São João do Paraíso|Cambuci|Noroeste Fluminense|2025-04-01|365
36062|143|4|2025|29|6|Itaperuna;São José de Ubá|999999|Interior|4|0|0|4|0|0.0|4|2|0.0|28|4|1|7|0|0|0|0|0|0|0|1|0|0.0|0|0|0.0|0|1|5|0|0|1|4.0|21|31|0|3|0|71|80|40.0|19.0|22.0|1|26.0|4.0|14.0|1.0|51|0|0|0|0|0|380|2025-04|Abril|Norte Fluminense e Noroeste|0|Itaperuna; Boaventura; Nossa Senhora da Penha; Itajara; Retiro do Muriaé; Raposo e Comendador Venâncio|Itaperuna|Noroeste Fluminense|2025-04-01|365
36063|144|4|2025|29|6|Bom Jesus de Itabapoana|330060|Interior|0|0|0|0|0|0.0|0|3|0.0|23|0|0|0|0|0|0|0|0|0|0|0|0|0.0|0|0|0.0|0|0|1|0|0|2|0.0|6|9|0|0|0|16|17|8.0|9.0|1.0|1|13.0|3.0|3.0|1.0|20|0|0|0|0|0|126|2025-04|Abril|Norte Fluminense e Noroeste|0|Bom Jesus de Itabapoana; Carabuçú; Calheiros; Pirapetinga de Bom Jesus; Rosal e Serrinha|Bom Jesus de Itabapoana|Noroeste Fluminense|2025-04-01|365
36064|145|4|2025|8|6|São João da Barra|330500|Interior|2|0|0|2|0|0.0|2|0|0.0|9|0|0|3|1|0|0|1|0|0|1|0|0|0.0|0|0|0.0|4|6|0|0|0|2|0.0|10|12|0|1|0|19|18|4.0|11.0|3.0|2|18.0|2.0|1.0|0.0|18|1|0|0|0|0|135|2025-04|Abril|Norte Fluminense e Noroeste|0|Barcelos; Atafona; São João da Barra; Grussaí; Cajueiro e Pipeiras|São João da Barra|Norte Fluminense|2025-04-01|365
36065|146|4|2025|8|6|Campos dos Goytacazes|330100|Interior|3|0|0|3|0|0.0|3|12|1.0|42|5|4|9|4|4|0|8|2|0|5|1|0|0.0|0|0|0.0|4|20|5|2|1|4|2.0|24|38|0|0|0|28|54|16.0|22.0|17.0|6|52.0|11.0|6.0|0.0|57|4|1|0|0|0|373|2025-04|Abril|Norte Fluminense e Noroeste|0|Campos dos Goytacazes (Terceiro Subdistrito); Santa Maria; Morro do Coco; Santo Eduardo; Travessão e Vila Nova de Campos|Campos dos Goytacazes|Norte Fluminense|2025-04-01|365
36066|147|4|2025|8|6|São Francisco de Itabapoana|330475|Interior|3|0|0|3|0|0.0|3|1|0.0|13|2|0|2|1|0|0|1|0|0|0|0|0|0.0|0|0|0.0|1|2|1|0|0|2|0.0|10|13|0|1|0|12|9|0.0|5.0|4.0|0|7.0|2.0|2.0|1.0|15|0|1|0|0|0|109|2025-04|Abril|Norte Fluminense e Noroeste|0|São Francisco de Itabapoana; Maniva e Barra Seca|São Francisco de Itabapoana|Norte Fluminense|2025-04-01|365
36067|148|4|2025|29|6|Cardoso Moreira;Italva|999999|Interior|0|0|0|0|0|0.0|0|0|0.0|14|0|0|0|0|0|0|0|0|0|0|0|0|0.0|0|0|0.0|0|0|1|0|0|0|0.0|5|6|0|0|0|5|11|5.0|4.0|3.0|1|8.0|0.0|3.0|0.0|13|0|0|0|0|0|76|2025-04|Abril|Norte Fluminense e Noroeste|0|Italva|Italva|Noroeste Fluminense|2025-04-01|365
36068|151|4|2025|11|7|Nova Friburgo|330340|Interior|1|0|0|1|0|0.0|1|2|0.0|76|5|1|36|0|0|0|0|0|0|0|1|0|0.0|0|0|0.0|1|2|2|4|1|10|0.0|30|47|0|3|0|175|53|9.0|39.0|5.0|7|76.0|16.0|10.0|1.0|99|6|0|0|0|0|846|2025-04|Abril|Região Serrana|0|Nova Friburgo; São Pedro da Serra; Lumiar; Amparo; Riograndina; Conselheiro Paulino e Campo do Coelho|Nova Friburgo|Serrana|2025-04-01|365
36069|152|4|2025|11|7|Duas Barras|330160|Interior|0|0|0|0|0|0.0|0|0|0.0|7|0|0|0|0|0|0|0|0|0|0|0|0|0.0|0|0|0.0|0|0|0|0|0|0|0.0|3|3|0|0|0|4|1|1.0|0.0|0.0|0|4.0|0.0|2.0|0.0|10|0|0|0|0|0|46|2025-04|Abril|Região Serrana|0|Duas Barras e Monnerat|Duas Barras|Serrana|2025-04-01|365
36070|153|4|2025|11|7|Cantagalo|330110|Interior|0|0|0|0|0|0.0|0|0|0.0|8|0|0|0|0|0|0|0|0|0|0|0|0|0.0|0|0|0.0|0|0|0|1|0|1|0.0|0|2|0|1|0|10|1|0.0|1.0|0.0|0|4.0|0.0|0.0|0.0|8|0|0|0|0|0|62|2025-04|Abril|Região Serrana|0|Cantagalo; Santa Rita da Floresta; Boa Sorte; Euclidelândia e São Sebastião do Paraíba|Cantagalo|Serrana|2025-04-01|365
36071|154|4|2025|11|7|Cordeiro;Macuco|999999|Interior|0|0|0|0|0|0.0|0|0|0.0|8|1|2|4|0|0|0|0|0|0|0|0|0|0.0|0|0|0.0|0|0|0|1|0|2|0.0|10|13|0|1|0|12|3|1.0|1.0|1.0|1|2.0|0.0|2.0|0.0|18|0|0|0|0|0|118|2025-04|Abril|Região Serrana|0|Cordeiro|Cordeiro|Serrana|2025-04-01|365
36072|155|4|2025|36|6|São Sebastião do Alto|330530|Interior|2|0|0|2|0|0.0|2|0|0.0|1|1|0|0|0|0|0|0|0|0|0|0|0|0.0|0|0|0.0|0|0|0|0|0|0|0.0|0|0|0|0|0|2|2|2.0|0.0|0.0|0|1.0|0.0|1.0|0.0|2|0|0|0|0|0|17|2025-04|Abril|Norte Fluminense e Noroeste|0|São Sebastião do Alto; Valão do Barro e Ipituna|São Sebastião do Alto|Serrana|2025-04-01|365
36073|156|4|2025|11|7|Santa Maria Madalena|330460|Interior|0|0|0|0|0|0.0|0|0|0.0|1|0|0|0|0|0|0|0|0|0|0|0|0|0.0|0|0|0.0|0|0|0|0|0|0|0.0|2|2|0|0|0|1|0|0.0|0.0|0.0|0|0.0|0.0|0.0|0.0|2|0|0|0|0|0|16|2025-04|Abril|Região Serrana|0|Santa Maria Madalena; Doutor Loreti; Renascença; Santo Antônio do Imbé; Sossego e Triunfo|Santa Maria Madalena|Serrana|2025-04-01|365
36074|157|4|2025|11|7|Trajano de Morais|330590|Interior|0|0|0|0|0|0.0|0|0|0.0|4|0|0|0|0|0|0|0|0|0|0|0|0|0.0|0|0|0.0|0|0|0|0|0|0|0.0|2|2|0|0|0|1|4|2.0|2.0|0.0|0|4.0|0.0|1.0|0.0|5|0|0|0|0|0|25|2025-04|Abril|Região Serrana|0|Trajano de Moraes; Doutor Elias; Sodrelândia; Vila da Grama e Visconde de Imbé|Trajano de Moraes|Serrana|2025-04-01|365
36075|158|4|2025|11|7|Bom Jardim|330050|Interior|1|0|0|1|0|0.0|1|0|0.0|6|1|1|10|0|0|0|0|0|0|0|0|0|0.0|0|0|0.0|0|0|0|0|0|0|0.0|2|2|0|1|0|7|10|3.0|5.0|3.0|0|8.0|1.0|1.0|0.0|7|0|0|0|0|0|77|2025-04|Abril|Região Serrana|0|Bom Jardim; Banquete; Barra Alegre e São José do Ribeirão|Bom Jardim|Serrana|2025-04-01|365
36076|159|4|2025|35|4|Cachoeiras de Macacu|330080|Interior|0|0|0|0|0|0.0|0|1|0.0|12|0|0|5|1|0|0|1|0|2|0|0|0|0.0|0|0|0.0|0|3|0|1|0|0|0.0|6|7|0|2|0|31|5|1.0|4.0|0.0|0|4.0|1.0|6.0|0.0|18|1|0|0|0|0|117|2025-04|Abril|Grande Niterói e Região dos Lagos|0|Cachoeiras de Macacu; Japuíba e Subaio|Cachoeiras de Macacu|Metropolitana|2025-04-01|365
36077|165|4|2025|33|5|Mangaratiba|330260|Interior|2|0|0|2|0|0.0|2|1|0.0|25|2|0|2|1|0|0|1|0|0|0|1|0|0.0|0|0|0.0|0|2|4|0|1|3|0.0|16|24|0|1|0|29|18|13.0|3.0|3.0|2|11.0|1.0|4.0|1.0|33|1|0|0|0|0|221|2025-04|Abril|Sul Fluminense|0|Mangaratiba; Conceição de Jacareí; Vila Muriquí; Itacuruçá|Mangaratiba|Costa Verde|2025-04-01|365
36078|166|4|2025|33|5|Angra dos Reis|330010|Interior|3|0|0|3|2|0.0|5|3|0.0|57|3|4|12|2|2|0|4|1|0|0|0|0|0.0|0|0|0.0|0|5|10|2|0|6|1.0|33|52|0|1|1|97|31|8.0|20.0|4.0|7|44.0|4.0|6.0|2.0|57|2|0|0|0|0|570|2025-04|Abril|Sul Fluminense|0|Angra dos Reis; Jacuecanga; Cunhambebe; Mambucaba; Abraão e Praia de Araçatiba|Angra dos Reis|Costa Verde|2025-04-01|365
36079|167|4|2025|43|5|Paraty|330380|Interior|1|0|0|1|0|0.0|1|0|0.0|11|4|3|5|0|1|0|1|0|0|0|0|0|0.0|0|0|0.0|0|1|1|1|0|9|1.0|24|36|0|0|0|19|23|3.0|20.0|0.0|1|29.0|5.0|6.0|0.0|27|1|0|0|0|0|233|2025-04|Abril|Sul Fluminense|0|Paraty; Paraty-Mirim e Tarituba|Paraty|Costa Verde|2025-04-01|365
36080|168|4|2025|28|5|Rio Claro|330440|Interior|0|0|0|0|0|0.0|0|0|0.0|5|0|0|4|0|0|0|0|0|0|0|0|0|0.0|0|0|0.0|0|0|0|0|0|1|0.0|3|4|0|0|0|8|2|2.0|0.0|0.0|0|1.0|0.0|1.0|0.0|14|3|0|0|0|0|55|2025-04|Abril|Sul Fluminense|0|Rio Claro; Getulândia; Lídice; Passa Três e São João Marcos|Rio Claro|Médio Paraíba|2025-04-01|365
36081|1|5|2025|5|1|Rio de Janeiro|330455|Capital|1|0|0|1|0|0.0|1|0|0.0|17|0|0|3|69|23|7|99|1|1|0|0|0|0.0|0|0|2.0|5|108|1|83|30|50|4.0|80|248|0|3|0|165|3|1.0|2.0|0.0|0|45.0|6.0|11.0|3.0|21|0|0|0|0|0|748|2025-05|Maio|Capital (Zona Sul, Centro e parte da Norte)|0|Centro (parte)|Rio de Janeiro|Metropolitana|2025-05-01|365
36082|4|5|2025|5|1|Rio de Janeiro|330455|Capital|1|0|0|1|0|0.0|1|0|0.0|15|0|0|13|26|14|8|48|4|0|0|0|0|0.0|0|0|0.0|9|61|2|32|26|98|3.0|49|210|0|0|0|30|12|2.0|10.0|0.0|3|42.0|1.0|19.0|0.0|15|5|2|0|0|0|660|2025-05|Maio|Capital (Zona Sul, Centro e parte da Norte)|0|Centro (parte); Gamboa; Santo Cristo e Saúde|Rio de Janeiro|Metropolitana|2025-05-01|365
36083|5|5|2025|5|1|Rio de Janeiro|330455|Capital|0|0|0|0|1|0.0|1|0|0.0|48|3|0|10|85|71|2|158|4|0|2|1|0|0.0|0|0|0.0|23|188|12|63|10|246|7.0|178|516|0|3|0|188|7|2.0|4.0|1.0|2|44.0|28.0|14.0|3.0|44|5|2|0|0|0|1378|2025-05|Maio|Capital (Zona Sul, Centro e parte da Norte)|0|Centro (parte); Lapa e Paquetá|Rio de Janeiro|Metropolitana|2025-05-01|365
36084|6|5|2025|4|1|Rio de Janeiro|330455|Capital|0|0|0|0|0|0.0|0|5|0.0|23|7|3|45|17|29|14|60|7|1|0|0|0|0.0|0|0|3.0|9|80|10|10|16|55|0.0|78|169|0|3|0|60|2|0.0|2.0|0.0|13|11.0|6.0|7.0|2.0|10|1|0|0|0|0|564|2025-05|Maio|Capital (Zona Sul, Centro e parte da Norte)|0|Catumbi; Cidade Nova; Estácio; Rio Comprido e Centro (parte)|Rio de Janeiro|Metropolitana|2025-05-01|365
36085|7|5|2025|5|1|Rio de Janeiro|330455|Capital|0|0|0|0|0|0.0|0|0|0.0|8|0|0|0|15|9|0|24|3|1|0|0|0|0.0|0|0|0.0|2|30|7|6|0|13|0.0|23|49|0|0|0|43|7|0.0|5.0|2.0|6|11.0|1.0|0.0|0.0|10|0|0|0|0|0|238|2025-05|Maio|Capital (Zona Sul, Centro e parte da Norte)|0|Santa Teresa|Rio de Janeiro|Metropolitana|2025-05-01|365
36086|9|5|2025|2|1|Rio de Janeiro|330455|Capital|0|0|0|0|0|1.0|1|6|0.0|32|0|4|22|45|47|3|95|11|0|7|0|0|0.0|0|0|4.0|4|121|3|68|20|128|13.0|139|371|0|5|0|188|3|2.0|1.0|0.0|1|31.0|4.0|2.0|0.0|30|4|0|0|0|0|1124|2025-05|Maio|Capital (Zona Sul, Centro e parte da Norte)|0|Catete; Cosme Velho; Flamengo; Glória e Laranjeiras|Rio de Janeiro|Metropolitana|2025-05-01|365
36087|10|5|2025|2|1|Rio de Janeiro|330455|Capital|0|0|0|0|0|0.0|0|0|0.0|33|1|1|21|53|60|4|117|7|0|5|1|0|0.0|0|0|8.0|27|165|13|20|22|119|20.0|234|428|0|5|0|146|9|6.0|3.0|0.0|6|28.0|11.0|5.0|1.0|27|5|0|0|0|0|1166|2025-05|Maio|Capital (Zona Sul, Centro e parte da Norte)|0|Botafogo; Humaitá e Urca|Rio de Janeiro|Metropolitana|2025-05-01|365
36088|11|5|2025|23|1|Rio de Janeiro|330455|Capital|0|0|0|0|0|0.0|0|1|0.0|6|1|0|0|0|0|0|0|0|0|0|0|0|0.0|0|0|0.0|1|1|1|3|0|2|0.0|3|9|0|2|0|24|3|0.0|1.0|2.0|0|2.0|0.0|3.0|0.0|11|1|0|0|0|0|86|2025-05|Maio|Capital (Zona Sul, Centro e parte da Norte)|0|Rocinha|Rio de Janeiro|Metropolitana|2025-05-01|365
36089|12|5|2025|19|1|Rio de Janeiro|330455|Capital|0|0|0|0|0|0.0|0|0|0.0|24|3|0|9|24|39|1|64|0|1|4|1|0|0.0|0|0|0.0|9|79|2|187|7|551|32.0|258|1037|0|8|0|262|14|7.0|6.0|1.0|4|45.0|8.0|15.0|0.0|28|7|0|0|0|0|1883|2025-05|Maio|Capital (Zona Sul, Centro e parte da Norte)|0|Copacabana (parte) e Leme|Rio de Janeiro|Metropolitana|2025-05-01|365
36090|13|5|2025|19|1|Rio de Janeiro|330455|Capital|0|0|0|0|0|0.0|0|1|0.0|20|2|0|4|12|5|1|18|0|2|4|0|0|0.0|0|0|0.0|3|27|1|100|4|260|13.0|200|578|0|4|0|100|3|1.0|2.0|0.0|1|22.0|1.0|5.0|1.0|11|2|0|0|0|0|982|2025-05|Maio|Capital (Zona Sul, Centro e parte da Norte)|0|Copacabana (parte)|Rio de Janeiro|Metropolitana|2025-05-01|365
36091|14|5|2025|23|1|Rio de Janeiro|330455|Capital|0|0|0|0|0|0.0|0|0|0.0|23|0|1|15|15|19|0|34|1|0|0|0|0|0.0|0|0|4.0|4|43|7|50|5|203|77.0|193|535|0|6|1|194|9|5.0|3.0|1.0|1|31.0|5.0|2.0|1.0|20|8|0|0|0|0|1145|2025-05|Maio|Capital (Zona Sul, Centro e parte da Norte)|0|Ipanema e Leblon|Rio de Janeiro|Metropolitana|2025-05-01|365
36092|15|5|2025|23|1|Rio de Janeiro|330455|Capital|0|0|0|0|0|0.0|0|2|0.0|18|1|3|13|8|9|0|17|4|0|1|0|0|0.0|0|0|0.0|12|34|1|14|18|45|12.0|69|159|0|3|0|146|3|2.0|1.0|0.0|3|15.0|5.0|5.0|1.0|19|4|0|0|0|0|621|2025-05|Maio|Capital (Zona Sul, Centro e parte da Norte)|0|Gávea; Jardim Botânico; Lagoa; São Conrado e Vidigal|Rio de Janeiro|Metropolitana|2025-05-01|365
36093|16|5|2025|31|2|Rio de Janeiro|330455|Capital|2|1|0|3|0|0.0|3|3|0.0|61|5|5|43|54|46|13|113|4|0|4|0|0|0.0|0|0|4.0|42|167|25|20|53|213|12.0|272|595|0|10|0|431|11|5.0|5.0|1.0|10|66.0|7.0|14.0|10.0|76|9|1|0|0|0|2062|2025-05|Maio|Capital (Zona Oeste e parte da Norte)|0|Barra da Tijuca; Itanhangá; Joá|Rio de Janeiro|Metropolitana|2025-05-01|365
36094|17|5|2025|4|1|Rio de Janeiro|330455|Capital|0|0|0|0|0|0.0|0|1|1.0|39|2|3|39|21|21|5|47|25|4|3|0|0|0.0|0|0|2.0|34|115|6|13|17|62|0.0|120|218|0|1|0|111|3|1.0|1.0|1.0|8|28.0|7.0|8.0|2.0|34|5|1|0|0|0|790|2025-05|Maio|Capital (Zona Sul, Centro e parte da Norte)|0|Caju; Mangueira; São Cristóvão e Vasco da Gama|Rio de Janeiro|Metropolitana|2025-05-01|365
36095|18|5|2025|6|1|Rio de Janeiro|330455|Capital|1|1|0|2|0|0.0|2|1|0.0|20|3|1|34|58|101|13|172|14|0|5|1|0|0.0|0|0|2.0|16|210|9|61|21|177|3.0|142|413|0|2|0|91|8|7.0|1.0|0.0|1|29.0|2.0|2.0|1.0|17|0|0|0|0|0|1089|2025-05|Maio|Capital (Zona Sul, Centro e parte da Norte)|0|Maracanã; Praça da Bandeira e Tijuca (parte)|Rio de Janeiro|Metropolitana|2025-05-01|365
36096|19|5|2025|6|1|Rio de Janeiro|330455|Capital|1|0|0|1|0|0.0|1|0|0.0|38|7|1|22|43|37|8|88|15|1|5|1|0|0.0|0|0|0.0|16|126|3|31|35|62|2.0|145|278|0|8|0|185|9|6.0|2.0|1.0|11|29.0|4.0|8.0|6.0|33|2|0|0|0|0|1049|2025-05|Maio|Capital (Zona Sul, Centro e parte da Norte)|0|Alto da Boa Vista e Tijuca (parte)|Rio de Janeiro|Metropolitana|2025-05-01|365
36097|20|5|2025|6|1|Rio de Janeiro|330455|Capital|2|0|0|2|1|0.0|3|8|0.0|26|1|0|11|34|29|2|65|4|2|0|0|0|0.0|0|0|1.0|15|87|10|8|15|46|3.0|124|206|0|3|0|186|4|2.0|2.0|0.0|8|18.0|0.0|2.0|1.0|27|1|1|0|0|0|865|2025-05|Maio|Capital (Zona Sul, Centro e parte da Norte)|0|Andaraí; Grajaú e Vila Isabel|Rio de Janeiro|Metropolitana|2025-05-01|365
36098|21|5|2025|22|1|Rio de Janeiro|330455|Capital|6|0|0|6|2|2.0|10|2|0.0|77|3|2|61|31|49|3|83|45|9|6|0|0|0.0|0|0|0.0|30|173|25|19|19|94|0.0|203|360|0|1|0|232|20|10.0|6.0|4.0|45|71.0|8.0|50.0|6.0|59|10|1|0|0|0|1438|2025-05|Maio|Capital (Zona Sul, Centro e parte da Norte)|0|Benfica; Bonsucesso; Higienópolis; Manguinhos; Maré e Ramos|Rio de Janeiro|Metropolitana|2025-05-01|365
36099|22|5|2025|16|1|Rio de Janeiro|330455|Capital|2|0|0|2|1|0.0|3|1|0.0|47|7|2|18|33|27|1|61|13|4|0|1|0|0.0|0|0|0.0|10|89|20|13|8|19|1.0|102|163|0|5|0|132|7|1.0|6.0|0.0|20|39.0|2.0|6.0|1.0|38|7|0|0|0|0|750|2025-05|Maio|Capital (Zona Sul, Centro e parte da Norte)|0|Brás de Pina (parte); Olaria; Penha e Penha Circular (parte)|Rio de Janeiro|Metropolitana|2025-05-01|365
36100|23|5|2025|3|1|Rio de Janeiro|330455|Capital|1|0|0|1|0|0.0|1|0|1.0|16|0|1|15|19|14|2|35|10|0|2|0|0|0.0|0|0|0.0|6|53|11|9|6|11|0.0|63|100|0|1|0|71|0|0.0|0.0|0.0|3|21.0|3.0|2.0|0.0|25|0|0|0|0|0|430|2025-05|Maio|Capital (Zona Sul, Centro e parte da Norte)|0|Cachambi; Méier (parte) e Todos os Santos (parte)|Rio de Janeiro|Metropolitana|2025-05-01|365
36101|24|5|2025|3|1|Rio de Janeiro|330455|Capital|0|0|0|0|3|0.0|3|1|1.0|33|1|1|17|40|32|3|75|51|1|1|1|0|0.0|0|0|0.0|21|150|16|17|6|202|0.0|139|380|0|1|0|118|2|2.0|0.0|0.0|8|23.0|1.0|2.0|0.0|33|4|0|0|0|0|960|2025-05|Maio|Capital (Zona Sul, Centro e parte da Norte)|0|Abolição; Água Santa (parte); Encantado; Engenho de Dentro (parte); Pilares e Piedade|Rio de Janeiro|Metropolitana|2025-05-01|365
36102|25|5|2025|3|1|Rio de Janeiro|330455|Capital|1|0|0|1|1|0.0|2|2|1.0|39|0|1|23|20|35|9|64|17|0|1|2|0|0.0|0|0|0.0|21|105|4|15|26|48|0.0|66|159|0|1|0|109|12|6.0|4.0|2.0|38|24.0|3.0|18.0|5.0|29|2|0|0|0|0|765|2025-05|Maio|Capital (Zona Sul, Centro e parte da Norte)|0|Engenho Novo; Jacaré; Jacarezinho; Riachuelo; Rocha; Sampaio e São Francisco Xavier|Rio de Janeiro|Metropolitana|2025-05-01|365
36103|26|5|2025|3|1|Rio de Janeiro|330455|Capital|1|0|0|1|0|0.0|1|0|0.0|24|4|0|19|29|35|1|65|18|0|7|1|0|0.0|0|0|0.0|18|109|7|11|9|62|0.0|99|188|0|5|0|118|5|3.0|2.0|0.0|12|8.0|1.0|7.0|1.0|23|2|0|0|0|0|724|2025-05|Maio|Capital (Zona Sul, Centro e parte da Norte)|0|Água Santa (parte); Engenho de Dentro (parte); Lins de Vasconcelos e Todos os Santos|Rio de Janeiro|Metropolitana|2025-05-01|365
36104|27|5|2025|41|2|Rio de Janeiro|330455|Capital|2|0|0|2|0|0.0|2|0|0.0|42|6|4|33|85|90|4|179|83|10|3|0|0|1.0|0|1|0.0|32|309|32|6|19|22|1.0|95|175|0|6|5|198|4|0.0|3.0|1.0|21|14.0|5.0|12.0|1.0|39|3|0|0|0|0|1111|2025-05|Maio|Capital (Zona Oeste e parte da Norte)|0|Colégio (parte); Irajá; Vicente de Carvalho; Vila Kosmos; Vila da Penha e Vista Alegre|Rio de Janeiro|Metropolitana|2025-05-01|365
36105|28|5|2025|18|2|Rio de Janeiro|330455|Capital|0|0|0|0|0|0.0|0|4|0.0|18|1|0|17|12|27|1|40|31|0|2|0|0|0.0|0|0|0.0|5|78|7|7|19|23|0.0|55|111|0|3|0|158|3|0.0|3.0|0.0|10|19.0|0.0|6.0|0.0|39|7|1|0|0|0|689|2025-05|Maio|Capital (Zona Oeste e parte da Norte)|0|Vila Valqueire; Praça Seca e Tanque (parte)|Rio de Janeiro|Metropolitana|2025-05-01|365
36106|29|5|2025|9|2|Rio de Janeiro|330455|Capital|8|0|0|8|0|0.0|8|2|0.0|39|1|2|31|119|59|30|208|78|4|3|1|0|0.0|0|2|0.0|19|315|30|51|39|69|1.0|123|313|0|7|2|206|7|0.0|3.0|4.0|60|23.0|0.0|5.0|0.0|37|7|0|0|0|0|1295|2025-05|Maio|Capital (Zona Oeste e parte da Norte)|0|Cavalcanti; Engenheiro Leal; Madureira; Turiaçu; Vaz Lobo; Oswaldo Cruz (parte); Cascadura e Quintino Bocaiúva|Rio de Janeiro|Metropolitana|2025-05-01|365
36107|30|5|2025|9|2|Rio de Janeiro|330455|Capital|0|0|0|0|0|0.0|0|1|0.0|40|1|0|15|41|30|12|83|33|0|4|0|0|0.0|0|0|1.0|16|137|35|2|15|17|1.0|62|132|0|4|0|103|2|2.0|0.0|0.0|7|16.0|1.0|4.0|0.0|45|2|0|0|0|0|684|2025-05|Maio|Capital (Zona Oeste e parte da Norte)|0|Bento Ribeiro; Campinho; Marechal Hermes e Oswaldo Cruz (parte)|Rio de Janeiro|Metropolitana|2025-05-01|365
36108|31|5|2025|41|2|Rio de Janeiro|330455|Capital|1|0|0|1|1|1.0|3|3|1.0|56|2|0|10|24|44|1|69|22|9|1|0|0|0.0|0|0|0.0|3|104|15|5|5|19|0.0|33|77|0|0|0|84|5|0.0|3.0|2.0|16|15.0|0.0|4.0|1.0|38|4|0|0|0|0|516|2025-05|Maio|Capital (Zona Oeste e parte da Norte)|0|Anchieta; Guadalupe; Parque Anchieta e Ricardo de Albuquerque|Rio de Janeiro|Metropolitana|2025-05-01|365
36109|32|5|2025|18|2|Rio de Janeiro|330455|Capital|4|0|0|4|0|0.0|4|15|0.0|103|14|3|62|56|73|9|138|38|1|5|2|0|2.0|0|2|0.0|20|208|30|44|36|85|4.0|235|434|0|14|0|550|9|0.0|8.0|1.0|30|58.0|4.0|19.0|7.0|169|16|1|0|0|1|2264|2025-05|Maio|Capital (Zona Oeste e parte da Norte)|1|Anil; Cidade de Deus; Curicica; Gardênia Azul; Jacarepaguá e Taquara|Rio de Janeiro|Metropolitana|2025-05-01|365
36110|33|5|2025|14|2|Rio de Janeiro|330455|Capital|0|0|0|0|1|0.0|1|0|1.0|69|7|3|43|18|35|1|54|33|6|2|0|0|0.0|0|0|0.0|10|105|36|2|8|25|3.0|75|149|0|3|0|121|2|0.0|2.0|0.0|18|37.0|1.0|10.0|0.0|57|6|0|0|0|0|788|2025-05|Maio|Capital (Zona Oeste e parte da Norte)|0|Campo dos Afonsos; Deodoro; Jardim Sulacap; Magalhães Bastos; Realengo e Vila Militar|Rio de Janeiro|Metropolitana|2025-05-01|365
36111|34|5|2025|14|2|Rio de Janeiro|330455|Capital|6|0|1|7|0|0.0|7|3|1.0|125|11|5|27|56|30|6|92|51|14|2|0|0|0.0|0|0|0.0|12|171|24|6|7|21|1.0|267|326|0|6|0|228|37|0.0|21.0|16.0|25|122.0|3.0|22.0|1.0|110|12|2|0|0|0|1456|2025-05|Maio|Capital (Zona Oeste e parte da Norte)|0|Bangu; Gericinó; Padre Miguel e Senador Camará|Rio de Janeiro|Metropolitana|2025-05-01|365
36112|35|5|2025|40|2|Rio de Janeiro|330455|Capital|3|0|1|4|1|0.0|5|6|1.0|204|12|6|94|40|38|7|85|61|8|2|2|0|0.0|0|2|0.0|14|174|55|13|12|49|4.0|327|460|0|8|1|349|1|1.0|0.0|0.0|35|79.0|1.0|12.0|2.0|193|27|0|0|0|0|2365|2025-05|Maio|Capital (Zona Oeste e parte da Norte)|0|Campo Grande; Cosmos; Inhoaíba; Santíssimo e Senador Vasconcelos|Rio de Janeiro|Metropolitana|2025-05-01|365
36113|36|5|2025|27|2|Rio de Janeiro|330455|Capital|1|0|0|1|1|1.0|3|1|0.0|136|12|3|34|21|29|5|55|8|3|1|0|0|0.0|0|0|0.0|3|70|10|10|8|28|2.0|76|134|0|5|0|266|1|1.0|0.0|0.0|15|44.0|1.0|5.0|0.0|113|10|2|1|0|0|1167|2025-05|Maio|Capital (Zona Oeste e parte da Norte)|0|Paciência e Santa Cruz|Rio de Janeiro|Metropolitana|2025-05-01|365
36114|37|5|2025|17|1|Rio de Janeiro|330455|Capital|7|0|0|7|1|0.0|8|5|0.0|73|5|1|38|6|4|2|12|3|1|0|0|0|0.0|0|0|0.0|5|21|13|4|9|16|1.0|54|97|0|2|0|123|11|6.0|3.0|2.0|11|33.0|6.0|5.0|0.0|49|1|0|0|0|0|763|2025-05|Maio|Capital (Zona Sul, Centro e parte da Norte)|0|Bancários; Cacuia; Cidade Universitária; Cocotá; Freguesia; Galeão; Jardim Carioca; Jardim Guanabara; Moneró; Pitangueiras; Portuguesa; Praia da Bandeira; Ribeira; Tauá e Zumbi|Rio de Janeiro|Metropolitana|2025-05-01|365
36115|38|5|2025|16|1|Rio de Janeiro|330455|Capital|0|1|0|1|1|0.0|2|3|2.0|52|6|4|27|30|35|5|70|34|5|1|1|0|0.0|0|0|0.0|30|141|18|4|5|18|0.0|62|107|0|4|1|79|14|1.0|10.0|3.0|24|40.0|2.0|6.0|0.0|36|4|0|0|0|0|708|2025-05|Maio|Capital (Zona Sul, Centro e parte da Norte)|0|Brás de Pina (parte); Cordovil; Jardim América; Parada de Lucas;Penha Circular (parte) e Vigário Geral|Rio de Janeiro|Metropolitana|2025-05-01|365
36116|39|5|2025|41|2|Rio de Janeiro|330455|Capital|7|0|0|7|0|0.0|7|1|1.0|57|7|0|17|49|36|14|99|110|12|0|0|0|0.0|0|0|0.0|46|267|15|10|10|24|0.0|84|143|0|1|0|148|12|1.0|10.0|1.0|61|25.0|2.0|10.0|1.0|34|3|0|0|0|0|945|2025-05|Maio|Capital (Zona Oeste e parte da Norte)|0|Acari; Barros Filho; Costa Barros; Parque Colúmbia e Pavuna|Rio de Janeiro|Metropolitana|2025-05-01|365
36117|40|5|2025|9|2|Rio de Janeiro|330455|Capital|2|0|0|2|0|0.0|2|0|0.0|28|1|0|21|33|53|7|93|43|6|1|0|0|0.0|0|0|0.0|9|152|14|3|5|10|1.0|44|77|0|8|0|116|1|0.0|1.0|0.0|22|22.0|3.0|1.0|0.0|30|3|0|0|0|0|584|2025-05|Maio|Capital (Zona Oeste e parte da Norte)|0|Coelho Neto; Colégio (parte); Honório Gurgel e Rocha Miranda|Rio de Janeiro|Metropolitana|2025-05-01|365
36118|41|5|2025|18|2|Rio de Janeiro|330455|Capital|0|0|0|0|0|0.0|0|1|1.0|25|4|6|37|22|18|1|41|9|0|1|2|0|0.0|0|1|0.0|2|56|4|10|16|40|2.0|85|157|0|6|0|195|4|0.0|4.0|0.0|4|10.0|0.0|6.0|0.0|44|4|0|0|0|0|794|2025-05|Maio|Capital (Zona Oeste e parte da Norte)|0|Freguesia (Jacarepaguá); Pechincha e Tanque (parte)|Rio de Janeiro|Metropolitana|2025-05-01|365
36119|42|5|2025|31|2|Rio de Janeiro|330455|Capital|6|0|0|6|1|0.0|7|0|0.0|60|4|1|22|35|43|6|84|16|0|3|2|0|0.0|0|0|1.0|9|115|41|9|12|38|10.0|121|231|0|7|0|330|31|28.0|2.0|1.0|12|27.0|5.0|15.0|4.0|65|9|0|0|0|0|1276|2025-05|Maio|Capital (Zona Oeste e parte da Norte)|0|Recreio dos Bandeirantes; Barra de Guaratiba; Camorim; Grumari; Vargem Grande e Vargem Pequena|Rio de Janeiro|Metropolitana|2025-05-01|365
36120|43|5|2025|27|2|Rio de Janeiro|330455|Capital|3|0|0|3|0|1.0|4|2|0.0|74|5|2|40|14|17|1|32|11|0|0|1|0|0.0|0|0|0.0|1|45|12|1|1|13|2.0|27|56|0|1|0|118|0|0.0|0.0|0.0|6|19.0|0.0|2.0|0.0|113|8|1|0|0|0|626|2025-05|Maio|Capital (Zona Oeste e parte da Norte)|0|Guaratiba; Pedra de Guaratiba e Sepetiba|Rio de Janeiro|Metropolitana|2025-05-01|365
36121|44|5|2025|3|1|Rio de Janeiro|330455|Capital|4|0|0|4|0|0.0|4|1|0.0|41|1|2|28|39|28|7|74|35|4|4|0|0|0.0|0|0|0.0|30|147|8|16|10|21|1.0|89|145|0|0|0|124|11|2.0|8.0|1.0|11|24.0|2.0|9.0|0.0|35|2|0|0|0|0|796|2025-05|Maio|Capital (Zona Sul, Centro e parte da Norte)|0|Del Castilho; Engenho da Rainha; Inhaúma; Maria da Graça e Tomás Coelho|Rio de Janeiro|Metropolitana|2025-05-01|365
36122|48|5|2025|24|3|Seropédica|330555|Baixada Fluminense|1|0|0|1|0|0.0|1|0|0.0|15|1|3|7|5|2|1|8|4|0|0|2|0|0.0|0|0|0.0|0|14|3|1|1|3|3.0|22|33|0|1|0|50|2|2.0|0.0|0.0|4|8.0|0.0|4.0|1.0|24|3|0|0|0|0|272|2025-05|Maio|Baixada Fluminense|0|Seropédica|Seropédica|Metropolitana|2025-05-01|365
36123|50|5|2025|24|3|Itaguaí|330200|Baixada Fluminense|3|0|0|3|2|0.0|5|6|0.0|38|2|2|11|6|4|0|10|7|1|0|0|0|0.0|0|0|0.0|1|19|18|2|1|8|0.0|49|78|0|1|0|84|13|9.0|2.0|2.0|10|18.0|1.0|14.0|0.0|45|2|0|0|0|0|452|2025-05|Maio|Baixada Fluminense|0|Itaguaí e Ibituporanga|Itaguaí|Metropolitana|2025-05-01|365
36124|51|5|2025|24|3|Paracambi|330360|Baixada Fluminense|0|0|0|0|0|0.0|0|0|0.0|13|1|1|2|1|1|0|2|0|0|0|0|0|0.0|0|0|0.0|0|2|1|1|0|1|2.0|17|22|0|1|0|17|9|3.0|5.0|1.0|2|9.0|2.0|1.0|0.0|15|1|0|0|0|0|126|2025-05|Maio|Baixada Fluminense|0|Paracambi|Paracambi|Metropolitana|2025-05-01|365
36125|52|5|2025|20|3|Nova Iguaçu|330350|Baixada Fluminense|2|0|0|2|0|0.0|2|5|0.0|83|5|2|37|66|56|16|138|50|3|5|0|0|0.0|0|0|0.0|8|204|44|18|8|53|6.0|137|266|0|5|0|161|4|1.0|3.0|0.0|20|42.0|5.0|15.0|2.0|68|3|0|0|0|0|1177|2025-05|Maio|Baixada Fluminense|0|Centro|Nova Iguaçu|Metropolitana|2025-05-01|365
36126|53|5|2025|20|3|Mesquita|330285|Baixada Fluminense|0|0|0|0|0|0.0|0|4|0.0|68|4|0|17|30|25|2|57|16|2|0|0|0|0.0|0|0|0.0|3|78|26|5|2|8|2.0|43|86|0|1|0|90|13|0.0|6.0|7.0|14|23.0|1.0|11.0|0.0|65|8|0|0|0|0|578|2025-05|Maio|Baixada Fluminense|0|Mesquita; Chatuba e Banco de Areia|Mesquita|Metropolitana|2025-05-01|365
36127|54|5|2025|39|3|Belford Roxo|330045|Baixada Fluminense|13|0|0|13|2|0.0|15|10|0.0|95|10|5|32|70|56|2|128|71|10|5|0|0|0.0|0|0|0.0|10|224|31|11|6|8|5.0|81|142|0|10|0|235|30|2.0|26.0|3.0|52|87.0|6.0|35.0|3.0|99|14|2|0|0|0|1366|2025-05|Maio|Baixada Fluminense|0|Areia Branca; Jardim Redentor; Parque São José; Nova Aurora e Lote XV|Belford Roxo|Metropolitana|2025-05-01|365
36128|55|5|2025|24|3|Queimados|330414|Baixada Fluminense|1|1|1|3|2|0.0|5|3|0.0|51|18|3|23|12|10|0|22|3|0|0|0|0|0.0|0|1|0.0|3|29|13|2|0|7|1.0|41|64|0|2|0|76|1|0.0|0.0|1.0|6|16.0|0.0|9.0|4.0|68|3|0|0|0|0|480|2025-05|Maio|Baixada Fluminense|0|Centro; Norte; Sul. Leste; Oeste e Nordeste|Queimados|Metropolitana|2025-05-01|365
36129|56|5|2025|20|3|Nova Iguaçu|330350|Baixada Fluminense|9|0|0|9|0|0.0|9|2|1.0|81|12|1|33|38|38|3|79|40|5|0|1|0|0.0|0|0|0.0|8|133|25|2|1|15|1.0|33|77|0|4|0|121|5|0.0|4.0|1.0|17|11.0|2.0|13.0|2.0|88|15|1|0|0|0|794|2025-05|Maio|Baixada Fluminense|0|Comendador Soares; Cabuçú e Km32|Nova Iguaçu|Metropolitana|2025-05-01|365
36130|57|5|2025|20|3|Nilópolis|330320|Baixada Fluminense|1|0|0|1|0|0.0|1|1|0.0|53|1|0|9|19|36|0|55|18|0|0|1|0|0.0|0|0|2.0|7|83|14|7|2|16|1.0|71|111|0|2|0|107|4|0.0|3.0|1.0|5|15.0|0.0|12.0|0.0|69|6|0|0|0|0|673|2025-05|Maio|Baixada Fluminense|0|Nilópolis e Olinda|Nilópolis|Metropolitana|2025-05-01|365
36131|58|5|2025|20|3|Nova Iguaçu|330350|Baixada Fluminense|18|0|0|18|0|0.0|18|4|1.0|150|11|4|46|63|58|2|123|63|13|0|3|0|0.0|0|0|0.0|15|217|22|4|2|17|3.0|58|106|0|7|0|166|5|0.0|3.0|2.0|25|37.0|1.0|12.0|2.0|137|17|1|0|0|0|1252|2025-05|Maio|Baixada Fluminense|0|Posse; Austin; Miguel Couto; Vila de Cava e Tinguá|Nova Iguaçu|Metropolitana|2025-05-01|365
36132|59|5|2025|15|3|Duque de Caxias|330170|Baixada Fluminense|8|0|0|8|1|0.0|9|5|1.0|114|8|5|44|142|126|11|279|101|43|5|1|0|0.0|0|2|0.0|33|464|51|44|8|38|0.0|197|338|0|3|0|234|6|1.0|5.0|0.0|88|72.0|19.0|9.0|0.0|119|13|0|0|0|0|1932|2025-05|Maio|Baixada Fluminense|0|Duque de Caxias (Centro)|Duque de Caxias|Metropolitana|2025-05-01|365
36133|60|5|2025|15|3|Duque de Caxias|330170|Baixada Fluminense|10|0|0|10|4|0.0|14|11|1.0|55|6|6|26|43|49|2|94|113|22|0|0|0|0.0|0|0|0.0|27|256|26|0|6|7|0.0|38|77|0|0|0|134|20|0.0|20.0|0.0|45|49.0|4.0|11.0|1.0|74|8|0|0|0|0|955|2025-05|Maio|Baixada Fluminense|0|Campos Elyseos|Duque de Caxias|Metropolitana|2025-05-01|365
36134|61|5|2025|15|3|Duque de Caxias|330170|Baixada Fluminense|2|0|0|2|0|0.0|2|0|1.0|32|2|0|6|1|1|0|2|9|1|0|0|0|0.0|0|0|0.0|2|14|6|1|0|0|2.0|7|16|0|1|0|24|0|0.0|0.0|0.0|3|11.0|0.0|5.0|1.0|29|1|1|0|0|0|186|2025-05|Maio|Baixada Fluminense|0|Xerém|Duque de Caxias|Metropolitana|2025-05-01|365
36135|62|5|2025|15|3|Duque de Caxias|330170|Baixada Fluminense|2|0|0|2|1|0.0|3|2|0.0|41|6|1|9|22|13|4|39|35|8|1|1|0|0.0|0|0|1.0|4|89|25|2|1|6|0.0|30|64|0|8|3|77|4|0.0|4.0|0.0|10|27.0|0.0|3.0|0.0|34|9|0|0|0|0|468|2025-05|Maio|Baixada Fluminense|0|Imbariê|Duque de Caxias|Metropolitana|2025-05-01|365
36136|63|5|2025|24|3|Japeri|330227|Baixada Fluminense|1|0|0|1|2|0.0|3|0|0.0|32|2|1|5|5|4|0|9|0|0|0|1|0|0.0|0|0|0.0|3|13|5|0|4|5|1.0|16|31|0|1|0|54|8|3.0|4.0|1.0|4|14.0|2.0|10.0|1.0|27|4|0|0|0|0|286|2025-05|Maio|Baixada Fluminense|0|Japeri; Engenheiro Pedreira; Marajoara; Pedra Lisa e Rio D`Ouro|Japeri|Metropolitana|2025-05-01|365
36137|64|5|2025|21|3|São João de Meriti|330510|Baixada Fluminense|7|0|1|8|4|0.0|12|8|1.0|105|12|4|53|82|56|8|146|71|24|1|2|0|0.0|0|0|0.0|27|271|59|7|4|11|0.0|102|183|0|2|0|219|21|0.0|15.0|6.0|48|58.0|10.0|20.0|0.0|94|16|1|0|0|0|1283|2025-05|Maio|Baixada Fluminense|0|São João de Meriti; Coelho da Rocha e São Mateus|São João de Meriti|Metropolitana|2025-05-01|365
36138|65|5|2025|34|3|Magé|330250|Baixada Fluminense|1|0|0|1|0|0.0|1|1|1.0|25|4|0|15|5|0|0|5|1|3|0|0|0|0.0|0|0|0.0|2|11|7|2|1|17|1.0|20|48|0|1|0|48|21|2.0|16.0|3.0|3|22.0|4.0|5.0|0.0|38|3|0|0|0|0|329|2025-05|Maio|Baixada Fluminense|0|Magé; Santo Aleixo e Suruí|Magé|Metropolitana|2025-05-01|365
36139|66|5|2025|34|3|Magé|330250|Baixada Fluminense|4|0|0|4|1|0.0|5|5|0.0|57|4|0|25|11|6|0|17|6|0|0|0|0|0.0|0|0|0.0|1|24|17|5|0|10|5.0|36|73|0|3|0|100|2|2.0|0.0|0.0|11|21.0|0.0|4.0|0.0|101|7|0|0|0|0|593|2025-05|Maio|Baixada Fluminense|0|Inhomirim e Guia de Copaíba|Magé|Metropolitana|2025-05-01|365
36140|67|5|2025|34|3|Guapimirim|330185|Baixada Fluminense|0|0|0|0|0|0.0|0|0|0.0|27|4|3|12|3|1|0|4|1|1|0|0|0|0.0|0|0|0.0|0|6|6|0|1|1|2.0|18|28|0|1|0|28|15|9.0|6.0|0.0|2|7.0|0.0|9.0|0.0|31|0|0|0|0|0|240|2025-05|Maio|Baixada Fluminense|0|Guapimirim|Guapimirim|Metropolitana|2025-05-01|365
36141|70|5|2025|35|4|Tanguá|330575|Interior|0|0|0|0|0|0.0|0|0|0.0|9|0|0|5|0|1|0|1|2|0|0|0|0|0.0|0|0|0.0|0|3|3|0|0|2|0.0|12|17|0|0|0|10|3|2.0|0.0|1.0|2|2.0|1.0|1.0|0.0|13|2|0|1|0|0|108|2025-05|Maio|Grande Niterói e Região dos Lagos|0|Tanguá|Tanguá|Metropolitana|2025-05-01|365
36142|71|5|2025|35|4|Itaboraí|330190|Interior|4|0|0|4|1|0.0|5|5|0.0|37|0|5|13|18|12|0|30|15|2|2|2|0|0.0|0|0|0.0|6|57|21|12|3|102|1.0|70|209|0|4|0|149|38|9.0|24.0|5.0|8|43.0|8.0|11.0|1.0|45|5|0|0|0|0|773|2025-05|Maio|Grande Niterói e Região dos Lagos|0|Itaboraí; Cabuçú; Itambí; Porto das Caixas e Sambaetiba|Itaboraí|Metropolitana|2025-05-01|365
36143|72|5|2025|7|4|São Gonçalo|330490|Grande Niterói|0|0|0|0|0|0.0|0|1|0.0|48|2|3|25|31|8|2|41|16|0|4|1|0|0.0|0|1|1.0|9|73|38|18|5|36|2.0|171|270|0|3|0|182|10|3.0|6.0|1.0|28|46.0|0.0|8.0|0.0|48|4|1|0|0|0|999|2025-05|Maio|Grande Niterói e Região dos Lagos|0|São Gonçalo|São Gonçalo|Metropolitana|2025-05-01|365
36144|73|5|2025|7|4|São Gonçalo|330490|Grande Niterói|2|0|0|2|0|0.0|2|1|0.0|33|3|0|7|46|9|2|57|14|0|2|0|0|0.0|0|0|0.0|4|77|53|2|0|6|3.0|61|125|0|3|0|80|7|1.0|4.0|2.0|20|31.0|2.0|9.0|2.0|37|3|1|0|0|0|500|2025-05|Maio|Grande Niterói e Região dos Lagos|0|Neves|São Gonçalo|Metropolitana|2025-05-01|365
36145|74|5|2025|7|4|São Gonçalo|330490|Grande Niterói|4|0|0|4|0|0.0|4|10|0.0|40|2|2|10|37|27|0|64|16|1|7|0|0|0.0|0|0|0.0|7|95|32|16|6|29|0.0|102|185|0|8|0|97|9|1.0|8.0|1.0|10|30.0|1.0|7.0|0.0|42|9|0|0|1|0|694|2025-05|Maio|Grande Niterói e Região dos Lagos|1|Monjolo|São Gonçalo|Metropolitana|2025-05-01|365
36146|75|5|2025|7|4|São Gonçalo|330490|Grande Niterói|1|0|0|1|0|0.0|1|2|0.0|21|6|2|17|19|14|0|33|15|1|4|1|0|0.0|0|0|0.0|5|59|21|3|1|10|0.0|44|79|0|1|0|58|6|0.0|3.0|3.0|9|18.0|3.0|6.0|0.0|26|4|0|0|0|0|419|2025-05|Maio|Grande Niterói e Região dos Lagos|0|Ipiiba e Sete Pontes|São Gonçalo|Metropolitana|2025-05-01|365
36147|76|5|2025|12|4|Niterói|330330|Grande Niterói|2|0|0|2|0|0.0|2|1|0.0|35|4|1|11|29|15|0|44|2|0|2|1|0|0.0|0|0|0.0|6|55|10|22|17|59|34.0|128|270|0|3|0|164|9|1.0|7.0|1.0|10|40.0|1.0|27.0|1.0|37|3|1|0|0|0|955|2025-05|Maio|Grande Niterói e Região dos Lagos|0|Centro; Ponta da Areia; Ilha da Conceição; São Lourenço; Fátima; Morro do Estado; Ingá; São Domingos; Gragoatá e Boa Viagem|Niterói|Metropolitana|2025-05-01|365
36148|77|5|2025|12|4|Niterói|330330|Grande Niterói|0|0|0|0|0|0.0|0|0|0.0|14|4|1|21|13|3|2|18|2|0|2|0|0|0.0|0|0|0.0|0|22|6|5|7|45|25.0|148|236|0|6|0|221|5|0.0|5.0|0.0|2|22.0|0.0|6.0|0.0|23|3|0|0|0|0|920|2025-05|Maio|Grande Niterói e Região dos Lagos|0|Santa Rosa; Icaraí; Vital Brasil; Pé Pequeno; Viradouro e Cubango|Niterói|Metropolitana|2025-05-01|365
36149|78|5|2025|12|4|Niterói|330330|Grande Niterói|1|0|0|1|2|0.0|3|1|0.0|49|2|2|21|21|5|0|26|8|0|0|0|0|0.0|0|0|0.0|4|38|14|5|4|16|2.0|72|113|0|0|0|68|6|1.0|5.0|0.0|1|23.0|1.0|6.0|0.0|37|4|0|0|0|0|528|2025-05|Maio|Grande Niterói e Região dos Lagos|0|Fonseca; Viçoso Jardim; Caramujo; Baldeador; Santa Bárbara; Tenente Jardim; Engenhoca; Santana e Barreto|Niterói|Metropolitana|2025-05-01|365
36150|79|5|2025|12|4|Niterói|330330|Grande Niterói|1|0|0|1|0|0.0|1|0|0.0|14|1|1|28|6|6|0|12|1|0|0|0|0|0.0|0|0|1.0|1|15|4|1|1|12|1.0|31|50|0|2|0|46|10|2.0|8.0|0.0|1|17.0|0.0|6.0|1.0|16|2|0|0|0|0|287|2025-05|Maio|Grande Niterói e Região dos Lagos|0|Jurujuba; Charitas; São Francisco; Cachoeiras; Maceió; Largo da Batalha; Ititioca; Badu; Sapê; Matapaca; Vila Progresso; Muriqui; Maria Paula e Cantagalo|Niterói|Metropolitana|2025-05-01|365
36151|81|5|2025|12|4|Niterói|330330|Grande Niterói|0|0|0|0|1|0.0|1|0|0.0|32|7|0|31|6|2|0|8|2|1|2|1|0|0.0|0|0|0.0|1|15|4|0|1|5|1.0|59|70|0|2|0|75|11|2.0|5.0|4.0|3|24.0|0.0|3.0|1.0|24|2|0|0|0|0|408|2025-05|Maio|Grande Niterói e Região dos Lagos|0|Itaipu; Camboinhas; Itacoatiara; Piratininga; Cafubá; Jacaré; Rio do Ouro; Engenho do Mato; Várzea das Moças e Jardim Imbuí|Niterói|Metropolitana|2025-05-01|365
36152|82|5|2025|12|4|Maricá|330270|Grande Niterói|0|0|0|0|0|0.0|0|4|1.0|89|6|1|27|24|8|1|33|5|0|1|2|0|0.0|0|0|0.0|5|46|11|6|10|13|3.0|142|185|0|4|0|213|13|5.0|6.0|2.0|8|34.0|1.0|6.0|1.0|103|5|0|0|0|0|1135|2025-05|Maio|Grande Niterói e Região dos Lagos|0|Maricá e Inoã|Maricá|Metropolitana|2025-05-01|365
36153|88|5|2025|10|5|Barra do Pirai|330030|Interior|3|0|0|3|0|0.0|3|0|0.0|28|4|0|7|0|0|0|0|1|0|0|1|0|0.0|0|0|0.0|0|2|0|3|0|2|0.0|29|34|0|0|0|26|54|25.0|9.0|20.0|5|26.0|4.0|4.0|1.0|38|0|1|0|0|0|378|2025-05|Maio|Sul Fluminense|0|Barra do Piraí; Dorandia; Ipiabas; São José do Turvo e Vargem Alegre|Barra do Piraí|Médio Paraíba|2025-05-01|365
36154|89|5|2025|37|5|Resende|330420|Interior|0|0|0|0|1|0.0|1|4|0.0|43|4|0|7|0|0|0|0|1|0|1|0|0|0.0|0|0|0.0|3|5|3|2|3|12|4.0|42|66|0|5|0|127|38|8.0|25.0|6.0|2|40.0|10.0|15.0|1.0|47|1|0|0|0|0|560|2025-05|Maio|Sul Fluminense|0|Resende; Engenheiro Passos; Agulhas Negras; Pedra Selada e Fumaça|Resende|Médio Paraíba|2025-05-01|365
36155|90|5|2025|28|5|Barra Mansa|330040|Interior|2|0|0|2|0|0.0|2|2|0.0|36|5|1|15|1|2|0|3|2|0|1|0|0|0.0|0|0|0.0|0|6|2|1|0|3|0.0|41|47|0|0|0|104|30|4.0|24.0|2.0|3|45.0|12.0|12.0|0.0|61|2|0|0|0|0|518|2025-05|Maio|Sul Fluminense|0|Antonio Rocha; Floriano; Nossa Senhora do Amparo; Rialto e Regiões Administrativas I; II; III; IV; V; VI; VII; VIII; IX; X; XI; XII; XIII; XIV|Barra Mansa|Médio Paraíba|2025-05-01|365
36156|91|5|2025|10|5|Valença|330610|Interior|4|0|0|4|0|0.0|4|4|0.0|32|0|1|3|0|0|0|0|0|0|0|0|0|0.0|0|0|0.0|0|0|3|0|0|4|1.0|18|26|0|0|0|30|32|14.0|18.0|0.0|2|15.0|1.0|9.0|0.0|32|1|0|0|0|0|257|2025-05|Maio|Sul Fluminense|0|Valença; Barão de Juparana; Conservatória; Parapeúna; Pentagna e Santa Isabel do Rio Preto|Valença|Médio Paraíba|2025-05-01|365
36157|92|5|2025|10|5|Rio das Flores|330450|Interior|0|0|0|0|0|0.0|0|0|0.0|7|0|0|0|0|0|0|0|0|0|0|0|0|0.0|0|0|0.0|0|0|0|0|0|0|0.0|0|0|0|0|0|3|0|0.0|0.0|0.0|0|0.0|0.0|2.0|0.0|8|0|0|0|0|0|33|2025-05|Maio|Sul Fluminense|0|Rio das Flores; Manuel Duarte; Abarracamento e Taboas|Rio das Flores|Médio Paraíba|2025-05-01|365
36158|93|5|2025|28|5|Volta Redonda|330630|Interior|5|0|0|5|0|0.0|5|2|0.0|116|9|0|23|5|2|0|7|0|0|0|0|0|0.0|0|0|0.0|0|7|4|2|2|16|3.0|122|149|0|5|0|305|91|42.0|40.0|10.0|14|99.0|15.0|15.0|0.0|185|14|0|0|0|0|1519|2025-05|Maio|Sul Fluminense|0|Volta Redonda|Volta Redonda|Médio Paraíba|2025-05-01|365
36159|94|5|2025|10|5|Piraí|330400|Interior|0|0|0|0|0|0.0|0|0|0.0|8|3|0|1|0|0|0|0|0|0|0|0|0|0.0|0|0|0.0|0|0|1|0|0|2|1.0|14|18|0|0|0|13|21|14.0|6.0|1.0|2|21.0|0.0|8.0|0.0|12|1|0|0|0|0|134|2025-05|Maio|Sul Fluminense|0|Piraí; Arrozal; Monumento e Santanésia|Piraí|Médio Paraíba|2025-05-01|365
36160|95|5|2025|10|5|Vassouras|330620|Interior|0|0|0|0|0|0.0|0|1|1.0|19|2|1|2|0|0|0|0|0|0|0|0|0|0.0|0|0|0.0|0|0|0|0|0|1|0.0|8|9|0|0|0|20|23|20.0|2.0|2.0|0|5.0|0.0|3.0|0.0|17|1|0|0|0|0|131|2025-05|Maio|Sul Fluminense|0|Vassouras; Andrade Pinto; São Sebastião dos Ferreiros e Sebastião de Lacerda|Vassouras|Centro-Sul Fluminense|2025-05-01|365
36161|96|5|2025|10|5|Miguel Pereira;Paty dos Alferes|999999|Interior|2|0|0|2|0|0.0|2|0|0.0|28|1|0|11|0|0|0|0|0|0|0|0|0|0.0|0|0|0.0|0|0|3|0|0|11|0.0|27|41|0|0|0|32|35|29.0|4.0|2.0|2|13.0|1.0|10.0|1.0|34|2|0|3|0|0|368|2025-05|Maio|Sul Fluminense|0|Miguel Pereira; Governador Portela e Conrado|Miguel Pereira|Centro-Sul Fluminense|2025-05-01|365
36162|97|5|2025|10|5|Mendes|330280|Interior|0|0|0|0|0|0.0|0|0|0.0|9|1|0|0|0|0|0|0|0|0|0|0|0|0.0|0|0|0.0|0|0|0|0|0|0|0.0|2|2|0|0|0|7|7|6.0|1.0|0.0|0|5.0|1.0|1.0|0.0|15|1|0|0|0|0|100|2025-05|Maio|Sul Fluminense|0|Mendes|Mendes|Centro-Sul Fluminense|2025-05-01|365
36163|98|5|2025|10|5|Engenheiro Paulo de Frontin|330180|Interior|1|0|0|1|0|0.0|1|0|0.0|6|1|0|0|0|0|0|0|0|0|0|0|0|0.0|0|0|0.0|0|0|0|1|0|0|0.0|1|2|0|0|0|7|5|3.0|2.0|0.0|0|3.0|0.0|1.0|0.0|7|0|0|0|0|0|60|2025-05|Maio|Sul Fluminense|0|Engenheiro Paulo de Frontin e Sacra Família do Tinguá|Engenheiro Paulo de Frontin|Centro-Sul Fluminense|2025-05-01|365
36164|99|5|2025|37|5|Itatiaia|330225|Interior|0|0|0|0|0|0.0|0|2|0.0|9|1|0|1|0|0|0|0|0|0|0|0|0|0.0|0|0|0.0|0|0|0|0|0|3|0.0|15|18|0|0|0|14|14|4.0|7.0|4.0|0|11.0|0.0|1.0|0.0|15|1|0|0|0|0|144|2025-05|Maio|Sul Fluminense|0|Itatiaia|Itatiaia|Médio Paraíba|2025-05-01|365
36165|100|5|2025|37|5|Porto Real;Quatis|999999|Interior|2|0|0|2|0|0.0|2|0|0.0|8|0|0|4|0|0|0|0|0|0|0|0|0|0.0|0|0|0.0|0|0|0|0|0|0|0.0|5|5|0|1|0|24|5|1.0|4.0|0.0|1|6.0|4.0|1.0|1.0|8|2|0|0|0|0|105|2025-05|Maio|Sul Fluminense|0|Porto Real|Porto Real|Médio Paraíba|2025-05-01|365
36166|101|5|2025|28|5|Pinheiral|330395|Interior|0|0|0|0|0|0.0|0|0|0.0|10|1|0|8|0|0|0|0|0|0|0|0|0|0.0|0|0|0.0|0|0|0|0|0|1|0.0|7|8|0|0|0|14|10|5.0|4.0|1.0|0|10.0|2.0|3.0|0.0|21|0|0|0|0|0|110|2025-05|Maio|Sul Fluminense|0|Pinheiral|Pinheiral|Médio Paraíba|2025-05-01|365
36167|104|5|2025|30|7|São José do Vale do Rio Preto|330515|Interior|1|0|0|1|0|0.0|1|0|0.0|8|2|0|1|0|0|0|0|0|0|0|0|0|0.0|0|0|0.0|0|0|0|0|0|1|0.0|7|8|0|0|0|11|4|4.0|0.0|0.0|0|1.0|0.0|1.0|0.0|11|0|0|0|0|0|68|2025-05|Maio|Região Serrana|0|São José do Vale do Rio Preto|São José do Vale do Rio Preto|Serrana|2025-05-01|365
36168|105|5|2025|26|7|Petrópolis|330390|Interior|0|0|0|0|0|0.0|0|1|0.0|64|12|1|22|7|3|0|10|0|1|1|0|0|1.0|0|0|0.0|0|13|5|5|0|8|2.0|77|97|0|2|0|179|65|10.0|35.0|21.0|7|71.0|17.0|15.0|1.0|89|4|0|0|0|0|931|2025-05|Maio|Região Serrana|0|Petrópolis e Cascatinha|Petrópolis|Metropolitana|2025-05-01|365
36169|106|5|2025|26|7|Petrópolis|330390|Interior|0|0|0|0|0|0.0|0|0|0.0|29|1|3|10|0|0|0|0|1|0|1|1|0|0.0|0|0|0.0|0|3|3|0|2|22|0.0|45|72|0|3|0|81|23|3.0|14.0|6.0|3|25.0|2.0|9.0|0.0|47|0|0|0|0|0|457|2025-05|Maio|Região Serrana|0|Itaipava; Pedro do Rio e Posse|Petrópolis|Metropolitana|2025-05-01|365
36170|107|5|2025|38|7|Paraíba do Sul|330370|Interior|0|0|0|0|0|0.0|0|0|0.0|20|0|0|1|0|1|1|2|0|0|0|1|0|0.0|0|0|0.0|0|3|0|0|0|2|1.0|20|23|0|0|0|24|31|20.0|2.0|10.0|0|9.0|2.0|6.0|1.0|24|0|0|0|0|0|182|2025-05|Maio|Região Serrana|0|Paraíba do Sul; Werneck; Salutaris e Inconfidência|Paraíba do Sul|Centro-Sul Fluminense|2025-05-01|365
36171|108|5|2025|38|7|Comendador Levy Gasparian;Areal;Três Rios|999999|Interior|6|0|0|6|0|0.0|6|6|1.0|39|3|1|6|0|0|0|0|0|0|0|0|0|0.0|0|0|0.0|0|0|3|0|0|2|1.0|37|43|0|3|0|64|85|46.0|26.0|13.0|8|52.0|3.0|21.0|1.0|66|1|0|0|0|0|550|2025-05|Maio|Região Serrana|0|Areal|Areal|Centro-Sul Fluminense|2025-05-01|365
36172|109|5|2025|38|7|Sapucaia|330540|Interior|0|0|0|0|0|0.0|0|0|0.0|6|0|0|0|0|0|0|0|1|0|0|0|0|0.0|0|0|0.0|0|1|0|0|0|0|0.0|12|12|0|0|0|7|23|22.0|1.0|0.0|0|1.0|0.0|3.0|0.0|13|0|0|0|0|0|78|2025-05|Maio|Região Serrana|0|Sapucaia; Anta; Pião; Nossa Senhora Aparecida e Jamapara|Sapucaia|Centro-Sul Fluminense|2025-05-01|365
36173|110|5|2025|30|7|Teresópolis|330580|Interior|1|0|0|1|0|0.0|1|1|1.0|63|12|3|8|0|2|0|2|0|0|4|0|0|0.0|0|0|0.0|1|7|3|6|1|4|2.0|53|69|0|0|0|112|85|29.0|30.0|28.0|4|79.0|13.0|13.0|3.0|67|8|1|0|0|0|775|2025-05|Maio|Região Serrana|0|Teresópolis; Vale do Bonsucesso e Vale do Paquequer|Teresópolis|Serrana|2025-05-01|365
36174|111|5|2025|30|7|Sumidouro|330570|Interior|0|0|0|0|0|0.0|0|0|0.0|2|0|0|0|0|0|0|0|0|0|0|0|0|0.0|0|0|0.0|0|0|2|0|0|0|0.0|1|3|0|0|0|2|4|2.0|1.0|1.0|1|1.0|0.0|0.0|0.0|11|0|0|0|0|0|46|2025-05|Maio|Região Serrana|0|Sumidouro|Sumidouro|Serrana|2025-05-01|365
36175|112|5|2025|30|7|Carmo|330120|Interior|0|0|0|0|0|0.0|0|0|0.0|4|0|0|2|0|0|0|0|0|0|0|0|0|0.0|0|0|0.0|0|0|0|0|0|0|0.0|4|4|0|0|0|10|4|3.0|0.0|1.0|0|7.0|0.0|3.0|0.0|7|2|0|0|0|0|62|2025-05|Maio|Região Serrana|0|Carmo; Córrego da Prata e Porto Velho do Cunha|Carmo|Serrana|2025-05-01|365
36176|118|5|2025|25|4|Araruama|330020|Interior|4|0|0|4|3|0.0|7|1|0.0|37|0|0|24|7|5|0|12|3|1|1|2|0|0.0|0|0|0.0|2|21|10|1|0|5|2.0|60|78|0|2|0|92|38|3.0|26.0|10.0|5|42.0|15.0|16.0|0.0|52|2|1|0|0|0|584|2025-05|Maio|Grande Niterói e Região dos Lagos|0|Araruama; Morro Grande e São Vicente de Paula|Araruama|Baixadas Litorâneas|2025-05-01|365
36177|119|5|2025|35|4|Rio Bonito|330430|Interior|0|0|0|0|0|0.0|0|1|0.0|21|2|1|0|0|1|0|1|3|1|0|0|0|0.0|0|0|0.0|0|5|6|2|1|0|0.0|18|27|0|1|0|44|5|1.0|4.0|0.0|3|9.0|0.0|1.0|0.0|22|0|0|0|0|0|178|2025-05|Maio|Grande Niterói e Região dos Lagos|0|Rio Bonito e Boa Esperança|Rio Bonito|Metropolitana|2025-05-01|365
36178|120|5|2025|35|4|Silva Jardim|330560|Interior|0|0|0|0|0|0.0|0|0|0.0|12|1|1|0|0|1|0|1|0|1|0|0|0|0.0|0|0|0.0|0|2|3|0|0|5|1.0|11|20|0|0|0|8|1|0.0|1.0|0.0|1|5.0|0.0|2.0|0.0|4|1|0|0|0|0|79|2025-05|Maio|Grande Niterói e Região dos Lagos|0|Silva Jardim; Aldeia Velha; Correntezas e Gaviões|Silva Jardim|Baixadas Litorâneas|2025-05-01|365
36179|121|5|2025|32|6|Casimiro de Abreu|330130|Interior|0|0|0|0|0|0.0|0|2|0.0|12|1|4|2|0|0|0|0|0|1|0|0|0|0.0|0|0|0.0|0|1|1|0|0|1|0.0|7|9|0|0|0|17|9|2.0|3.0|4.0|2|18.0|0.0|3.0|0.0|15|1|1|0|0|0|120|2025-05|Maio|Norte Fluminense e Noroeste|0|Casimiro de Abreu; Professor Souza; Barra de São João e Rio Dourado|Casimiro de Abreu|Baixadas Litorâneas|2025-05-01|365
36180|122|5|2025|32|6|Conceição de Macabú|330140|Interior|1|0|0|1|0|0.0|1|0|0.0|11|0|0|1|0|0|0|0|0|0|0|0|0|0.0|0|0|0.0|0|0|0|0|0|1|1.0|0|2|0|0|0|9|2|0.0|1.0|1.0|1|0.0|0.0|0.0|0.0|7|1|0|0|0|0|52|2025-05|Maio|Norte Fluminense e Noroeste|0|Conceição de Macabú e Macabuzinho|Conceição de Macabú|Norte Fluminense|2025-05-01|365
36181|123|5|2025|32|6|Macaé|330240|Interior|3|1|0|4|0|0.0|4|4|0.0|63|6|2|46|6|4|0|10|1|0|1|1|0|0.0|0|0|0.0|0|13|13|4|0|9|2.0|99|127|0|7|0|286|45|13.0|27.0|6.0|7|70.0|15.0|13.0|1.0|93|2|0|0|0|0|1077|2025-05|Maio|Norte Fluminense e Noroeste|0|Centro; Cabiúnas; Barra de Macaé; Aeroporto e Imboassica|Macaé|Norte Fluminense|2025-05-01|365
36182|124|5|2025|25|4|Saquarema|330550|Interior|3|0|0|3|0|0.0|3|2|0.0|34|4|3|24|4|0|0|4|1|0|0|0|0|0.0|0|0|0.0|1|6|5|2|2|11|3.0|60|83|0|3|0|88|11|1.0|5.0|5.0|3|27.0|1.0|1.0|0.0|49|5|1|0|0|0|551|2025-05|Maio|Grande Niterói e Região dos Lagos|0|Saquarema; Bacaxá e Sampaio Correia|Saquarema|Baixadas Litorâneas|2025-05-01|365
36183|125|5|2025|25|4|São Pedro da Aldeia|330520|Interior|0|0|0|0|0|0.0|0|1|0.0|27|4|0|6|4|5|0|9|2|0|1|1|0|0.0|0|0|0.0|2|15|7|0|0|3|3.0|56|69|0|1|0|48|23|3.0|17.0|4.0|3|40.0|11.0|11.0|1.0|26|0|0|0|0|0|318|2025-05|Maio|Grande Niterói e Região dos Lagos|0|São Pedro da Aldeia|São Pedro da Aldeia|Baixadas Litorâneas|2025-05-01|365
36184|126|5|2025|25|4|Cabo Frio|330070|Interior|5|0|0|5|1|0.0|6|2|2.0|59|6|1|15|13|5|1|19|5|2|0|0|0|0.0|0|0|1.0|8|35|15|6|4|21|6.0|148|200|0|6|0|194|61|3.0|58.0|1.0|13|50.0|16.0|19.0|0.0|82|8|2|0|0|0|1084|2025-05|Maio|Grande Niterói e Região dos Lagos|0|Cabo Frio e Tamoios|Cabo Frio|Baixadas Litorâneas|2025-05-01|365
36185|127|5|2025|25|4|Armação dos Búzios|330023|Interior|2|0|0|2|0|0.0|2|1|0.0|22|5|1|4|0|0|0|0|1|0|0|0|0|0.0|0|0|0.0|0|1|2|0|2|6|1.0|26|37|0|3|0|30|20|1.0|9.0|10.0|1|19.0|2.0|0.0|0.0|17|6|0|0|0|0|310|2025-05|Maio|Grande Niterói e Região dos Lagos|0|Armação dos Búzios|Armação dos Búzios|Baixadas Litorâneas|2025-05-01|365
36186|128|5|2025|32|6|Rio das Ostras|330452|Interior|3|0|0|3|0|0.0|3|3|0.0|43|7|2|17|3|2|1|6|0|1|0|0|0|0.0|0|0|0.0|2|9|7|3|0|8|2.0|109|129|0|0|0|188|29|5.0|21.0|4.0|3|50.0|10.0|10.0|0.0|63|4|2|0|0|0|787|2025-05|Maio|Norte Fluminense e Noroeste|0|Rio das Ostras|Rio das Ostras|Baixadas Litorâneas|2025-05-01|365
36187|129|5|2025|25|4|Iguaba Grande|330187|Interior|0|0|0|0|0|0.0|0|2|0.0|6|1|0|4|0|0|0|0|0|0|0|0|0|0.0|0|0|0.0|0|0|1|0|0|3|2.0|18|24|0|0|0|17|3|1.0|1.0|1.0|4|6.0|0.0|2.0|0.0|9|0|0|0|0|0|107|2025-05|Maio|Grande Niterói e Região dos Lagos|0|Iguaba Grande|Iguaba Grande|Baixadas Litorâneas|2025-05-01|365
36188|130|5|2025|32|6|Quissamã;Carapebus|999999|Interior|1|0|0|1|0|0.0|1|1|0.0|10|3|0|8|0|0|0|0|1|0|0|0|0|0.0|0|0|0.0|1|2|0|0|0|1|0.0|2|3|0|0|0|7|12|6.0|7.0|1.0|0|16.0|6.0|2.0|0.0|10|1|0|0|0|0|97|2025-05|Maio|Norte Fluminense e Noroeste|0|Centro; UB-S; Rodagem; Carapebus e Praia de Carapebus|Carapebus|Norte Fluminense|2025-05-01|365
36189|132|5|2025|25|4|Arraial do Cabo|330025|Interior|0|0|0|0|0|0.0|0|0|0.0|14|1|1|2|0|0|0|0|0|0|0|0|0|0.0|0|0|0.0|0|0|0|3|0|14|0.0|11|28|0|2|0|24|16|1.0|10.0|5.0|3|20.0|1.0|3.0|0.0|25|1|0|0|0|0|166|2025-05|Maio|Grande Niterói e Região dos Lagos|0|Arraial do Cabo|Arraial do Cabo|Baixadas Litorâneas|2025-05-01|365
36190|134|5|2025|8|6|Campos dos Goytacazes|330100|Interior|1|0|0|1|0|0.0|1|0|0.0|82|10|1|20|13|6|0|19|0|0|2|1|0|0.0|0|0|0.0|4|26|6|9|7|24|14.0|116|176|0|5|0|244|136|96.0|21.0|22.0|8|100.0|10.0|26.0|1.0|103|8|2|0|0|0|1288|2025-05|Maio|Norte Fluminense e Noroeste|0|Campos dos Goytacazes (Primeiro Subdistrito; Segundo Subdistrito e Quarto Subdistrito); Ibitioca; Dores de Macabu; Morangaba; Mussurepe; Serrinha; Santo Amaro de Campos; São Sebastião de Campos e Tocos|Campos dos Goytacazes|Norte Fluminense|2025-05-01|365
36191|135|5|2025|36|6|Itaocara|330210|Interior|4|0|0|4|0|0.0|4|1|0.0|11|0|0|4|1|0|0|1|0|0|0|0|0|0.0|0|0|0.0|0|1|2|0|0|1|1.0|1|5|0|0|0|16|8|7.0|2.0|0.0|1|23.0|0.0|3.0|0.0|15|0|0|0|0|0|103|2025-05|Maio|Norte Fluminense e Noroeste|0|Itaocara; Portela; Batatal; Laranjais; Jaguarembe e Estrada Nova|Itaocara|Noroeste Fluminense|2025-05-01|365
36192|136|5|2025|36|6|Santo Antônio de Pádua;Aperibé|999999|Interior|1|0|0|1|0|0.0|1|0|0.0|19|0|0|3|0|0|0|0|0|0|1|0|0|0.0|0|0|0.0|0|1|0|0|0|0|0.0|9|9|0|0|0|19|47|18.0|9.0|20.0|0|9.0|3.0|5.0|2.0|29|2|0|0|0|0|174|2025-05|Maio|Norte Fluminense e Noroeste|0|Aperibé|Aperibé|Noroeste Fluminense|2025-05-01|365
36193|137|5|2025|36|6|Miracema|330300|Interior|0|0|0|0|0|0.0|0|0|0.0|16|3|0|0|0|0|0|0|0|0|0|0|0|0.0|0|0|0.0|0|0|0|0|0|1|1.0|7|9|0|0|0|4|27|17.0|10.0|0.0|0|5.0|3.0|2.0|0.0|7|0|0|0|0|0|101|2025-05|Maio|Norte Fluminense e Noroeste|0|Miracema; Venda das Flores e Paraíso do Tobias|Miracema|Noroeste Fluminense|2025-05-01|365
36194|138|5|2025|29|6|Laje do Muriaé|330230|Interior|1|0|0|1|0|0.0|1|0|0.0|2|0|0|0|0|0|0|0|0|0|0|0|0|0.0|0|0|0.0|0|0|0|0|0|0|0.0|0|0|0|0|0|1|6|2.0|3.0|1.0|0|1.0|0.0|0.0|0.0|2|0|0|0|0|0|16|2025-05|Maio|Norte Fluminense e Noroeste|0|Laje do Muriaé|Laje do Muriaé|Noroeste Fluminense|2025-05-01|365
36195|139|5|2025|29|6|Porciúncula|330410|Interior|0|0|0|0|0|0.0|0|0|0.0|10|1|0|3|0|0|0|0|0|0|0|0|0|0.0|0|0|0.0|0|0|0|0|0|0|0.0|8|8|0|0|0|10|3|2.0|1.0|0.0|1|2.0|0.0|1.0|1.0|14|0|0|0|0|0|60|2025-05|Maio|Norte Fluminense e Noroeste|0|Porciúncula; Purilândia e Santa Clara|Porciúncula|Noroeste Fluminense|2025-05-01|365
36196|140|5|2025|29|6|Natividade;Varre-Sai|999999|Interior|0|0|0|0|0|0.0|0|0|0.0|5|1|0|0|0|0|0|0|0|0|0|0|0|0.0|0|0|0.0|0|0|0|0|0|0|0.0|4|4|0|0|0|5|11|8.0|4.0|0.0|0|7.0|0.0|4.0|0.0|10|0|0|0|0|0|62|2025-05|Maio|Norte Fluminense e Noroeste|0|Natividade; Ourania e Bom Jesus do Querendo|Natividade|Noroeste Fluminense|2025-05-01|365
36197|141|5|2025|8|6|São Fidélis|330480|Interior|1|0|0|1|0|0.0|1|0|0.0|10|0|1|5|0|0|0|0|0|0|0|0|0|0.0|0|0|0.0|0|0|0|0|0|0|1.0|4|5|0|1|0|26|8|3.0|4.0|1.0|1|6.0|0.0|2.0|2.0|29|1|0|0|0|0|136|2025-05|Maio|Norte Fluminense e Noroeste|0|São Fidelis; Cambiasca; Colonia; Ipuca e Pureza|São Fidélis|Norte Fluminense|2025-05-01|365
36198|142|5|2025|36|6|Cambuci|330090|Interior|1|0|0|1|0|0.0|1|1|0.0|8|0|0|0|0|0|0|0|0|0|0|0|0|0.0|0|0|0.0|0|0|2|0|0|0|0.0|3|5|0|0|0|6|4|4.0|0.0|0.0|1|0.0|0.0|2.0|0.0|3|0|0|0|0|0|36|2025-05|Maio|Norte Fluminense e Noroeste|0|Cambuci; Três Irmãos; Funil; Monte Verde e São João do Paraíso|Cambuci|Noroeste Fluminense|2025-05-01|365
36199|143|5|2025|29|6|Itaperuna;São José de Ubá|999999|Interior|4|0|0|4|0|0.0|4|20|0.0|38|1|4|7|1|0|0|1|0|0|0|0|0|0.0|0|0|0.0|0|1|4|6|0|7|8.0|40|65|0|0|0|57|79|48.0|13.0|20.0|2|31.0|7.0|7.0|3.0|41|1|0|0|0|0|444|2025-05|Maio|Norte Fluminense e Noroeste|0|Itaperuna; Boaventura; Nossa Senhora da Penha; Itajara; Retiro do Muriaé; Raposo e Comendador Venâncio|Itaperuna|Noroeste Fluminense|2025-05-01|365
36200|144|5|2025|29|6|Bom Jesus de Itabapoana|330060|Interior|0|0|0|0|0|0.0|0|1|0.0|28|2|0|1|0|0|0|0|0|0|0|0|0|0.0|0|0|0.0|0|0|1|0|0|4|1.0|14|20|0|0|0|23|20|12.0|7.0|1.0|2|18.0|3.0|6.0|0.0|21|0|0|0|0|0|159|2025-05|Maio|Norte Fluminense e Noroeste|0|Bom Jesus de Itabapoana; Carabuçú; Calheiros; Pirapetinga de Bom Jesus; Rosal e Serrinha|Bom Jesus de Itabapoana|Noroeste Fluminense|2025-05-01|365
36201|145|5|2025|8|6|São João da Barra|330500|Interior|0|0|0|0|0|0.0|0|0|0.0|12|5|0|2|0|0|0|0|0|0|0|0|0|0.0|0|0|0.0|1|1|0|1|1|2|0.0|28|32|0|0|0|21|25|7.0|10.0|10.0|1|21.0|4.0|1.0|1.0|14|1|0|0|0|0|169|2025-05|Maio|Norte Fluminense e Noroeste|0|Barcelos; Atafona; São João da Barra; Grussaí; Cajueiro e Pipeiras|São João da Barra|Norte Fluminense|2025-05-01|365
36202|146|5|2025|8|6|Campos dos Goytacazes|330100|Interior|3|0|0|3|0|0.0|3|1|1.0|22|4|1|8|10|2|0|12|0|0|0|1|0|0.0|0|0|0.0|1|14|4|2|1|3|2.0|30|42|0|2|0|38|73|22.0|17.0|34.0|4|51.0|6.0|20.0|1.0|53|3|1|0|0|0|451|2025-05|Maio|Norte Fluminense e Noroeste|0|Campos dos Goytacazes (Terceiro Subdistrito); Santa Maria; Morro do Coco; Santo Eduardo; Travessão e Vila Nova de Campos|Campos dos Goytacazes|Norte Fluminense|2025-05-01|365
36203|147|5|2025|8|6|São Francisco de Itabapoana|330475|Interior|5|0|0|5|0|0.0|5|4|0.0|12|3|2|2|0|0|0|0|1|0|0|1|0|0.0|0|0|0.0|0|2|3|1|0|0|0.0|8|12|0|0|0|17|31|5.0|20.0|7.0|3|25.0|4.0|1.0|1.0|17|0|0|0|0|0|130|2025-05|Maio|Norte Fluminense e Noroeste|0|São Francisco de Itabapoana; Maniva e Barra Seca|São Francisco de Itabapoana|Norte Fluminense|2025-05-01|365
36204|148|5|2025|29|6|Cardoso Moreira;Italva|999999|Interior|0|0|0|0|0|0.0|0|0|0.0|12|1|1|1|0|0|0|0|0|0|0|0|0|0.0|0|0|0.0|0|0|0|0|0|0|0.0|5|5|0|0|0|7|10|6.0|0.0|4.0|1|7.0|0.0|4.0|0.0|16|0|0|0|0|0|81|2025-05|Maio|Norte Fluminense e Noroeste|0|Italva|Italva|Noroeste Fluminense|2025-05-01|365
36205|151|5|2025|11|7|Nova Friburgo|330340|Interior|1|0|0|1|0|0.0|1|0|0.0|62|5|4|47|1|0|0|1|0|0|0|0|0|0.0|0|0|0.0|0|1|4|4|1|29|0.0|46|84|0|3|0|165|50|4.0|41.0|5.0|4|62.0|20.0|3.0|3.0|94|10|1|0|0|0|851|2025-05|Maio|Região Serrana|0|Nova Friburgo; São Pedro da Serra; Lumiar; Amparo; Riograndina; Conselheiro Paulino e Campo do Coelho|Nova Friburgo|Serrana|2025-05-01|365
36206|152|5|2025|11|7|Duas Barras|330160|Interior|0|0|0|0|0|0.0|0|0|0.0|16|0|0|0|0|0|0|0|0|0|0|0|0|0.0|0|0|0.0|0|0|1|0|0|0|0.0|2|3|0|0|0|6|3|1.0|1.0|1.0|1|5.0|0.0|0.0|0.0|8|0|0|0|0|0|52|2025-05|Maio|Região Serrana|0|Duas Barras e Monnerat|Duas Barras|Serrana|2025-05-01|365
36207|153|5|2025|11|7|Cantagalo|330110|Interior|0|0|0|0|0|0.0|0|0|0.0|7|0|0|2|0|0|0|0|0|0|0|0|0|0.0|0|0|0.0|0|0|0|0|0|1|0.0|6|7|0|0|0|7|5|2.0|4.0|0.0|0|6.0|0.0|1.0|0.0|13|0|0|0|0|0|62|2025-05|Maio|Região Serrana|0|Cantagalo; Santa Rita da Floresta; Boa Sorte; Euclidelândia e São Sebastião do Paraíba|Cantagalo|Serrana|2025-05-01|365
36208|154|5|2025|11|7|Cordeiro;Macuco|999999|Interior|0|0|0|0|0|0.0|0|1|0.0|16|0|0|0|0|0|0|0|0|0|0|0|0|0.0|0|0|0.0|0|0|1|0|1|3|1.0|4|10|0|0|0|13|6|2.0|2.0|2.0|0|5.0|0.0|2.0|1.0|19|0|0|0|0|0|113|2025-05|Maio|Região Serrana|0|Cordeiro|Cordeiro|Serrana|2025-05-01|365
36209|155|5|2025|36|6|São Sebastião do Alto|330530|Interior|0|0|0|0|0|0.0|0|0|0.0|1|0|0|0|0|0|0|0|0|0|0|0|0|0.0|0|0|0.0|0|0|0|0|0|0|0.0|0|0|0|0|0|1|0|0.0|0.0|0.0|0|1.0|0.0|0.0|0.0|4|0|0|0|0|0|11|2025-05|Maio|Norte Fluminense e Noroeste|0|São Sebastião do Alto; Valão do Barro e Ipituna|São Sebastião do Alto|Serrana|2025-05-01|365
36210|156|5|2025|11|7|Santa Maria Madalena|330460|Interior|0|0|0|0|0|0.0|0|0|0.0|1|0|0|3|0|0|0|0|0|0|0|0|0|0.0|0|0|0.0|0|0|0|0|0|0|0.0|3|3|0|0|0|3|0|0.0|0.0|0.0|0|0.0|0.0|1.0|0.0|10|0|0|0|0|0|27|2025-05|Maio|Região Serrana|0|Santa Maria Madalena; Doutor Loreti; Renascença; Santo Antônio do Imbé; Sossego e Triunfo|Santa Maria Madalena|Serrana|2025-05-01|365
36211|157|5|2025|11|7|Trajano de Morais|330590|Interior|0|0|0|0|0|0.0|0|0|0.0|2|0|0|0|0|0|0|0|0|0|0|0|0|0.0|0|0|0.0|0|0|0|0|0|0|0.0|0|0|0|0|0|3|1|1.0|0.0|0.0|0|0.0|0.0|1.0|0.0|3|0|0|0|0|0|18|2025-05|Maio|Região Serrana|0|Trajano de Moraes; Doutor Elias; Sodrelândia; Vila da Grama e Visconde de Imbé|Trajano de Moraes|Serrana|2025-05-01|365
36212|158|5|2025|11|7|Bom Jardim|330050|Interior|0|0|0|0|0|0.0|0|0|0.0|4|1|0|8|1|0|0|1|0|0|0|0|0|0.0|0|0|0.0|0|1|1|0|0|1|0.0|1|3|0|0|0|8|4|3.0|1.0|0.0|1|4.0|1.0|2.0|0.0|7|0|0|0|0|0|61|2025-05|Maio|Região Serrana|0|Bom Jardim; Banquete; Barra Alegre e São José do Ribeirão|Bom Jardim|Serrana|2025-05-01|365
36213|159|5|2025|35|4|Cachoeiras de Macacu|330080|Interior|1|0|0|1|0|0.0|1|0|0.0|14|6|1|6|0|0|0|0|0|2|0|0|0|0.0|0|0|0.0|0|2|2|0|0|2|0.0|10|14|0|1|1|28|7|1.0|5.0|1.0|3|3.0|2.0|3.0|0.0|24|1|0|0|0|0|150|2025-05|Maio|Grande Niterói e Região dos Lagos|0|Cachoeiras de Macacu; Japuíba e Subaio|Cachoeiras de Macacu|Metropolitana|2025-05-01|365
36214|165|5|2025|33|5|Mangaratiba|330260|Interior|1|0|0|1|0|0.0|1|0|0.0|21|6|3|2|0|1|1|2|0|0|0|0|0|0.0|0|0|0.0|0|2|2|0|0|3|0.0|19|24|0|0|0|24|26|17.0|7.0|2.0|1|15.0|3.0|7.0|0.0|29|2|0|0|0|0|208|2025-05|Maio|Sul Fluminense|0|Mangaratiba; Conceição de Jacareí; Vila Muriquí; Itacuruçá|Mangaratiba|Costa Verde|2025-05-01|365
36215|166|5|2025|33|5|Angra dos Reis|330010|Interior|3|0|0|3|0|0.0|3|2|0.0|62|5|2|15|2|0|0|2|0|0|0|0|0|0.0|0|0|0.0|1|3|4|1|1|3|2.0|40|51|0|0|0|84|23|7.0|15.0|2.0|4|46.0|6.0|14.0|1.0|59|2|0|0|0|0|580|2025-05|Maio|Sul Fluminense|0|Angra dos Reis; Jacuecanga; Cunhambebe; Mambucaba; Abraão e Praia de Araçatiba|Angra dos Reis|Costa Verde|2025-05-01|365
36216|167|5|2025|43|5|Paraty|330380|Interior|3|0|0|3|0|0.0|3|4|0.0|14|5|0|9|0|0|0|0|0|0|0|0|0|0.0|0|0|0.0|0|0|3|0|0|5|0.0|18|26|0|1|0|32|18|5.0|13.0|0.0|0|23.0|1.0|6.0|0.0|37|0|0|0|0|0|230|2025-05|Maio|Sul Fluminense|0|Paraty; Paraty-Mirim e Tarituba|Paraty|Costa Verde|2025-05-01|365
36217|168|5|2025|28|5|Rio Claro|330440|Interior|1|0|0|1|0|0.0|1|0|0.0|5|1|2|4|0|0|0|0|0|0|0|0|0|0.0|0|0|0.0|0|0|1|0|0|1|1.0|4|7|0|0|0|6|1|1.0|0.0|0.0|1|4.0|0.0|1.0|0.0|7|1|0|0|0|0|62|2025-05|Maio|Sul Fluminense|0|Rio Claro; Getulândia; Lídice; Passa Três e São João Marcos|Rio Claro|Médio Paraíba|2025-05-01|365
36218|1|6|2025|5|1|Rio de Janeiro|330455|Capital|0|0|0|0|0|0.0|0|0|0.0|16|1|0|2|50|26|9|85|2|0|0|0|0|0.0|0|0|0.0|8|95|1|47|41|80|2.0|89|260|0|0|1|107|2|1.0|1.0|0.0|1|42.0|4.0|8.0|3.0|19|6|0|0|0|0|684|2025-06|Junho|Capital (Zona Sul, Centro e parte da Norte)|0|Centro (parte)|Rio de Janeiro|Metropolitana|2025-06-01|365
36219|4|6|2025|5|1|Rio de Janeiro|330455|Capital|0|0|0|0|0|0.0|0|1|0.0|21|1|1|15|22|28|6|56|1|1|0|0|0|0.0|0|0|0.0|6|64|7|31|15|93|0.0|40|186|0|1|0|36|14|2.0|13.0|0.0|0|46.0|10.0|14.0|5.0|20|6|0|0|0|0|624|2025-06|Junho|Capital (Zona Sul, Centro e parte da Norte)|0|Centro (parte); Gamboa; Santo Cristo e Saúde|Rio de Janeiro|Metropolitana|2025-06-01|365
36220|5|6|2025|5|1|Rio de Janeiro|330455|Capital|2|0|0|2|0|0.0|2|1|1.0|66|2|0|13|62|61|1|124|1|0|2|1|0|0.0|0|0|1.0|17|146|13|58|11|268|7.0|187|544|0|1|0|162|10|3.0|7.0|0.0|3|38.0|3.0|13.0|3.0|40|1|0|0|0|0|1295|2025-06|Junho|Capital (Zona Sul, Centro e parte da Norte)|0|Centro (parte); Lapa e Paquetá|Rio de Janeiro|Metropolitana|2025-06-01|365
36221|6|6|2025|4|1|Rio de Janeiro|330455|Capital|0|0|0|0|0|0.0|0|0|0.0|30|3|4|31|21|7|4|32|12|1|0|0|0|0.0|0|0|1.0|5|51|8|20|17|71|3.0|54|173|0|1|0|52|1|0.0|1.0|0.0|9|14.0|1.0|4.0|1.0|17|6|0|0|0|0|505|2025-06|Junho|Capital (Zona Sul, Centro e parte da Norte)|0|Catumbi; Cidade Nova; Estácio; Rio Comprido e Centro (parte)|Rio de Janeiro|Metropolitana|2025-06-01|365
36222|7|6|2025|5|1|Rio de Janeiro|330455|Capital|0|0|0|0|0|0.0|0|0|1.0|15|1|0|2|13|8|1|22|1|0|0|0|0|0.0|0|0|0.0|0|23|7|2|4|7|3.0|26|49|0|3|0|26|3|0.0|3.0|0.0|3|11.0|0.0|0.0|0.0|12|2|0|0|0|0|224|2025-06|Junho|Capital (Zona Sul, Centro e parte da Norte)|0|Santa Teresa|Rio de Janeiro|Metropolitana|2025-06-01|365
36223|9|6|2025|2|1|Rio de Janeiro|330455|Capital|1|0|0|1|0|0.0|1|2|0.0|26|4|0|25|66|50|6|122|11|1|0|0|0|0.0|0|0|6.0|4|144|15|61|20|110|21.0|133|360|0|2|0|163|0|0.0|0.0|0.0|3|30.0|3.0|5.0|0.0|30|1|3|0|0|0|1096|2025-06|Junho|Capital (Zona Sul, Centro e parte da Norte)|0|Catete; Cosme Velho; Flamengo; Glória e Laranjeiras|Rio de Janeiro|Metropolitana|2025-06-01|365
36224|10|6|2025|2|1|Rio de Janeiro|330455|Capital|0|0|0|0|0|0.0|0|3|0.0|28|0|0|29|55|70|11|136|10|0|5|1|0|0.0|0|0|2.0|18|172|10|16|26|149|21.0|223|445|0|2|0|146|10|9.0|0.0|1.0|5|19.0|6.0|8.0|2.0|25|5|2|0|0|0|1174|2025-06|Junho|Capital (Zona Sul, Centro e parte da Norte)|0|Botafogo; Humaitá e Urca|Rio de Janeiro|Metropolitana|2025-06-01|365
36225|11|6|2025|23|1|Rio de Janeiro|330455|Capital|0|0|0|0|0|0.0|0|0|0.0|5|0|0|0|0|0|0|0|0|0|0|0|0|0.0|0|0|0.0|0|0|1|0|0|3|0.0|5|9|0|0|0|9|2|0.0|1.0|1.0|1|1.0|0.0|1.0|0.0|3|1|0|0|0|0|74|2025-06|Junho|Capital (Zona Sul, Centro e parte da Norte)|0|Rocinha|Rio de Janeiro|Metropolitana|2025-06-01|365
36226|12|6|2025|19|1|Rio de Janeiro|330455|Capital|0|0|0|0|1|0.0|1|1|0.0|31|6|0|9|12|6|2|20|0|1|6|0|0|0.0|0|0|2.0|4|33|9|49|8|111|19.0|164|360|0|4|0|224|8|1.0|7.0|0.0|3|49.0|4.0|8.0|2.0|36|4|0|0|0|0|1014|2025-06|Junho|Capital (Zona Sul, Centro e parte da Norte)|0|Copacabana (parte) e Leme|Rio de Janeiro|Metropolitana|2025-06-01|365
36227|13|6|2025|19|1|Rio de Janeiro|330455|Capital|0|0|0|0|0|0.0|0|0|0.0|20|1|0|3|7|7|0|14|0|0|3|1|0|0.0|0|0|0.0|4|22|5|25|2|64|8.0|101|205|0|1|0|74|1|0.0|1.0|0.0|0|17.0|3.0|4.0|0.0|19|2|0|0|0|0|531|2025-06|Junho|Capital (Zona Sul, Centro e parte da Norte)|0|Copacabana (parte)|Rio de Janeiro|Metropolitana|2025-06-01|365
36228|14|6|2025|23|1|Rio de Janeiro|330455|Capital|0|0|0|0|0|0.0|0|0|0.0|14|0|1|7|14|31|1|46|2|0|3|3|0|0.0|0|0|0.0|8|62|9|29|5|204|44.0|160|451|0|0|0|202|5|2.0|2.0|1.0|3|25.0|4.0|5.0|3.0|13|9|0|0|0|0|1052|2025-06|Junho|Capital (Zona Sul, Centro e parte da Norte)|0|Ipanema e Leblon|Rio de Janeiro|Metropolitana|2025-06-01|365
36229|15|6|2025|23|1|Rio de Janeiro|330455|Capital|0|0|0|0|0|0.0|0|0|0.0|20|1|1|13|14|10|3|27|1|0|1|0|0|0.0|0|0|1.0|13|43|11|12|19|44|12.0|71|169|0|2|0|139|6|5.0|1.0|0.0|2|19.0|0.0|9.0|1.0|16|3|0|0|0|0|674|2025-06|Junho|Capital (Zona Sul, Centro e parte da Norte)|0|Gávea; Jardim Botânico; Lagoa; São Conrado e Vidigal|Rio de Janeiro|Metropolitana|2025-06-01|365
36230|16|6|2025|31|2|Rio de Janeiro|330455|Capital|2|0|0|2|1|0.0|3|1|0.0|65|2|1|55|55|51|12|118|6|1|5|0|0|0.0|0|0|0.0|27|157|37|21|78|212|13.0|303|664|0|7|0|447|11|7.0|5.0|0.0|5|49.0|35.0|15.0|9.0|66|6|0|0|0|0|2132|2025-06|Junho|Capital (Zona Oeste e parte da Norte)|0|Barra da Tijuca; Itanhangá; Joá|Rio de Janeiro|Metropolitana|2025-06-01|365
36231|17|6|2025|4|1|Rio de Janeiro|330455|Capital|1|0|0|1|0|0.0|1|0|0.0|28|1|3|33|31|36|6|73|18|2|3|0|0|0.0|0|0|0.0|20|116|18|15|15|68|4.0|102|222|0|1|0|102|8|3.0|4.0|1.0|8|22.0|0.0|10.0|0.0|27|7|0|0|0|0|803|2025-06|Junho|Capital (Zona Sul, Centro e parte da Norte)|0|Caju; Mangueira; São Cristóvão e Vasco da Gama|Rio de Janeiro|Metropolitana|2025-06-01|365
36232|18|6|2025|6|1|Rio de Janeiro|330455|Capital|0|0|0|0|2|1.0|3|0|0.0|13|3|1|32|63|64|14|141|19|1|2|0|0|0.0|0|0|1.0|18|182|11|36|36|77|8.0|108|276|0|0|0|92|2|0.0|2.0|0.0|5|15.0|6.0|3.0|0.0|23|2|0|0|0|0|896|2025-06|Junho|Capital (Zona Sul, Centro e parte da Norte)|0|Maracanã; Praça da Bandeira e Tijuca (parte)|Rio de Janeiro|Metropolitana|2025-06-01|365
36233|19|6|2025|6|1|Rio de Janeiro|330455|Capital|1|0|0|1|0|0.0|1|0|0.0|43|2|0|20|61|35|9|105|5|1|1|0|0|0.0|0|0|0.0|25|137|10|23|42|44|4.0|151|274|0|7|0|161|2|1.0|1.0|0.0|2|25.0|6.0|11.0|6.0|33|1|2|0|0|0|1003|2025-06|Junho|Capital (Zona Sul, Centro e parte da Norte)|0|Alto da Boa Vista e Tijuca (parte)|Rio de Janeiro|Metropolitana|2025-06-01|365
36234|20|6|2025|6|1|Rio de Janeiro|330455|Capital|1|0|0|1|0|0.0|1|3|0.0|35|2|1|13|38|28|2|68|7|0|0|1|0|0.0|0|0|0.0|2|78|2|18|20|31|5.0|150|226|0|1|1|156|4|1.0|0.0|3.0|7|31.0|6.0|2.0|0.0|36|5|0|0|0|0|870|2025-06|Junho|Capital (Zona Sul, Centro e parte da Norte)|0|Andaraí; Grajaú e Vila Isabel|Rio de Janeiro|Metropolitana|2025-06-01|365
36235|21|6|2025|22|1|Rio de Janeiro|330455|Capital|1|0|0|1|0|0.0|1|2|1.0|57|6|4|65|33|39|7|79|41|10|3|0|0|0.0|0|0|0.0|22|155|42|11|19|78|1.0|172|323|0|6|1|169|19|9.0|9.0|1.0|52|58.0|10.0|28.0|3.0|52|9|2|0|0|0|1290|2025-06|Junho|Capital (Zona Sul, Centro e parte da Norte)|0|Benfica; Bonsucesso; Higienópolis; Manguinhos; Maré e Ramos|Rio de Janeiro|Metropolitana|2025-06-01|365
36236|22|6|2025|16|1|Rio de Janeiro|330455|Capital|1|0|0|1|0|0.0|1|2|0.0|40|4|4|43|25|19|1|45|24|3|0|0|0|0.0|0|0|0.0|3|75|11|10|8|19|0.0|92|140|0|2|0|93|8|2.0|6.0|0.0|19|32.0|2.0|6.0|0.0|39|3|0|0|0|0|725|2025-06|Junho|Capital (Zona Sul, Centro e parte da Norte)|0|Brás de Pina (parte); Olaria; Penha e Penha Circular (parte)|Rio de Janeiro|Metropolitana|2025-06-01|365
36237|23|6|2025|3|1|Rio de Janeiro|330455|Capital|3|0|0|3|0|0.0|3|0|0.0|27|3|1|13|20|34|3|57|9|1|1|0|0|0.0|0|1|0.0|5|74|9|4|9|24|2.0|82|130|0|0|0|81|4|3.0|0.0|1.0|2|14.0|0.0|2.0|0.0|27|2|0|0|0|0|546|2025-06|Junho|Capital (Zona Sul, Centro e parte da Norte)|0|Cachambi; Méier (parte) e Todos os Santos (parte)|Rio de Janeiro|Metropolitana|2025-06-01|365
36238|24|6|2025|3|1|Rio de Janeiro|330455|Capital|2|0|0|2|0|0.0|2|0|1.0|30|0|2|18|16|26|5|47|69|0|0|0|0|0.0|0|0|1.0|14|131|4|10|10|33|0.0|66|123|0|0|0|129|6|0.0|4.0|2.0|12|17.0|0.0|5.0|1.0|35|4|0|0|0|0|687|2025-06|Junho|Capital (Zona Sul, Centro e parte da Norte)|0|Abolição; Água Santa (parte); Encantado; Engenho de Dentro (parte); Pilares e Piedade|Rio de Janeiro|Metropolitana|2025-06-01|365
36239|25|6|2025|3|1|Rio de Janeiro|330455|Capital|0|0|0|0|0|0.0|0|7|0.0|44|2|0|20|23|35|20|78|16|1|0|0|0|0.0|0|0|0.0|10|105|4|4|19|58|1.0|46|132|0|2|0|103|10|4.0|5.0|1.0|16|25.0|0.0|12.0|3.0|20|10|0|0|0|0|712|2025-06|Junho|Capital (Zona Sul, Centro e parte da Norte)|0|Engenho Novo; Jacaré; Jacarezinho; Riachuelo; Rocha; Sampaio e São Francisco Xavier|Rio de Janeiro|Metropolitana|2025-06-01|365
36240|26|6|2025|3|1|Rio de Janeiro|330455|Capital|1|0|0|1|0|0.0|1|0|0.0|25|0|1|16|29|57|12|98|36|1|0|0|0|0.0|0|0|0.0|23|158|2|7|11|53|1.0|101|175|0|4|0|125|0|0.0|0.0|0.0|12|4.0|0.0|2.0|1.0|27|5|0|0|0|0|753|2025-06|Junho|Capital (Zona Sul, Centro e parte da Norte)|0|Água Santa (parte); Engenho de Dentro (parte); Lins de Vasconcelos e Todos os Santos|Rio de Janeiro|Metropolitana|2025-06-01|365
36241|27|6|2025|41|2|Rio de Janeiro|330455|Capital|8|0|0|8|0|1.0|9|0|0.0|49|3|3|25|81|53|7|141|103|15|3|0|0|0.0|0|0|1.0|29|292|33|13|10|29|3.0|89|177|0|3|2|187|5|2.0|2.0|1.0|27|29.0|1.0|8.0|3.0|43|5|0|0|0|0|1133|2025-06|Junho|Capital (Zona Oeste e parte da Norte)|0|Colégio (parte); Irajá; Vicente de Carvalho; Vila Kosmos; Vila da Penha e Vista Alegre|Rio de Janeiro|Metropolitana|2025-06-01|365
36242|28|6|2025|18|2|Rio de Janeiro|330455|Capital|1|0|0|1|1|0.0|2|1|0.0|40|4|0|17|23|29|8|60|35|0|6|0|0|0.0|0|0|0.0|6|107|5|4|7|33|0.0|51|100|0|2|0|120|3|0.0|2.0|1.0|14|11.0|1.0|2.0|0.0|36|6|0|0|0|0|684|2025-06|Junho|Capital (Zona Oeste e parte da Norte)|0|Vila Valqueire; Praça Seca e Tanque (parte)|Rio de Janeiro|Metropolitana|2025-06-01|365
36243|29|6|2025|9|2|Rio de Janeiro|330455|Capital|6|0|0|6|0|0.0|6|1|0.0|55|5|1|24|82|49|19|150|113|8|3|0|0|0.0|0|0|0.0|24|298|32|45|34|75|1.0|155|342|0|10|6|177|1|0.0|1.0|0.0|50|15.0|7.0|4.0|0.0|65|10|2|0|0|0|1336|2025-06|Junho|Capital (Zona Oeste e parte da Norte)|0|Cavalcanti; Engenheiro Leal; Madureira; Turiaçu; Vaz Lobo; Oswaldo Cruz (parte); Cascadura e Quintino Bocaiúva|Rio de Janeiro|Metropolitana|2025-06-01|365
36244|30|6|2025|9|2|Rio de Janeiro|330455|Capital|1|0|0|1|3|0.0|4|0|0.0|29|2|2|14|30|45|18|93|26|1|0|2|0|0.0|0|0|0.0|9|131|31|4|3|17|0.0|65|120|0|1|0|99|0|0.0|0.0|0.0|5|16.0|2.0|2.0|0.0|47|4|0|0|0|0|667|2025-06|Junho|Capital (Zona Oeste e parte da Norte)|0|Bento Ribeiro; Campinho; Marechal Hermes e Oswaldo Cruz (parte)|Rio de Janeiro|Metropolitana|2025-06-01|365
36245|31|6|2025|41|2|Rio de Janeiro|330455|Capital|3|0|0|3|0|0.0|3|3|0.0|38|5|0|11|28|39|1|68|32|6|1|0|0|0.0|0|0|0.0|7|114|14|2|3|12|0.0|22|53|0|1|0|76|7|2.0|3.0|2.0|26|19.0|0.0|2.0|0.0|37|7|0|0|0|0|550|2025-06|Junho|Capital (Zona Oeste e parte da Norte)|0|Anchieta; Guadalupe; Parque Anchieta e Ricardo de Albuquerque|Rio de Janeiro|Metropolitana|2025-06-01|365
36246|32|6|2025|18|2|Rio de Janeiro|330455|Capital|4|0|0|4|1|0.0|5|14|0.0|99|18|4|87|86|66|11|163|49|3|4|2|0|0.0|0|2|1.0|13|237|15|72|40|92|5.0|220|444|0|6|0|483|9|0.0|8.0|1.0|24|43.0|3.0|11.0|1.0|169|12|1|0|0|0|2203|2025-06|Junho|Capital (Zona Oeste e parte da Norte)|0|Anil; Cidade de Deus; Curicica; Gardênia Azul; Jacarepaguá e Taquara|Rio de Janeiro|Metropolitana|2025-06-01|365
36247|33|6|2025|14|2|Rio de Janeiro|330455|Capital|0|0|0|0|2|0.0|2|11|0.0|73|7|5|45|21|44|8|73|35|5|0|1|0|0.0|0|0|2.0|12|128|37|6|7|24|1.0|136|211|0|0|0|83|8|1.0|7.0|0.0|26|32.0|5.0|7.0|0.0|53|4|1|0|0|0|849|2025-06|Junho|Capital (Zona Oeste e parte da Norte)|0|Campo dos Afonsos; Deodoro; Jardim Sulacap; Magalhães Bastos; Realengo e Vila Militar|Rio de Janeiro|Metropolitana|2025-06-01|365
36248|34|6|2025|14|2|Rio de Janeiro|330455|Capital|10|0|0|10|3|0.0|13|4|0.0|120|11|1|36|51|51|2|104|58|9|3|1|0|0.0|0|0|0.0|10|185|39|8|2|33|2.0|231|315|0|5|0|137|38|1.0|17.0|21.0|53|96.0|5.0|28.0|2.0|94|8|0|0|0|0|1389|2025-06|Junho|Capital (Zona Oeste e parte da Norte)|0|Bangu; Gericinó; Padre Miguel e Senador Camará|Rio de Janeiro|Metropolitana|2025-06-01|365
36249|35|6|2025|40|2|Rio de Janeiro|330455|Capital|4|0|0|4|0|0.0|4|8|0.0|186|24|11|85|43|55|1|99|54|9|9|0|0|0.0|0|0|0.0|20|191|46|21|12|65|12.0|308|464|0|12|0|351|7|5.0|2.0|0.0|24|89.0|3.0|19.0|1.0|178|22|0|0|0|0|2380|2025-06|Junho|Capital (Zona Oeste e parte da Norte)|0|Campo Grande; Cosmos; Inhoaíba; Santíssimo e Senador Vasconcelos|Rio de Janeiro|Metropolitana|2025-06-01|365
36250|36|6|2025|27|2|Rio de Janeiro|330455|Capital|6|1|0|7|0|0.0|7|1|0.0|110|20|3|32|13|15|0|28|12|5|1|0|0|0.0|0|0|0.0|6|52|15|7|5|18|3.0|80|128|0|5|0|204|2|0.0|1.0|1.0|22|37.0|0.0|3.0|0.0|116|8|1|0|0|0|1079|2025-06|Junho|Capital (Zona Oeste e parte da Norte)|0|Paciência e Santa Cruz|Rio de Janeiro|Metropolitana|2025-06-01|365
36251|37|6|2025|17|1|Rio de Janeiro|330455|Capital|1|0|0|1|0|0.0|1|2|0.0|47|3|3|26|10|11|0|21|9|6|0|2|0|0.0|0|0|0.0|4|42|5|2|2|29|2.0|61|101|0|4|0|101|2|1.0|1.0|0.0|13|23.0|3.0|3.0|0.0|38|6|0|0|0|0|718|2025-06|Junho|Capital (Zona Sul, Centro e parte da Norte)|0|Bancários; Cacuia; Cidade Universitária; Cocotá; Freguesia; Galeão; Jardim Carioca; Jardim Guanabara; Moneró; Pitangueiras; Portuguesa; Praia da Bandeira; Ribeira; Tauá e Zumbi|Rio de Janeiro|Metropolitana|2025-06-01|365
36252|38|6|2025|16|1|Rio de Janeiro|330455|Capital|1|0|0|1|0|0.0|1|3|0.0|35|2|3|21|22|45|2|69|66|8|2|1|0|0.0|0|0|0.0|33|179|13|3|15|29|0.0|50|110|0|1|0|128|8|1.0|6.0|1.0|75|24.0|1.0|13.0|0.0|30|4|0|0|0|0|883|2025-06|Junho|Capital (Zona Sul, Centro e parte da Norte)|0|Brás de Pina (parte); Cordovil; Jardim América; Parada de Lucas;Penha Circular (parte) e Vigário Geral|Rio de Janeiro|Metropolitana|2025-06-01|365
36253|39|6|2025|41|2|Rio de Janeiro|330455|Capital|2|0|0|2|1|1.0|4|0|0.0|51|3|2|36|36|35|10|81|140|26|0|0|0|0.0|0|0|0.0|28|275|15|6|5|24|0.0|68|118|1|1|0|131|7|1.0|6.0|0.0|96|23.0|4.0|2.0|0.0|40|7|0|0|0|0|985|2025-06|Junho|Capital (Zona Oeste e parte da Norte)|0|Acari; Barros Filho; Costa Barros; Parque Colúmbia e Pavuna|Rio de Janeiro|Metropolitana|2025-06-01|365
36254|40|6|2025|9|2|Rio de Janeiro|330455|Capital|3|0|0|3|0|0.0|3|1|0.0|31|4|0|19|31|29|3|63|59|9|2|1|0|0.0|0|0|0.0|17|151|12|7|6|13|1.0|39|78|0|0|0|85|2|0.0|2.0|0.0|20|34.0|0.0|2.0|0.0|24|3|0|0|0|0|530|2025-06|Junho|Capital (Zona Oeste e parte da Norte)|0|Coelho Neto; Colégio (parte); Honório Gurgel e Rocha Miranda|Rio de Janeiro|Metropolitana|2025-06-01|365
36255|41|6|2025|18|2|Rio de Janeiro|330455|Capital|0|0|0|0|1|0.0|1|1|1.0|25|2|0|39|17|24|1|42|5|0|2|2|0|0.0|0|0|0.0|3|54|4|9|14|52|1.0|64|144|0|7|0|176|0|0.0|0.0|0.0|5|6.0|0.0|8.0|0.0|39|3|1|0|0|0|752|2025-06|Junho|Capital (Zona Oeste e parte da Norte)|0|Freguesia (Jacarepaguá); Pechincha e Tanque (parte)|Rio de Janeiro|Metropolitana|2025-06-01|365
36256|42|6|2025|31|2|Rio de Janeiro|330455|Capital|3|0|0|3|0|0.0|3|2|0.0|70|9|1|45|34|33|5|72|11|0|2|2|0|0.0|0|0|0.0|11|98|33|6|25|54|10.0|130|258|0|8|1|292|9|6.0|1.0|2.0|6|32.0|5.0|17.0|1.0|86|9|0|0|0|0|1329|2025-06|Junho|Capital (Zona Oeste e parte da Norte)|0|Recreio dos Bandeirantes; Barra de Guaratiba; Camorim; Grumari; Vargem Grande e Vargem Pequena|Rio de Janeiro|Metropolitana|2025-06-01|365
36257|43|6|2025|27|2|Rio de Janeiro|330455|Capital|1|0|0|1|0|0.0|1|3|0.0|67|14|0|37|11|17|0|28|10|1|1|0|0|0.0|0|0|0.0|4|44|13|0|4|9|2.0|27|55|0|4|0|108|1|0.0|1.0|0.0|12|23.0|0.0|4.0|0.0|87|8|0|0|0|0|635|2025-06|Junho|Capital (Zona Oeste e parte da Norte)|0|Guaratiba; Pedra de Guaratiba e Sepetiba|Rio de Janeiro|Metropolitana|2025-06-01|365
36258|44|6|2025|3|1|Rio de Janeiro|330455|Capital|3|0|0|3|4|0.0|7|5|0.0|43|1|1|25|30|43|12|85|39|3|5|1|0|0.0|0|0|0.0|26|159|10|5|5|16|2.0|63|101|0|0|0|97|10|1.0|6.0|3.0|16|31.0|0.0|4.0|1.0|31|3|0|0|0|0|746|2025-06|Junho|Capital (Zona Sul, Centro e parte da Norte)|0|Del Castilho; Engenho da Rainha; Inhaúma; Maria da Graça e Tomás Coelho|Rio de Janeiro|Metropolitana|2025-06-01|365
36259|48|6|2025|24|3|Seropédica|330555|Baixada Fluminense|0|0|0|0|0|0.0|0|0|0.0|21|4|1|12|4|2|0|6|2|0|0|1|0|0.0|0|0|0.0|1|10|7|3|1|4|7.0|26|48|0|2|0|47|2|2.0|0.0|0.0|5|10.0|0.0|1.0|0.0|24|3|0|0|0|0|296|2025-06|Junho|Baixada Fluminense|0|Seropédica|Seropédica|Metropolitana|2025-06-01|365
36260|50|6|2025|24|3|Itaguaí|330200|Baixada Fluminense|5|0|0|5|0|0.0|5|1|1.0|25|6|1|16|2|5|0|7|0|0|5|0|0|0.0|0|0|0.0|3|15|13|2|0|6|0.0|43|64|0|0|0|46|6|6.0|0.0|0.0|8|25.0|0.0|3.0|0.0|35|9|0|0|0|0|351|2025-06|Junho|Baixada Fluminense|0|Itaguaí e Ibituporanga|Itaguaí|Metropolitana|2025-06-01|365
36261|51|6|2025|24|3|Paracambi|330360|Baixada Fluminense|0|0|0|0|0|0.0|0|0|0.0|18|2|1|7|1|0|0|1|0|0|0|0|0|0.0|0|0|0.0|0|1|4|0|0|1|2.0|12|19|0|2|0|23|3|0.0|3.0|0.0|3|11.0|0.0|6.0|0.0|14|0|0|0|0|0|154|2025-06|Junho|Baixada Fluminense|0|Paracambi|Paracambi|Metropolitana|2025-06-01|365
36262|52|6|2025|20|3|Nova Iguaçu|330350|Baixada Fluminense|2|0|0|2|0|0.0|2|6|0.0|54|5|1|28|54|78|4|136|35|1|4|1|0|0.0|1|1|1.0|10|190|49|22|4|42|2.0|117|236|0|2|0|122|9|7.0|0.0|2.0|18|43.0|3.0|15.0|3.0|57|4|0|0|0|0|1049|2025-06|Junho|Baixada Fluminense|0|Centro|Nova Iguaçu|Metropolitana|2025-06-01|365
36263|53|6|2025|20|3|Mesquita|330285|Baixada Fluminense|1|0|0|1|1|0.0|2|3|1.0|69|4|0|12|36|20|0|56|10|5|0|1|0|0.0|0|1|1.0|10|84|25|5|0|12|5.0|51|98|0|2|0|83|8|1.0|2.0|5.0|13|18.0|7.0|3.0|1.0|49|3|0|0|0|0|526|2025-06|Junho|Baixada Fluminense|0|Mesquita; Chatuba e Banco de Areia|Mesquita|Metropolitana|2025-06-01|365
36264|54|6|2025|39|3|Belford Roxo|330045|Baixada Fluminense|5|0|0|5|1|0.0|6|5|0.0|123|8|2|28|78|88|6|172|81|4|9|1|0|0.0|0|0|0.0|12|279|26|12|3|7|1.0|66|115|0|4|0|216|21|0.0|19.0|2.0|54|73.0|7.0|20.0|0.0|113|16|1|0|0|0|1355|2025-06|Junho|Baixada Fluminense|0|Areia Branca; Jardim Redentor; Parque São José; Nova Aurora e Lote XV|Belford Roxo|Metropolitana|2025-06-01|365
36265|55|6|2025|24|3|Queimados|330414|Baixada Fluminense|1|0|0|1|0|0.0|1|1|0.0|48|12|3|12|17|11|1|29|5|0|1|0|0|0.0|0|0|0.0|1|36|9|2|3|9|3.0|46|72|0|0|0|65|9|6.0|1.0|2.0|13|19.0|1.0|3.0|0.0|59|4|1|0|0|0|486|2025-06|Junho|Baixada Fluminense|0|Centro; Norte; Sul. Leste; Oeste e Nordeste|Queimados|Metropolitana|2025-06-01|365
36266|56|6|2025|20|3|Nova Iguaçu|330350|Baixada Fluminense|3|0|0|3|0|0.0|3|5|0.0|80|14|1|25|40|30|2|72|38|7|2|1|0|0.0|0|0|1.0|8|129|27|1|1|10|2.0|29|70|0|1|0|108|2|0.0|2.0|0.0|12|15.0|2.0|5.0|0.0|87|10|0|0|0|0|703|2025-06|Junho|Baixada Fluminense|0|Comendador Soares; Cabuçú e Km32|Nova Iguaçu|Metropolitana|2025-06-01|365
36267|57|6|2025|20|3|Nilópolis|330320|Baixada Fluminense|0|0|0|0|1|0.0|1|6|0.0|52|4|0|7|31|53|0|84|22|1|1|1|0|0.0|0|1|0.0|11|121|16|4|4|8|0.0|50|82|0|3|0|114|1|0.0|1.0|0.0|7|11.0|1.0|8.0|0.0|64|3|0|0|0|0|666|2025-06|Junho|Baixada Fluminense|0|Nilópolis e Olinda|Nilópolis|Metropolitana|2025-06-01|365
36268|58|6|2025|20|3|Nova Iguaçu|330350|Baixada Fluminense|18|1|0|19|0|0.0|19|4|0.0|133|16|6|44|86|62|0|148|52|3|4|0|0|0.0|0|0|1.0|11|219|17|0|2|16|6.0|35|76|0|3|0|149|7|2.0|4.0|1.0|19|29.0|7.0|6.0|1.0|123|13|3|0|0|0|1163|2025-06|Junho|Baixada Fluminense|0|Posse; Austin; Miguel Couto; Vila de Cava e Tinguá|Nova Iguaçu|Metropolitana|2025-06-01|365
36269|59|6|2025|15|3|Duque de Caxias|330170|Baixada Fluminense|2|1|0|3|4|0.0|7|10|0.0|118|16|2|59|154|118|5|277|124|41|4|0|0|0.0|0|0|1.0|41|488|64|53|12|42|0.0|191|362|0|5|0|205|9|2.0|7.0|0.0|60|51.0|11.0|11.0|3.0|120|16|2|0|0|0|1925|2025-06|Junho|Baixada Fluminense|0|Duque de Caxias (Centro)|Duque de Caxias|Metropolitana|2025-06-01|365
36270|60|6|2025|15|3|Duque de Caxias|330170|Baixada Fluminense|8|0|0|8|6|0.0|14|10|2.0|67|5|10|28|44|68|4|116|86|27|3|0|0|0.0|0|0|0.0|13|245|10|4|3|13|2.0|38|70|0|2|1|135|6|0.0|6.0|0.0|22|28.0|2.0|20.0|2.0|51|18|1|0|0|0|928|2025-06|Junho|Baixada Fluminense|0|Campos Elyseos|Duque de Caxias|Metropolitana|2025-06-01|365
36271|61|6|2025|15|3|Duque de Caxias|330170|Baixada Fluminense|0|0|0|0|0|0.0|0|0|0.0|17|0|1|3|3|0|0|3|8|1|0|1|0|0.0|0|0|0.0|0|13|4|0|0|4|2.0|11|21|0|0|0|30|0|0.0|0.0|0.0|2|2.0|0.0|2.0|0.0|20|0|1|0|0|0|152|2025-06|Junho|Baixada Fluminense|0|Xerém|Duque de Caxias|Metropolitana|2025-06-01|365
36272|62|6|2025|15|3|Duque de Caxias|330170|Baixada Fluminense|2|0|0|2|0|0.0|2|3|1.0|32|9|3|15|34|28|0|62|62|10|1|1|0|0.0|1|2|0.0|5|144|4|4|0|5|2.0|39|54|0|5|0|66|3|0.0|3.0|0.0|17|27.0|1.0|4.0|0.0|27|0|0|0|0|0|503|2025-06|Junho|Baixada Fluminense|0|Imbariê|Duque de Caxias|Metropolitana|2025-06-01|365
36273|63|6|2025|24|3|Japeri|330227|Baixada Fluminense|0|0|0|0|0|0.0|0|0|0.0|17|1|0|5|5|4|0|9|3|1|0|0|0|0.0|0|0|0.0|4|17|4|3|1|5|2.0|18|33|0|1|0|48|7|3.0|4.0|0.0|4|18.0|0.0|5.0|1.0|37|2|1|0|0|0|261|2025-06|Junho|Baixada Fluminense|0|Japeri; Engenheiro Pedreira; Marajoara; Pedra Lisa e Rio D`Ouro|Japeri|Metropolitana|2025-06-01|365
36274|64|6|2025|21|3|São João de Meriti|330510|Baixada Fluminense|6|0|0|6|4|0.0|10|10|1.0|113|12|1|48|77|134|16|227|82|19|7|2|0|0.0|0|2|0.0|60|399|71|5|4|36|1.0|173|290|0|5|0|329|12|0.0|9.0|3.0|46|45.0|4.0|11.0|0.0|137|14|1|0|0|0|1882|2025-06|Junho|Baixada Fluminense|0|São João de Meriti; Coelho da Rocha e São Mateus|São João de Meriti|Metropolitana|2025-06-01|365
36275|65|6|2025|34|3|Magé|330250|Baixada Fluminense|1|0|0|1|1|0.0|2|1|0.0|22|2|1|15|2|1|0|3|5|0|2|0|0|0.0|0|0|0.0|2|12|3|4|0|12|1.0|32|52|0|3|0|58|12|0.0|10.0|3.0|5|19.0|0.0|3.0|0.0|29|4|0|0|0|0|304|2025-06|Junho|Baixada Fluminense|0|Magé; Santo Aleixo e Suruí|Magé|Metropolitana|2025-06-01|365
36276|66|6|2025|34|3|Magé|330250|Baixada Fluminense|1|0|0|1|0|0.0|1|0|0.0|70|9|1|18|6|12|0|18|6|1|0|0|0|0.0|0|0|0.0|4|29|17|16|3|114|6.0|66|222|0|3|0|97|4|2.0|2.0|0.0|12|27.0|0.0|7.0|0.0|96|8|0|0|0|0|743|2025-06|Junho|Baixada Fluminense|0|Inhomirim e Guia de Copaíba|Magé|Metropolitana|2025-06-01|365
36277|67|6|2025|34|3|Guapimirim|330185|Baixada Fluminense|1|0|0|1|0|0.0|1|0|0.0|27|2|0|21|1|1|0|2|2|0|0|0|0|0.0|0|0|0.0|0|4|1|0|0|4|2.0|15|22|0|0|0|35|10|5.0|4.0|1.0|0|10.0|1.0|8.0|0.0|33|1|0|0|0|0|239|2025-06|Junho|Baixada Fluminense|0|Guapimirim|Guapimirim|Metropolitana|2025-06-01|365
36278|70|6|2025|35|4|Tanguá|330575|Interior|0|0|0|0|0|0.0|0|0|0.0|10|1|1|1|0|1|0|1|0|0|0|0|0|0.0|0|0|0.0|1|2|1|1|0|0|0.0|8|10|0|0|0|10|3|1.0|2.0|0.0|0|3.0|0.0|2.0|0.0|9|0|0|0|0|0|79|2025-06|Junho|Grande Niterói e Região dos Lagos|0|Tanguá|Tanguá|Metropolitana|2025-06-01|365
36279|71|6|2025|35|4|Itaboraí|330190|Interior|2|0|0|2|0|0.0|2|1|1.0|23|5|4|30|14|3|1|18|9|2|3|2|0|0.0|0|0|0.0|2|36|17|11|2|13|0.0|56|99|0|2|0|147|29|17.0|11.0|1.0|12|18.0|8.0|8.0|1.0|40|5|0|0|0|0|645|2025-06|Junho|Grande Niterói e Região dos Lagos|0|Itaboraí; Cabuçú; Itambí; Porto das Caixas e Sambaetiba|Itaboraí|Metropolitana|2025-06-01|365
36280|72|6|2025|7|4|São Gonçalo|330490|Grande Niterói|3|0|0|3|0|0.0|3|3|0.0|56|6|4|25|35|13|2|50|15|0|2|2|0|0.0|0|0|1.0|3|73|32|19|3|41|1.0|130|226|0|3|0|185|5|0.0|4.0|1.0|16|48.0|0.0|6.0|0.0|51|5|0|0|0|0|959|2025-06|Junho|Grande Niterói e Região dos Lagos|0|São Gonçalo|São Gonçalo|Metropolitana|2025-06-01|365
36281|73|6|2025|7|4|São Gonçalo|330490|Grande Niterói|0|0|0|0|0|0.0|0|0|1.0|32|6|2|22|30|4|0|34|23|1|0|0|0|0.0|0|1|0.0|7|66|35|1|1|5|4.0|37|83|0|1|0|81|2|0.0|1.0|1.0|13|18.0|0.0|9.0|1.0|31|0|0|0|0|0|428|2025-06|Junho|Grande Niterói e Região dos Lagos|0|Neves|São Gonçalo|Metropolitana|2025-06-01|365
36282|74|6|2025|7|4|São Gonçalo|330490|Grande Niterói|5|0|0|5|0|0.0|5|3|0.0|33|8|2|18|28|32|0|60|14|0|2|0|0|0.0|0|0|0.0|1|77|38|21|1|16|2.0|73|151|0|0|0|103|8|1.0|7.0|0.0|0|22.0|2.0|4.0|0.0|40|6|0|0|0|0|651|2025-06|Junho|Grande Niterói e Região dos Lagos|0|Monjolo|São Gonçalo|Metropolitana|2025-06-01|365
36283|75|6|2025|7|4|São Gonçalo|330490|Grande Niterói|0|0|0|0|0|0.0|0|0|0.0|32|3|2|15|16|7|0|23|8|0|0|0|0|0.0|0|0|0.0|3|34|21|5|4|7|0.0|39|76|0|1|0|57|2|0.0|1.0|1.0|10|9.0|0.0|5.0|0.0|32|2|0|0|0|0|370|2025-06|Junho|Grande Niterói e Região dos Lagos|0|Ipiiba e Sete Pontes|São Gonçalo|Metropolitana|2025-06-01|365
36284|76|6|2025|12|4|Niterói|330330|Grande Niterói|1|0|0|1|0|0.0|1|0|0.0|40|7|0|13|25|14|2|41|0|0|1|0|0|0.0|0|0|1.0|1|44|10|27|12|84|5.0|124|262|0|3|0|134|6|1.0|3.0|2.0|16|33.0|3.0|22.0|3.0|37|2|0|0|0|0|924|2025-06|Junho|Grande Niterói e Região dos Lagos|0|Centro; Ponta da Areia; Ilha da Conceição; São Lourenço; Fátima; Morro do Estado; Ingá; São Domingos; Gragoatá e Boa Viagem|Niterói|Metropolitana|2025-06-01|365
36285|77|6|2025|12|4|Niterói|330330|Grande Niterói|0|0|0|0|0|0.0|0|2|0.0|41|3|1|32|6|7|0|13|1|0|0|0|0|0.0|0|0|0.0|0|14|5|6|7|45|31.0|112|206|0|5|0|184|3|0.0|3.0|0.0|1|15.0|2.0|8.0|1.0|26|6|0|0|0|0|849|2025-06|Junho|Grande Niterói e Região dos Lagos|0|Santa Rosa; Icaraí; Vital Brasil; Pé Pequeno; Viradouro e Cubango|Niterói|Metropolitana|2025-06-01|365
36286|78|6|2025|12|4|Niterói|330330|Grande Niterói|0|0|0|0|1|0.0|1|0|0.0|33|3|0|17|20|6|0|26|15|0|0|0|0|0.0|0|0|0.0|4|45|17|2|2|17|2.0|53|93|0|1|0|68|6|0.0|5.0|1.0|5|22.0|0.0|3.0|0.0|24|3|0|0|0|0|505|2025-06|Junho|Grande Niterói e Região dos Lagos|0|Fonseca; Viçoso Jardim; Caramujo; Baldeador; Santa Bárbara; Tenente Jardim; Engenhoca; Santana e Barreto|Niterói|Metropolitana|2025-06-01|365
36287|79|6|2025|12|4|Niterói|330330|Grande Niterói|0|0|0|0|0|0.0|0|1|0.0|19|3|0|21|1|4|0|5|1|1|1|0|0|0.0|0|0|0.0|0|8|14|2|3|13|0.0|30|62|0|0|0|53|2|0.0|2.0|0.0|3|6.0|2.0|4.0|0.0|26|2|0|0|0|0|277|2025-06|Junho|Grande Niterói e Região dos Lagos|0|Jurujuba; Charitas; São Francisco; Cachoeiras; Maceió; Largo da Batalha; Ititioca; Badu; Sapê; Matapaca; Vila Progresso; Muriqui; Maria Paula e Cantagalo|Niterói|Metropolitana|2025-06-01|365
36288|81|6|2025|12|4|Niterói|330330|Grande Niterói|0|0|0|0|0|0.0|0|0|0.0|30|5|0|24|2|1|0|3|2|0|0|1|0|0.0|0|0|0.0|3|9|4|0|2|11|2.0|58|77|0|0|1|56|7|1.0|6.0|1.0|1|14.0|2.0|3.0|1.0|31|3|1|0|0|0|380|2025-06|Junho|Grande Niterói e Região dos Lagos|0|Itaipu; Camboinhas; Itacoatiara; Piratininga; Cafubá; Jacaré; Rio do Ouro; Engenho do Mato; Várzea das Moças e Jardim Imbuí|Niterói|Metropolitana|2025-06-01|365
36289|82|6|2025|12|4|Maricá|330270|Grande Niterói|1|0|0|1|0|1.0|2|1|0.0|99|11|6|26|12|8|0|20|3|0|1|0|0|0.0|0|0|0.0|2|26|18|4|3|12|3.0|178|218|0|5|1|194|8|2.0|4.0|2.0|7|27.0|5.0|10.0|1.0|102|8|0|0|0|0|1170|2025-06|Junho|Grande Niterói e Região dos Lagos|0|Maricá e Inoã|Maricá|Metropolitana|2025-06-01|365
36290|88|6|2025|10|5|Barra do Pirai|330030|Interior|0|0|0|0|0|0.0|0|0|0.0|22|2|2|5|1|0|0|1|0|0|0|0|0|0.0|0|0|0.0|1|2|2|0|0|3|1.0|13|19|0|0|0|17|65|26.0|18.0|21.0|2|27.0|4.0|11.0|3.0|27|0|0|0|0|0|331|2025-06|Junho|Sul Fluminense|0|Barra do Piraí; Dorandia; Ipiabas; São José do Turvo e Vargem Alegre|Barra do Piraí|Médio Paraíba|2025-06-01|365
36291|89|6|2025|37|5|Resende|330420|Interior|2|0|1|3|0|0.0|3|5|0.0|38|5|2|14|0|0|0|0|0|0|2|0|0|0.0|0|0|0.0|1|3|2|2|2|7|3.0|36|52|0|2|0|119|27|7.0|20.0|1.0|1|27.0|4.0|6.0|1.0|36|3|1|0|0|0|482|2025-06|Junho|Sul Fluminense|0|Resende; Engenheiro Passos; Agulhas Negras; Pedra Selada e Fumaça|Resende|Médio Paraíba|2025-06-01|365
36292|90|6|2025|28|5|Barra Mansa|330040|Interior|6|0|0|6|0|0.0|6|8|0.0|50|4|1|7|2|0|0|2|2|0|0|0|0|0.0|0|0|0.0|1|5|6|1|0|4|0.0|27|38|0|0|0|91|19|3.0|12.0|5.0|5|23.0|3.0|10.0|3.0|61|1|0|0|0|0|491|2025-06|Junho|Sul Fluminense|0|Antonio Rocha; Floriano; Nossa Senhora do Amparo; Rialto e Regiões Administrativas I; II; III; IV; V; VI; VII; VIII; IX; X; XI; XII; XIII; XIV|Barra Mansa|Médio Paraíba|2025-06-01|365
36293|91|6|2025|10|5|Valença|330610|Interior|4|0|0|4|0|0.0|4|4|0.0|27|1|1|7|0|0|0|0|0|0|0|0|0|0.0|0|0|0.0|0|0|0|0|0|5|0.0|5|10|0|0|0|19|12|6.0|6.0|0.0|0|18.0|1.0|9.0|1.0|27|2|0|0|0|0|189|2025-06|Junho|Sul Fluminense|0|Valença; Barão de Juparana; Conservatória; Parapeúna; Pentagna e Santa Isabel do Rio Preto|Valença|Médio Paraíba|2025-06-01|365
36294|92|6|2025|10|5|Rio das Flores|330450|Interior|0|0|0|0|0|0.0|0|0|0.0|1|0|0|0|0|0|0|0|0|0|0|0|0|0.0|0|0|0.0|0|0|0|0|0|0|0.0|3|3|0|0|0|5|1|0.0|1.0|0.0|0|0.0|0.0|0.0|0.0|1|1|0|0|0|0|26|2025-06|Junho|Sul Fluminense|0|Rio das Flores; Manuel Duarte; Abarracamento e Taboas|Rio das Flores|Médio Paraíba|2025-06-01|365
36295|93|6|2025|28|5|Volta Redonda|330630|Interior|2|0|0|2|1|0.0|3|1|0.0|87|8|4|29|3|1|0|4|0|0|1|1|0|0.0|0|0|0.0|1|7|3|1|0|11|5.0|175|195|0|4|0|319|98|49.0|43.0|9.0|9|76.0|8.0|13.0|2.0|109|9|0|0|0|0|1499|2025-06|Junho|Sul Fluminense|0|Volta Redonda|Volta Redonda|Médio Paraíba|2025-06-01|365
36296|94|6|2025|10|5|Piraí|330400|Interior|1|0|0|1|0|0.0|1|1|0.0|7|1|0|0|0|0|0|0|0|0|0|0|0|0.0|0|0|0.0|0|0|1|0|0|0|0.0|6|7|0|0|0|15|13|5.0|6.0|2.0|1|21.0|2.0|13.0|0.0|10|0|0|0|0|0|125|2025-06|Junho|Sul Fluminense|0|Piraí; Arrozal; Monumento e Santanésia|Piraí|Médio Paraíba|2025-06-01|365
36297|95|6|2025|10|5|Vassouras|330620|Interior|1|0|0|1|0|0.0|1|0|0.0|9|3|2|5|0|0|0|0|0|0|0|0|0|0.0|0|0|0.0|0|0|0|0|0|1|0.0|12|13|0|0|0|19|16|9.0|3.0|4.0|1|3.0|0.0|8.0|0.0|23|1|0|0|0|0|144|2025-06|Junho|Sul Fluminense|0|Vassouras; Andrade Pinto; São Sebastião dos Ferreiros e Sebastião de Lacerda|Vassouras|Centro-Sul Fluminense|2025-06-01|365
36298|96|6|2025|10|5|Miguel Pereira;Paty dos Alferes|999999|Interior|1|0|0|1|0|0.0|1|0|0.0|22|3|2|9|0|0|0|0|0|0|0|0|0|0.0|0|0|0.0|0|0|1|1|0|1|0.0|12|15|0|1|0|37|37|30.0|4.0|4.0|1|11.0|1.0|7.0|0.0|24|0|0|0|0|0|324|2025-06|Junho|Sul Fluminense|0|Miguel Pereira; Governador Portela e Conrado|Miguel Pereira|Centro-Sul Fluminense|2025-06-01|365
36299|97|6|2025|10|5|Mendes|330280|Interior|0|0|0|0|0|0.0|0|0|0.0|27|1|0|2|0|0|0|0|0|0|0|0|0|0.0|0|0|0.0|0|0|1|0|0|0|0.0|3|4|0|0|0|15|13|11.0|2.0|0.0|0|5.0|0.0|5.0|0.0|16|0|0|0|0|0|123|2025-06|Junho|Sul Fluminense|0|Mendes|Mendes|Centro-Sul Fluminense|2025-06-01|365
36300|98|6|2025|10|5|Engenheiro Paulo de Frontin|330180|Interior|0|0|0|0|0|0.0|0|0|0.0|1|0|0|0|0|0|0|0|0|0|0|0|0|0.0|0|0|0.0|0|0|0|0|0|0|0.0|2|2|0|0|0|5|6|6.0|0.0|0.0|0|0.0|0.0|0.0|0.0|5|1|0|0|0|0|52|2025-06|Junho|Sul Fluminense|0|Engenheiro Paulo de Frontin e Sacra Família do Tinguá|Engenheiro Paulo de Frontin|Centro-Sul Fluminense|2025-06-01|365
36301|99|6|2025|37|5|Itatiaia|330225|Interior|0|0|0|0|0|0.0|0|1|0.0|12|2|0|2|0|0|0|0|0|0|0|0|0|0.0|0|0|0.0|0|0|0|0|0|2|0.0|13|15|0|0|0|13|10|4.0|3.0|3.0|2|5.0|2.0|3.0|0.0|10|1|1|0|0|0|153|2025-06|Junho|Sul Fluminense|0|Itatiaia|Itatiaia|Médio Paraíba|2025-06-01|365
36302|100|6|2025|37|5|Porto Real;Quatis|999999|Interior|0|0|0|0|0|0.0|0|0|0.0|11|3|0|6|0|0|0|0|0|0|0|0|0|0.0|0|0|0.0|0|0|1|0|0|0|0.0|6|7|0|0|0|25|12|3.0|10.0|0.0|1|11.0|1.0|7.0|3.0|14|0|0|0|0|0|134|2025-06|Junho|Sul Fluminense|0|Porto Real|Porto Real|Médio Paraíba|2025-06-01|365
36303|101|6|2025|28|5|Pinheiral|330395|Interior|0|0|0|0|0|0.0|0|0|0.0|7|2|0|2|0|0|0|0|0|0|0|0|0|0.0|0|0|0.0|0|0|0|0|0|0|0.0|6|6|0|0|0|10|8|2.0|3.0|3.0|0|7.0|1.0|2.0|1.0|17|0|0|0|0|0|96|2025-06|Junho|Sul Fluminense|0|Pinheiral|Pinheiral|Médio Paraíba|2025-06-01|365
36304|104|6|2025|30|7|São José do Vale do Rio Preto|330515|Interior|0|0|0|0|0|0.0|0|3|0.0|14|2|0|0|0|0|0|0|0|0|0|0|0|0.0|0|0|0.0|0|0|1|0|0|0|0.0|2|3|0|0|0|6|12|9.0|3.0|0.0|0|8.0|0.0|4.0|0.0|10|0|0|0|0|0|77|2025-06|Junho|Região Serrana|0|São José do Vale do Rio Preto|São José do Vale do Rio Preto|Serrana|2025-06-01|365
36305|105|6|2025|26|7|Petrópolis|330390|Interior|2|0|0|2|0|0.0|2|4|0.0|98|7|2|19|4|1|0|5|1|0|0|0|0|0.0|0|2|0.0|0|8|12|4|3|12|0.0|60|91|0|4|0|145|59|15.0|34.0|12.0|7|56.0|13.0|13.0|0.0|78|5|0|0|0|0|848|2025-06|Junho|Região Serrana|0|Petrópolis e Cascatinha|Petrópolis|Metropolitana|2025-06-01|365
36306|106|6|2025|26|7|Petrópolis|330390|Interior|0|0|0|0|0|0.0|0|0|0.0|35|2|2|4|1|0|0|1|2|0|0|0|0|0.0|0|0|0.0|0|3|1|2|0|7|0.0|28|38|0|2|0|84|14|1.0|9.0|5.0|1|16.0|1.0|8.0|0.0|29|0|1|0|0|0|376|2025-06|Junho|Região Serrana|0|Itaipava; Pedro do Rio e Posse|Petrópolis|Metropolitana|2025-06-01|365
36307|107|6|2025|38|7|Paraíba do Sul|330370|Interior|0|0|0|0|0|0.0|0|3|0.0|19|1|0|5|0|0|0|0|2|0|0|0|0|0.0|0|0|0.0|0|2|0|0|0|2|1.0|6|9|0|0|0|35|30|13.0|5.0|13.0|1|6.0|1.0|7.0|2.0|28|1|1|0|0|0|196|2025-06|Junho|Região Serrana|0|Paraíba do Sul; Werneck; Salutaris e Inconfidência|Paraíba do Sul|Centro-Sul Fluminense|2025-06-01|365
36308|108|6|2025|38|7|Comendador Levy Gasparian;Areal;Três Rios|999999|Interior|3|0|0|3|0|0.0|3|13|1.0|39|2|1|5|1|1|0|2|0|1|2|0|0|0.0|0|0|0.0|0|5|0|1|0|5|8.0|27|41|0|1|0|66|61|33.0|13.0|15.0|5|28.0|9.0|14.0|1.0|78|3|0|0|0|0|517|2025-06|Junho|Região Serrana|0|Areal|Areal|Centro-Sul Fluminense|2025-06-01|365
36309|109|6|2025|38|7|Sapucaia|330540|Interior|0|0|0|0|0|0.0|0|0|0.0|5|0|2|5|0|0|0|0|1|0|0|0|0|0.0|0|0|0.0|0|1|0|1|0|1|0.0|8|10|0|0|0|10|10|10.0|0.0|0.0|1|3.0|0.0|4.0|0.0|8|0|0|0|0|0|97|2025-06|Junho|Região Serrana|0|Sapucaia; Anta; Pião; Nossa Senhora Aparecida e Jamapara|Sapucaia|Centro-Sul Fluminense|2025-06-01|365
36310|110|6|2025|30|7|Teresópolis|330580|Interior|1|0|0|1|0|0.0|1|1|0.0|53|3|2|21|1|2|0|3|2|0|2|0|0|0.0|0|0|0.0|1|8|4|5|0|5|0.0|45|59|0|2|0|123|75|33.0|16.0|26.0|6|54.0|8.0|13.0|2.0|76|3|0|0|0|0|745|2025-06|Junho|Região Serrana|0|Teresópolis; Vale do Bonsucesso e Vale do Paquequer|Teresópolis|Serrana|2025-06-01|365
36311|111|6|2025|30|7|Sumidouro|330570|Interior|0|0|0|0|0|0.0|0|0|0.0|2|0|0|1|0|0|0|0|0|0|0|0|0|0.0|0|0|0.0|0|0|0|0|0|0|0.0|3|3|0|0|0|8|1|1.0|0.0|0.0|0|3.0|0.0|3.0|0.0|4|0|0|0|0|0|48|2025-06|Junho|Região Serrana|0|Sumidouro|Sumidouro|Serrana|2025-06-01|365
36312|112|6|2025|30|7|Carmo|330120|Interior|0|0|0|0|0|0.0|0|0|1.0|4|1|0|0|0|0|0|0|0|0|0|0|0|0.0|0|0|0.0|0|0|0|0|0|0|0.0|4|4|0|0|0|3|5|2.0|4.0|0.0|0|7.0|0.0|6.0|0.0|7|1|0|0|0|0|60|2025-06|Junho|Região Serrana|0|Carmo; Córrego da Prata e Porto Velho do Cunha|Carmo|Serrana|2025-06-01|365
36313|118|6|2025|25|4|Araruama|330020|Interior|1|0|0|1|0|0.0|1|4|0.0|48|2|2|35|12|5|1|18|2|2|0|0|0|0.0|0|0|0.0|4|26|11|5|0|5|3.0|68|92|0|2|1|91|20|2.0|13.0|5.0|4|39.0|8.0|14.0|0.0|64|3|0|0|0|0|602|2025-06|Junho|Grande Niterói e Região dos Lagos|0|Araruama; Morro Grande e São Vicente de Paula|Araruama|Baixadas Litorâneas|2025-06-01|365
36314|119|6|2025|35|4|Rio Bonito|330430|Interior|0|0|0|0|0|0.0|0|2|0.0|19|0|0|9|1|1|0|2|1|0|0|1|0|0.0|0|0|0.0|0|4|5|0|0|3|1.0|13|22|0|1|0|37|8|0.0|5.0|3.0|2|14.0|2.0|1.0|0.0|29|1|0|0|0|0|192|2025-06|Junho|Grande Niterói e Região dos Lagos|0|Rio Bonito e Boa Esperança|Rio Bonito|Metropolitana|2025-06-01|365
36315|120|6|2025|35|4|Silva Jardim|330560|Interior|5|0|0|5|0|0.0|5|0|0.0|3|0|3|4|0|0|0|0|0|1|0|0|0|0.0|0|0|0.0|0|1|0|0|0|0|0.0|8|8|0|0|0|7|5|2.0|1.0|2.0|0|8.0|0.0|1.0|0.0|14|0|0|0|0|0|80|2025-06|Junho|Grande Niterói e Região dos Lagos|0|Silva Jardim; Aldeia Velha; Correntezas e Gaviões|Silva Jardim|Baixadas Litorâneas|2025-06-01|365
36316|121|6|2025|32|6|Casimiro de Abreu|330130|Interior|0|1|0|1|0|0.0|1|0|1.0|10|2|2|7|0|0|0|0|0|1|0|0|0|0.0|0|0|0.0|0|1|1|1|0|2|0.0|8|12|0|0|0|10|11|3.0|6.0|3.0|0|20.0|0.0|2.0|0.0|10|1|0|0|0|0|92|2025-06|Junho|Norte Fluminense e Noroeste|0|Casimiro de Abreu; Professor Souza; Barra de São João e Rio Dourado|Casimiro de Abreu|Baixadas Litorâneas|2025-06-01|365
36317|122|6|2025|32|6|Conceição de Macabú|330140|Interior|0|0|0|0|0|0.0|0|1|0.0|3|0|0|2|0|0|0|0|0|0|0|0|0|0.0|0|0|0.0|0|0|0|0|0|0|1.0|1|2|0|0|0|9|1|0.0|1.0|0.0|0|8.0|0.0|2.0|0.0|7|0|0|0|0|0|48|2025-06|Junho|Norte Fluminense e Noroeste|0|Conceição de Macabú e Macabuzinho|Conceição de Macabú|Norte Fluminense|2025-06-01|365
36318|123|6|2025|32|6|Macaé|330240|Interior|3|0|0|3|0|0.0|3|2|2.0|65|7|0|40|6|4|0|10|1|0|0|0|0|0.0|0|0|0.0|0|11|7|3|2|5|2.0|89|108|0|6|0|249|44|10.0|27.0|11.0|5|63.0|4.0|12.0|1.0|86|7|1|0|0|0|1034|2025-06|Junho|Norte Fluminense e Noroeste|0|Centro; Cabiúnas; Barra de Macaé; Aeroporto e Imboassica|Macaé|Norte Fluminense|2025-06-01|365
36319|124|6|2025|25|4|Saquarema|330550|Interior|4|0|0|4|1|0.0|5|6|0.0|57|2|3|22|0|2|1|3|5|0|0|3|0|0.0|0|0|0.0|2|13|13|13|0|55|5.0|60|146|0|3|0|97|10|1.0|8.0|1.0|4|25.0|2.0|3.0|1.0|64|1|0|0|0|0|620|2025-06|Junho|Grande Niterói e Região dos Lagos|0|Saquarema; Bacaxá e Sampaio Correia|Saquarema|Baixadas Litorâneas|2025-06-01|365
36320|125|6|2025|25|4|São Pedro da Aldeia|330520|Interior|2|0|0|2|0|0.0|2|0|1.0|24|7|2|15|5|1|0|6|3|0|0|0|0|0.0|0|0|0.0|2|11|6|2|0|2|0.0|23|33|0|0|0|40|16|2.0|13.0|1.0|3|21.0|5.0|3.0|1.0|23|1|0|0|0|0|256|2025-06|Junho|Grande Niterói e Região dos Lagos|0|São Pedro da Aldeia|São Pedro da Aldeia|Baixadas Litorâneas|2025-06-01|365
36321|126|6|2025|25|4|Cabo Frio|330070|Interior|3|0|0|3|0|0.0|3|7|1.0|69|8|3|17|17|4|1|22|6|0|0|1|0|0.0|0|0|0.0|2|31|17|8|3|9|7.0|146|190|0|3|0|208|65|3.0|62.0|0.0|4|53.0|17.0|14.0|0.0|76|3|0|0|0|0|1046|2025-06|Junho|Grande Niterói e Região dos Lagos|0|Cabo Frio e Tamoios|Cabo Frio|Baixadas Litorâneas|2025-06-01|365
36322|127|6|2025|25|4|Armação dos Búzios|330023|Interior|0|0|0|0|0|0.0|0|0|0.0|28|8|0|8|2|1|0|3|1|0|0|1|0|0.0|0|0|0.0|0|5|3|1|1|1|3.0|23|32|0|2|0|28|27|2.0|7.0|18.0|1|15.0|4.0|1.0|1.0|33|4|0|0|0|0|294|2025-06|Junho|Grande Niterói e Região dos Lagos|0|Armação dos Búzios|Armação dos Búzios|Baixadas Litorâneas|2025-06-01|365
36323|128|6|2025|32|6|Rio das Ostras|330452|Interior|0|0|0|0|0|0.0|0|3|0.0|50|2|5|41|3|4|0|7|0|0|1|0|0|0.0|0|0|0.0|4|12|3|0|0|10|4.0|56|73|0|3|0|190|34|3.0|26.0|5.0|2|45.0|14.0|12.0|1.0|46|7|0|0|0|0|722|2025-06|Junho|Norte Fluminense e Noroeste|0|Rio das Ostras|Rio das Ostras|Baixadas Litorâneas|2025-06-01|365
36324|129|6|2025|25|4|Iguaba Grande|330187|Interior|1|0|0|1|0|0.0|1|2|0.0|11|0|0|2|1|0|0|1|1|0|0|0|0|0.0|0|0|0.0|1|3|1|1|0|8|1.0|12|23|0|2|0|20|5|0.0|4.0|1.0|3|9.0|3.0|3.0|0.0|12|0|0|0|0|0|135|2025-06|Junho|Grande Niterói e Região dos Lagos|0|Iguaba Grande|Iguaba Grande|Baixadas Litorâneas|2025-06-01|365
36325|130|6|2025|32|6|Quissamã;Carapebus|999999|Interior|1|0|0|1|0|0.0|1|0|0.0|14|1|0|4|0|0|0|0|0|0|0|0|0|0.0|0|0|0.0|1|1|0|0|0|0|0.0|3|3|0|1|0|15|11|0.0|8.0|3.0|1|15.0|3.0|3.0|0.0|16|0|0|0|0|0|106|2025-06|Junho|Norte Fluminense e Noroeste|0|Centro; UB-S; Rodagem; Carapebus e Praia de Carapebus|Carapebus|Norte Fluminense|2025-06-01|365
36326|132|6|2025|25|4|Arraial do Cabo|330025|Interior|0|0|0|0|1|0.0|1|2|0.0|18|0|0|3|0|0|0|0|0|0|0|2|0|0.0|0|0|0.0|0|2|3|0|1|1|0.0|10|15|0|1|0|11|8|0.0|6.0|2.0|0|19.0|0.0|5.0|0.0|25|1|0|0|0|0|152|2025-06|Junho|Grande Niterói e Região dos Lagos|0|Arraial do Cabo|Arraial do Cabo|Baixadas Litorâneas|2025-06-01|365
36327|134|6|2025|8|6|Campos dos Goytacazes|330100|Interior|2|1|0|3|0|0.0|3|1|1.0|81|4|4|14|15|15|0|30|2|0|2|1|0|0.0|0|0|0.0|2|37|4|11|3|21|10.0|109|158|0|3|0|246|98|61.0|18.0|19.0|16|85.0|7.0|26.0|4.0|103|8|4|0|0|0|1264|2025-06|Junho|Norte Fluminense e Noroeste|0|Campos dos Goytacazes (Primeiro Subdistrito; Segundo Subdistrito e Quarto Subdistrito); Ibitioca; Dores de Macabu; Morangaba; Mussurepe; Serrinha; Santo Amaro de Campos; São Sebastião de Campos e Tocos|Campos dos Goytacazes|Norte Fluminense|2025-06-01|365
36328|135|6|2025|36|6|Itaocara|330210|Interior|0|0|0|0|0|0.0|0|1|1.0|15|0|2|3|0|0|0|0|0|0|0|0|0|0.0|0|0|0.0|0|0|0|0|0|0|0.0|6|6|0|0|0|19|8|2.0|3.0|3.0|0|8.0|0.0|1.0|0.0|11|2|0|0|0|0|100|2025-06|Junho|Norte Fluminense e Noroeste|0|Itaocara; Portela; Batatal; Laranjais; Jaguarembe e Estrada Nova|Itaocara|Noroeste Fluminense|2025-06-01|365
36329|136|6|2025|36|6|Santo Antônio de Pádua;Aperibé|999999|Interior|0|0|0|0|0|0.0|0|1|0.0|13|0|2|15|0|0|0|0|0|0|1|0|0|0.0|0|0|0.0|0|1|3|1|0|0|0.0|6|10|0|0|0|18|64|28.0|9.0|27.0|2|12.0|0.0|2.0|3.0|23|2|0|0|0|0|190|2025-06|Junho|Norte Fluminense e Noroeste|0|Aperibé|Aperibé|Noroeste Fluminense|2025-06-01|365
36330|137|6|2025|36|6|Miracema|330300|Interior|0|0|0|0|0|0.0|0|0|0.0|13|2|0|1|0|0|0|0|0|0|0|0|0|0.0|0|0|0.0|1|1|1|1|0|0|1.0|4|7|0|0|0|9|30|22.0|7.0|1.0|0|11.0|0.0|1.0|0.0|19|2|0|0|0|0|111|2025-06|Junho|Norte Fluminense e Noroeste|0|Miracema; Venda das Flores e Paraíso do Tobias|Miracema|Noroeste Fluminense|2025-06-01|365
36331|138|6|2025|29|6|Laje do Muriaé|330230|Interior|0|0|0|0|0|0.0|0|0|0.0|1|0|0|0|0|0|0|0|0|0|0|0|0|0.0|0|0|0.0|0|0|0|0|0|1|0.0|1|2|0|0|0|2|3|2.0|0.0|1.0|0|0.0|0.0|0.0|0.0|0|0|0|0|0|0|20|2025-06|Junho|Norte Fluminense e Noroeste|0|Laje do Muriaé|Laje do Muriaé|Noroeste Fluminense|2025-06-01|365
36332|139|6|2025|29|6|Porciúncula|330410|Interior|0|0|0|0|0|0.0|0|0|0.0|2|1|0|3|0|0|0|0|0|0|0|0|0|0.0|0|0|0.0|0|0|0|0|0|1|1.0|6|8|0|0|0|9|8|4.0|3.0|1.0|0|3.0|0.0|6.0|0.0|14|0|0|0|0|0|67|2025-06|Junho|Norte Fluminense e Noroeste|0|Porciúncula; Purilândia e Santa Clara|Porciúncula|Noroeste Fluminense|2025-06-01|365
36333|140|6|2025|29|6|Natividade;Varre-Sai|999999|Interior|1|0|0|1|0|0.0|1|0|0.0|6|0|0|2|0|0|0|0|0|0|0|0|0|0.0|0|0|0.0|0|0|0|0|0|0|0.0|3|3|0|0|0|14|7|3.0|4.0|0.0|0|4.0|0.0|0.0|0.0|8|0|0|0|0|0|61|2025-06|Junho|Norte Fluminense e Noroeste|0|Natividade; Ourania e Bom Jesus do Querendo|Natividade|Noroeste Fluminense|2025-06-01|365
36334|141|6|2025|8|6|São Fidélis|330480|Interior|0|0|0|0|0|0.0|0|0|0.0|10|3|0|4|0|0|0|0|0|0|0|0|0|0.0|0|0|0.0|0|0|0|0|0|0|1.0|17|18|0|0|0|21|16|6.0|6.0|5.0|1|11.0|1.0|4.0|1.0|19|0|0|0|0|0|140|2025-06|Junho|Norte Fluminense e Noroeste|0|São Fidelis; Cambiasca; Colonia; Ipuca e Pureza|São Fidélis|Norte Fluminense|2025-06-01|365
36335|142|6|2025|36|6|Cambuci|330090|Interior|0|0|0|0|0|0.0|0|1|0.0|8|0|0|0|0|0|0|0|0|0|0|0|0|0.0|0|0|0.0|0|0|3|0|0|0|0.0|3|6|0|0|0|2|8|6.0|1.0|1.0|4|2.0|0.0|1.0|0.0|9|0|0|0|0|0|53|2025-06|Junho|Norte Fluminense e Noroeste|0|Cambuci; Três Irmãos; Funil; Monte Verde e São João do Paraíso|Cambuci|Noroeste Fluminense|2025-06-01|365
36336|143|6|2025|29|6|Itaperuna;São José de Ubá|999999|Interior|3|0|0|3|0|0.0|3|1|0.0|28|1|1|3|0|1|0|1|0|0|0|0|0|0.0|0|0|0.0|0|1|0|2|1|3|1.0|23|30|0|3|0|64|51|25.0|14.0|12.0|1|32.0|4.0|14.0|1.0|30|3|0|0|0|0|344|2025-06|Junho|Norte Fluminense e Noroeste|0|Itaperuna; Boaventura; Nossa Senhora da Penha; Itajara; Retiro do Muriaé; Raposo e Comendador Venâncio|Itaperuna|Noroeste Fluminense|2025-06-01|365
36337|144|6|2025|29|6|Bom Jesus de Itabapoana|330060|Interior|1|0|0|1|0|0.0|1|2|0.0|21|2|1|0|0|0|0|0|0|0|0|0|0|0.0|0|0|0.0|0|0|0|0|0|6|0.0|11|17|0|0|0|23|8|5.0|4.0|0.0|0|12.0|0.0|4.0|0.0|21|0|0|0|0|0|144|2025-06|Junho|Norte Fluminense e Noroeste|0|Bom Jesus de Itabapoana; Carabuçú; Calheiros; Pirapetinga de Bom Jesus; Rosal e Serrinha|Bom Jesus de Itabapoana|Noroeste Fluminense|2025-06-01|365
36338|145|6|2025|8|6|São João da Barra|330500|Interior|1|0|0|1|0|1.0|2|0|0.0|19|1|0|8|0|0|0|0|0|0|0|1|0|0.0|0|0|0.0|1|2|1|0|0|4|3.0|30|38|0|0|0|20|16|6.0|8.0|4.0|0|23.0|2.0|2.0|2.0|14|1|0|0|0|0|174|2025-06|Junho|Norte Fluminense e Noroeste|0|Barcelos; Atafona; São João da Barra; Grussaí; Cajueiro e Pipeiras|São João da Barra|Norte Fluminense|2025-06-01|365
36339|146|6|2025|8|6|Campos dos Goytacazes|330100|Interior|4|0|0|4|0|0.0|4|10|4.0|31|6|3|4|7|2|0|9|2|0|1|0|0|0.0|0|0|0.0|3|15|1|0|2|4|3.0|39|49|0|2|0|28|42|13.0|11.0|18.0|7|51.0|4.0|6.0|1.0|31|2|1|0|0|0|378|2025-06|Junho|Norte Fluminense e Noroeste|0|Campos dos Goytacazes (Terceiro Subdistrito); Santa Maria; Morro do Coco; Santo Eduardo; Travessão e Vila Nova de Campos|Campos dos Goytacazes|Norte Fluminense|2025-06-01|365
36340|147|6|2025|8|6|São Francisco de Itabapoana|330475|Interior|3|0|0|3|0|0.0|3|5|0.0|4|2|0|0|0|0|0|0|0|0|0|0|0|0.0|0|0|0.0|1|1|2|0|0|0|0.0|15|17|0|0|0|13|22|6.0|6.0|11.0|0|14.0|0.0|2.0|0.0|13|0|0|0|0|0|105|2025-06|Junho|Norte Fluminense e Noroeste|0|São Francisco de Itabapoana; Maniva e Barra Seca|São Francisco de Itabapoana|Norte Fluminense|2025-06-01|365
36341|148|6|2025|29|6|Cardoso Moreira;Italva|999999|Interior|0|0|0|0|0|0.0|0|0|0.0|5|1|0|0|0|0|0|0|0|0|0|0|0|0.0|0|0|0.0|0|0|0|0|0|0|0.0|4|4|0|1|0|6|10|5.0|4.0|1.0|0|7.0|0.0|4.0|1.0|15|0|0|0|0|0|63|2025-06|Junho|Norte Fluminense e Noroeste|0|Italva|Italva|Noroeste Fluminense|2025-06-01|365
36342|151|6|2025|11|7|Nova Friburgo|330340|Interior|3|0|0|3|1|0.0|4|4|0.0|81|7|2|75|0|0|0|0|0|0|0|0|0|0.0|0|0|0.0|0|0|3|2|0|11|3.0|36|55|0|1|0|176|57|7.0|46.0|4.0|4|79.0|12.0|11.0|4.0|97|3|1|0|0|0|875|2025-06|Junho|Região Serrana|0|Nova Friburgo; São Pedro da Serra; Lumiar; Amparo; Riograndina; Conselheiro Paulino e Campo do Coelho|Nova Friburgo|Serrana|2025-06-01|365
36343|152|6|2025|11|7|Duas Barras|330160|Interior|0|0|0|0|0|0.0|0|0|0.0|3|3|0|1|0|0|0|0|0|0|0|0|0|0.0|0|0|0.0|0|0|0|0|0|0|0.0|3|3|0|0|0|1|0|0.0|0.0|0.0|0|0.0|0.0|0.0|0.0|3|0|0|0|0|0|30|2025-06|Junho|Região Serrana|0|Duas Barras e Monnerat|Duas Barras|Serrana|2025-06-01|365
36344|153|6|2025|11|7|Cantagalo|330110|Interior|0|0|0|0|0|0.0|0|0|0.0|10|0|0|0|0|0|0|0|0|0|0|0|0|0.0|0|0|0.0|0|0|0|0|0|4|0.0|3|7|0|0|0|7|4|1.0|3.0|0.0|1|4.0|0.0|3.0|0.0|10|0|0|0|0|0|68|2025-06|Junho|Região Serrana|0|Cantagalo; Santa Rita da Floresta; Boa Sorte; Euclidelândia e São Sebastião do Paraíba|Cantagalo|Serrana|2025-06-01|365
36345|154|6|2025|11|7|Cordeiro;Macuco|999999|Interior|0|0|0|0|0|0.0|0|1|0.0|9|0|0|3|0|0|0|0|0|0|0|0|0|0.0|0|0|0.0|1|1|0|0|0|2|0.0|8|10|0|0|0|15|1|1.0|0.0|0.0|2|4.0|0.0|4.0|0.0|12|0|0|0|0|0|100|2025-06|Junho|Região Serrana|0|Cordeiro|Cordeiro|Serrana|2025-06-01|365
36346|155|6|2025|36|6|São Sebastião do Alto|330530|Interior|0|0|0|0|0|0.0|0|0|0.0|5|0|0|0|0|0|0|0|0|0|0|0|0|0.0|0|0|0.0|0|0|0|0|0|0|0.0|1|1|0|0|0|1|1|0.0|1.0|0.0|0|1.0|0.0|1.0|0.0|2|0|0|0|0|0|15|2025-06|Junho|Norte Fluminense e Noroeste|0|São Sebastião do Alto; Valão do Barro e Ipituna|São Sebastião do Alto|Serrana|2025-06-01|365
36347|156|6|2025|11|7|Santa Maria Madalena|330460|Interior|0|0|0|0|0|0.0|0|0|1.0|8|0|0|1|0|0|0|0|0|0|0|0|0|0.0|0|0|0.0|0|0|2|0|0|1|0.0|3|6|0|0|0|3|0|0.0|0.0|0.0|0|1.0|0.0|0.0|0.0|4|0|0|0|0|0|35|2025-06|Junho|Região Serrana|0|Santa Maria Madalena; Doutor Loreti; Renascença; Santo Antônio do Imbé; Sossego e Triunfo|Santa Maria Madalena|Serrana|2025-06-01|365
36348|157|6|2025|11|7|Trajano de Morais|330590|Interior|0|0|0|0|0|0.0|0|0|0.0|4|0|0|0|0|0|0|0|0|0|0|0|0|0.0|0|0|0.0|0|0|0|0|0|0|0.0|1|1|0|0|0|3|4|2.0|2.0|0.0|0|1.0|0.0|2.0|0.0|1|0|0|0|0|0|24|2025-06|Junho|Região Serrana|0|Trajano de Moraes; Doutor Elias; Sodrelândia; Vila da Grama e Visconde de Imbé|Trajano de Moraes|Serrana|2025-06-01|365
36349|158|6|2025|11|7|Bom Jardim|330050|Interior|0|0|0|0|0|0.0|0|1|0.0|9|0|4|5|0|0|0|0|0|0|0|0|0|0.0|0|0|0.0|0|0|0|0|0|1|0.0|4|5|0|0|0|10|5|3.0|2.0|0.0|1|5.0|0.0|2.0|0.0|6|0|0|0|0|0|79|2025-06|Junho|Região Serrana|0|Bom Jardim; Banquete; Barra Alegre e São José do Ribeirão|Bom Jardim|Serrana|2025-06-01|365
36350|159|6|2025|35|4|Cachoeiras de Macacu|330080|Interior|2|0|0|2|0|0.0|2|0|0.0|7|1|3|3|0|0|0|0|1|0|0|0|0|0.0|0|0|0.0|2|3|1|0|1|1|0.0|5|8|0|0|0|25|3|1.0|1.0|1.0|3|5.0|0.0|6.0|0.0|16|1|0|0|0|0|114|2025-06|Junho|Grande Niterói e Região dos Lagos|0|Cachoeiras de Macacu; Japuíba e Subaio|Cachoeiras de Macacu|Metropolitana|2025-06-01|365
36351|165|6|2025|33|5|Mangaratiba|330260|Interior|2|0|0|2|0|1.0|3|1|0.0|22|2|1|9|1|0|0|1|0|1|0|0|0|0.0|0|0|0.0|0|2|4|0|0|2|0.0|22|28|0|0|0|30|16|11.0|5.0|0.0|1|13.0|0.0|8.0|0.0|32|0|0|0|0|0|211|2025-06|Junho|Sul Fluminense|0|Mangaratiba; Conceição de Jacareí; Vila Muriquí; Itacuruçá|Mangaratiba|Costa Verde|2025-06-01|365
36352|166|6|2025|33|5|Angra dos Reis|330010|Interior|2|0|0|2|0|0.0|2|1|0.0|75|2|9|21|1|1|0|2|0|0|0|0|0|0.0|0|0|0.0|0|2|10|1|0|4|0.0|32|47|0|0|0|121|31|5.0|22.0|4.0|2|48.0|6.0|15.0|0.0|61|5|0|0|0|0|588|2025-06|Junho|Sul Fluminense|0|Angra dos Reis; Jacuecanga; Cunhambebe; Mambucaba; Abraão e Praia de Araçatiba|Angra dos Reis|Costa Verde|2025-06-01|365
36353|167|6|2025|43|5|Paraty|330380|Interior|3|0|0|3|2|1.0|6|5|0.0|15|1|0|2|0|0|0|0|0|0|0|0|0|0.0|0|0|0.0|1|1|3|2|0|1|2.0|12|20|0|0|0|19|29|4.0|23.0|2.0|4|35.0|1.0|2.0|0.0|24|1|0|0|0|0|205|2025-06|Junho|Sul Fluminense|0|Paraty; Paraty-Mirim e Tarituba|Paraty|Costa Verde|2025-06-01|365
36354|168|6|2025|28|5|Rio Claro|330440|Interior|1|0|0|1|0|0.0|1|0|0.0|3|2|0|0|0|0|0|0|0|0|0|0|0|0.0|0|0|0.0|0|0|0|0|0|2|0.0|6|8|0|0|0|9|0|0.0|0.0|0.0|1|0.0|0.0|1.0|0.0|6|2|0|0|0|0|55|2025-06|Junho|Sul Fluminense|0|Rio Claro; Getulândia; Lídice; Passa Três e São João Marcos|Rio Claro|Médio Paraíba|2025-06-01|365
36355|1|7|2025|5|1|Rio de Janeiro|330455|Capital|0|0|0|0|0|0.0|0|0|0.0|15|2|0|3|39|32|3|74|0|0|0|0|0|0.0|0|0|0.0|2|76|2|58|50|124|2.0|115|351|0|0|0|102|5|4.0|0.0|1.0|0|35.0|2.0|10.0|3.0|10|3|0|0|0|0|779|2025-07|Julho|Capital (Zona Sul, Centro e parte da Norte)|0|Centro (parte)|Rio de Janeiro|Metropolitana|2025-07-01|365
36356|4|7|2025|5|1|Rio de Janeiro|330455|Capital|0|0|0|0|0|0.0|0|0|0.0|24|2|0|23|27|33|4|64|0|0|0|0|0|0.0|0|0|0.0|4|68|12|33|20|139|0.0|63|267|0|1|0|30|11|1.0|10.0|0.0|6|33.0|5.0|14.0|1.0|13|10|0|0|0|0|752|2025-07|Julho|Capital (Zona Sul, Centro e parte da Norte)|0|Centro (parte); Gamboa; Santo Cristo e Saúde|Rio de Janeiro|Metropolitana|2025-07-01|365
36357|5|7|2025|5|1|Rio de Janeiro|330455|Capital|1|0|0|1|0|0.0|1|0|0.0|64|3|0|10|58|62|1|121|1|1|2|0|0|0.0|0|1|0.0|11|137|12|57|16|302|5.0|196|588|0|3|0|173|20|5.0|13.0|3.0|4|53.0|9.0|16.0|3.0|49|6|0|0|0|0|1377|2025-07|Julho|Capital (Zona Sul, Centro e parte da Norte)|0|Centro (parte); Lapa e Paquetá|Rio de Janeiro|Metropolitana|2025-07-01|365
36358|6|7|2025|4|1|Rio de Janeiro|330455|Capital|2|0|0|2|0|0.0|2|0|1.0|18|2|2|38|20|12|5|37|5|0|0|0|0|0.0|0|0|1.0|7|50|9|15|21|83|1.0|71|200|0|3|0|47|4|2.0|2.0|0.0|8|13.0|5.0|7.0|4.0|18|0|0|0|0|0|561|2025-07|Julho|Capital (Zona Sul, Centro e parte da Norte)|0|Catumbi; Cidade Nova; Estácio; Rio Comprido e Centro (parte)|Rio de Janeiro|Metropolitana|2025-07-01|365
36359|7|7|2025|5|1|Rio de Janeiro|330455|Capital|0|0|0|0|0|0.0|0|0|0.0|13|1|0|1|7|13|0|20|0|0|0|0|0|0.0|0|0|0.0|3|23|10|5|1|6|2.0|32|56|0|2|0|53|8|1.0|6.0|1.0|2|11.0|2.0|0.0|0.0|22|1|0|0|0|0|242|2025-07|Julho|Capital (Zona Sul, Centro e parte da Norte)|0|Santa Teresa|Rio de Janeiro|Metropolitana|2025-07-01|365
36360|9|7|2025|2|1|Rio de Janeiro|330455|Capital|0|0|0|0|0|0.0|0|1|0.0|22|1|0|16|44|57|3|104|3|0|3|0|0|0.0|0|1|4.0|5|120|22|70|30|202|16.0|120|460|0|3|0|181|6|2.0|2.0|2.0|3|32.0|13.0|2.0|3.0|36|0|2|0|0|0|1223|2025-07|Julho|Capital (Zona Sul, Centro e parte da Norte)|0|Catete; Cosme Velho; Flamengo; Glória e Laranjeiras|Rio de Janeiro|Metropolitana|2025-07-01|365
36361|10|7|2025|2|1|Rio de Janeiro|330455|Capital|0|0|0|0|0|0.0|0|0|0.0|18|2|0|28|60|72|3|135|4|0|3|0|0|0.0|0|0|1.0|22|165|11|23|30|154|14.0|250|482|0|5|0|174|10|9.0|1.0|0.0|4|30.0|6.0|2.0|1.0|20|4|0|1|0|0|1251|2025-07|Julho|Capital (Zona Sul, Centro e parte da Norte)|0|Botafogo; Humaitá e Urca|Rio de Janeiro|Metropolitana|2025-07-01|365
36362|11|7|2025|23|1|Rio de Janeiro|330455|Capital|1|0|0|1|0|0.0|1|0|0.0|8|1|0|1|0|0|0|0|0|0|0|0|0|0.0|0|0|0.0|0|0|1|0|0|5|0.0|5|11|0|0|0|18|1|0.0|1.0|0.0|2|0.0|0.0|1.0|0.0|1|0|0|0|0|0|81|2025-07|Julho|Capital (Zona Sul, Centro e parte da Norte)|0|Rocinha|Rio de Janeiro|Metropolitana|2025-07-01|365
36363|12|7|2025|19|1|Rio de Janeiro|330455|Capital|0|0|0|0|0|0.0|0|1|0.0|26|5|0|9|16|12|0|28|0|0|5|3|0|0.0|0|0|0.0|11|47|5|30|7|113|12.0|220|387|0|1|0|295|5|5.0|0.0|0.0|1|22.0|5.0|10.0|1.0|32|2|0|0|0|0|1145|2025-07|Julho|Capital (Zona Sul, Centro e parte da Norte)|0|Copacabana (parte) e Leme|Rio de Janeiro|Metropolitana|2025-07-01|365
36364|13|7|2025|19|1|Rio de Janeiro|330455|Capital|0|0|0|0|0|0.0|0|0|0.0|18|0|0|9|10|2|0|12|0|1|1|0|0|0.0|0|1|0.0|6|21|4|10|4|33|13.0|116|180|0|3|0|109|4|3.0|1.0|0.0|0|14.0|0.0|1.0|0.0|19|2|0|0|0|0|566|2025-07|Julho|Capital (Zona Sul, Centro e parte da Norte)|0|Copacabana (parte)|Rio de Janeiro|Metropolitana|2025-07-01|365
36365|14|7|2025|23|1|Rio de Janeiro|330455|Capital|0|0|0|0|0|0.0|0|0|0.0|16|0|1|9|13|22|0|35|1|0|1|0|0|0.0|0|0|0.0|6|43|7|28|6|173|48.0|202|464|0|1|0|247|5|1.0|3.0|1.0|0|20.0|9.0|3.0|0.0|20|4|0|0|0|0|1094|2025-07|Julho|Capital (Zona Sul, Centro e parte da Norte)|0|Ipanema e Leblon|Rio de Janeiro|Metropolitana|2025-07-01|365
36366|15|7|2025|23|1|Rio de Janeiro|330455|Capital|0|0|0|0|0|0.0|0|0|0.0|12|2|3|14|7|10|0|17|1|0|1|0|0|0.0|0|0|0.0|19|38|7|13|16|40|3.0|58|137|0|3|0|139|6|2.0|3.0|1.0|2|11.0|6.0|4.0|0.0|19|1|1|0|0|0|594|2025-07|Julho|Capital (Zona Sul, Centro e parte da Norte)|0|Gávea; Jardim Botânico; Lagoa; São Conrado e Vidigal|Rio de Janeiro|Metropolitana|2025-07-01|365
36367|16|7|2025|31|2|Rio de Janeiro|330455|Capital|2|0|0|2|2|0.0|4|4|1.0|61|1|4|59|42|29|9|80|8|1|10|2|0|0.0|0|1|2.0|57|161|20|18|51|305|9.0|338|741|0|7|0|512|9|3.0|5.0|1.0|6|55.0|28.0|18.0|8.0|75|4|0|0|0|0|2315|2025-07|Julho|Capital (Zona Oeste e parte da Norte)|0|Barra da Tijuca; Itanhangá; Joá|Rio de Janeiro|Metropolitana|2025-07-01|365
36368|17|7|2025|4|1|Rio de Janeiro|330455|Capital|1|0|1|2|0|0.0|2|1|0.0|33|4|6|30|28|37|9|74|19|7|1|0|0|0.0|0|0|0.0|22|123|20|18|12|113|3.0|139|305|0|3|0|109|10|2.0|7.0|1.0|8|33.0|9.0|6.0|5.0|33|7|0|0|1|0|924|2025-07|Julho|Capital (Zona Sul, Centro e parte da Norte)|1|Caju; Mangueira; São Cristóvão e Vasco da Gama|Rio de Janeiro|Metropolitana|2025-07-01|365
36369|18|7|2025|6|1|Rio de Janeiro|330455|Capital|0|0|0|0|0|0.0|0|0|0.0|20|1|1|26|66|102|4|172|12|0|2|0|0|0.0|0|0|1.0|26|213|16|32|21|218|9.0|149|445|0|0|1|92|5|4.0|0.0|1.0|2|26.0|7.0|3.0|1.0|24|0|0|0|0|0|1118|2025-07|Julho|Capital (Zona Sul, Centro e parte da Norte)|0|Maracanã; Praça da Bandeira e Tijuca (parte)|Rio de Janeiro|Metropolitana|2025-07-01|365
36370|19|7|2025|6|1|Rio de Janeiro|330455|Capital|0|0|0|0|0|1.0|1|1|0.0|26|2|0|17|55|37|4|96|9|0|3|0|0|0.0|1|0|0.0|29|138|8|26|19|83|2.0|185|323|0|7|0|190|5|2.0|3.0|0.0|3|29.0|13.0|12.0|4.0|35|2|0|0|0|0|1107|2025-07|Julho|Capital (Zona Sul, Centro e parte da Norte)|0|Alto da Boa Vista e Tijuca (parte)|Rio de Janeiro|Metropolitana|2025-07-01|365
36371|20|7|2025|6|1|Rio de Janeiro|330455|Capital|0|0|0|0|2|0.0|2|5|0.0|30|0|1|18|26|39|4|69|11|0|0|0|0|0.0|0|0|1.0|17|98|7|7|15|49|6.0|142|226|0|5|0|145|5|2.0|3.0|0.0|13|21.0|2.0|5.0|1.0|35|1|0|0|0|0|946|2025-07|Julho|Capital (Zona Sul, Centro e parte da Norte)|0|Andaraí; Grajaú e Vila Isabel|Rio de Janeiro|Metropolitana|2025-07-01|365
36372|21|7|2025|22|1|Rio de Janeiro|330455|Capital|4|0|0|4|1|0.0|5|7|0.0|60|8|1|56|35|61|19|115|28|7|6|0|0|0.0|0|0|0.0|36|192|33|23|19|61|1.0|198|335|0|4|0|210|23|3.0|12.0|8.0|129|74.0|13.0|51.0|5.0|58|13|0|0|0|0|1555|2025-07|Julho|Capital (Zona Sul, Centro e parte da Norte)|0|Benfica; Bonsucesso; Higienópolis; Manguinhos; Maré e Ramos|Rio de Janeiro|Metropolitana|2025-07-01|365
36373|22|7|2025|16|1|Rio de Janeiro|330455|Capital|2|0|0|2|0|0.0|2|0|0.0|29|0|0|28|22|24|0|46|17|10|1|0|0|0.0|0|0|0.0|3|77|27|9|10|20|0.0|104|170|0|0|0|106|8|4.0|3.0|1.0|25|30.0|2.0|10.0|1.0|29|8|0|0|0|0|771|2025-07|Julho|Capital (Zona Sul, Centro e parte da Norte)|0|Brás de Pina (parte); Olaria; Penha e Penha Circular (parte)|Rio de Janeiro|Metropolitana|2025-07-01|365
36374|23|7|2025|3|1|Rio de Janeiro|330455|Capital|0|0|0|0|0|0.0|0|1|0.0|25|1|1|15|20|27|1|48|14|0|0|1|0|0.0|0|0|0.0|15|78|19|4|10|20|0.0|67|120|0|2|0|75|1|0.0|1.0|0.0|6|18.0|2.0|4.0|0.0|27|3|0|0|0|0|546|2025-07|Julho|Capital (Zona Sul, Centro e parte da Norte)|0|Cachambi; Méier (parte) e Todos os Santos (parte)|Rio de Janeiro|Metropolitana|2025-07-01|365
36375|24|7|2025|3|1|Rio de Janeiro|330455|Capital|1|0|1|2|0|0.0|2|0|0.0|46|2|0|26|45|52|4|101|66|0|6|0|0|0.0|1|0|0.0|37|211|17|8|16|40|0.0|75|156|0|0|0|121|4|1.0|2.0|1.0|6|16.0|0.0|5.0|1.0|29|3|0|0|0|0|790|2025-07|Julho|Capital (Zona Sul, Centro e parte da Norte)|0|Abolição; Água Santa (parte); Encantado; Engenho de Dentro (parte); Pilares e Piedade|Rio de Janeiro|Metropolitana|2025-07-01|365
36376|25|7|2025|3|1|Rio de Janeiro|330455|Capital|0|0|0|0|0|0.0|0|1|0.0|30|2|0|24|18|31|9|58|12|1|4|0|0|0.0|0|0|0.0|18|93|5|11|33|67|4.0|72|192|0|0|0|104|7|1.0|4.0|2.0|26|16.0|0.0|15.0|5.0|28|5|0|0|0|0|791|2025-07|Julho|Capital (Zona Sul, Centro e parte da Norte)|0|Engenho Novo; Jacaré; Jacarezinho; Riachuelo; Rocha; Sampaio e São Francisco Xavier|Rio de Janeiro|Metropolitana|2025-07-01|365
36377|26|7|2025|3|1|Rio de Janeiro|330455|Capital|0|0|0|0|0|0.0|0|2|0.0|38|1|1|11|34|51|3|88|22|0|0|0|0|0.0|0|0|0.0|21|131|9|7|21|49|2.0|92|180|0|3|0|135|4|1.0|2.0|1.0|21|19.0|3.0|3.0|4.0|30|1|0|0|0|0|780|2025-07|Julho|Capital (Zona Sul, Centro e parte da Norte)|0|Água Santa (parte); Engenho de Dentro (parte); Lins de Vasconcelos e Todos os Santos|Rio de Janeiro|Metropolitana|2025-07-01|365
36378|27|7|2025|41|2|Rio de Janeiro|330455|Capital|6|0|0|6|1|0.0|7|3|1.0|44|1|1|22|72|57|6|135|66|8|4|0|0|0.0|0|1|0.0|38|252|48|8|9|22|5.0|103|195|0|2|0|210|8|3.0|5.0|0.0|37|37.0|5.0|8.0|1.0|37|6|2|0|0|0|1121|2025-07|Julho|Capital (Zona Oeste e parte da Norte)|0|Colégio (parte); Irajá; Vicente de Carvalho; Vila Kosmos; Vila da Penha e Vista Alegre|Rio de Janeiro|Metropolitana|2025-07-01|365
36379|28|7|2025|18|2|Rio de Janeiro|330455|Capital|1|0|0|1|2|0.0|3|0|0.0|28|7|0|20|20|29|2|51|27|0|1|1|0|0.0|0|0|0.0|5|85|5|6|6|22|1.0|71|111|0|3|0|107|1|0.0|1.0|0.0|13|24.0|1.0|5.0|0.0|44|3|0|1|0|0|709|2025-07|Julho|Capital (Zona Oeste e parte da Norte)|0|Vila Valqueire; Praça Seca e Tanque (parte)|Rio de Janeiro|Metropolitana|2025-07-01|365
36380|29|7|2025|9|2|Rio de Janeiro|330455|Capital|4|0|0|4|3|0.0|7|3|0.0|45|4|3|34|82|70|33|185|79|6|5|1|0|0.0|0|0|1.0|33|310|25|53|33|78|5.0|167|361|0|3|0|182|13|1.0|7.0|5.0|79|42.0|1.0|8.0|2.0|56|6|0|0|0|0|1510|2025-07|Julho|Capital (Zona Oeste e parte da Norte)|0|Cavalcanti; Engenheiro Leal; Madureira; Turiaçu; Vaz Lobo; Oswaldo Cruz (parte); Cascadura e Quintino Bocaiúva|Rio de Janeiro|Metropolitana|2025-07-01|365
36381|30|7|2025|9|2|Rio de Janeiro|330455|Capital|1|0|1|2|0|0.0|2|1|0.0|43|2|1|27|58|41|22|121|44|0|2|1|0|0.0|0|0|0.0|19|187|20|4|17|24|0.0|61|126|0|2|0|141|2|0.0|1.0|1.0|12|10.0|0.0|5.0|1.0|42|2|0|0|0|0|795|2025-07|Julho|Capital (Zona Oeste e parte da Norte)|0|Bento Ribeiro; Campinho; Marechal Hermes e Oswaldo Cruz (parte)|Rio de Janeiro|Metropolitana|2025-07-01|365
36382|31|7|2025|41|2|Rio de Janeiro|330455|Capital|1|0|0|1|1|0.0|2|3|0.0|34|3|0|18|33|45|12|90|58|15|0|0|0|0.0|0|0|0.0|6|169|28|2|2|16|0.0|40|88|0|0|1|81|10|0.0|7.0|3.0|30|15.0|1.0|3.0|1.0|35|4|0|0|0|0|605|2025-07|Julho|Capital (Zona Oeste e parte da Norte)|0|Anchieta; Guadalupe; Parque Anchieta e Ricardo de Albuquerque|Rio de Janeiro|Metropolitana|2025-07-01|365
36383|32|7|2025|18|2|Rio de Janeiro|330455|Capital|9|0|0|9|2|0.0|11|14|0.0|104|16|2|64|83|78|14|175|47|1|2|2|0|0.0|0|0|0.0|28|255|19|45|49|157|9.0|203|482|0|16|1|484|5|1.0|4.0|0.0|23|59.0|7.0|18.0|2.0|129|15|1|0|0|0|2317|2025-07|Julho|Capital (Zona Oeste e parte da Norte)|0|Anil; Cidade de Deus; Curicica; Gardênia Azul; Jacarepaguá e Taquara|Rio de Janeiro|Metropolitana|2025-07-01|365
36384|33|7|2025|14|2|Rio de Janeiro|330455|Capital|2|0|0|2|0|0.0|2|1|0.0|65|5|5|55|27|49|9|85|28|3|3|1|0|0.0|0|1|0.0|9|130|24|2|9|35|2.0|86|158|0|2|0|107|2|0.0|2.0|0.0|22|37.0|2.0|12.0|0.0|48|4|1|0|0|0|856|2025-07|Julho|Capital (Zona Oeste e parte da Norte)|0|Campo dos Afonsos; Deodoro; Jardim Sulacap; Magalhães Bastos; Realengo e Vila Militar|Rio de Janeiro|Metropolitana|2025-07-01|365
36385|34|7|2025|14|2|Rio de Janeiro|330455|Capital|7|0|0|7|3|0.0|10|5|1.0|128|12|4|33|45|34|1|80|56|8|2|1|0|0.0|0|1|0.0|11|159|31|9|2|36|1.0|190|269|0|6|1|135|30|0.0|21.0|9.0|44|110.0|5.0|13.0|0.0|93|11|1|0|0|0|1302|2025-07|Julho|Capital (Zona Oeste e parte da Norte)|0|Bangu; Gericinó; Padre Miguel e Senador Camará|Rio de Janeiro|Metropolitana|2025-07-01|365
36386|35|7|2025|40|2|Rio de Janeiro|330455|Capital|1|0|0|1|0|0.0|1|4|1.0|203|11|9|75|50|80|3|133|53|5|3|1|0|0.0|0|1|0.0|20|216|62|14|13|69|6.0|277|441|0|11|1|445|9|6.0|3.0|0.0|41|66.0|1.0|21.0|0.0|169|20|0|0|0|0|2459|2025-07|Julho|Capital (Zona Oeste e parte da Norte)|0|Campo Grande; Cosmos; Inhoaíba; Santíssimo e Senador Vasconcelos|Rio de Janeiro|Metropolitana|2025-07-01|365
36387|36|7|2025|27|2|Rio de Janeiro|330455|Capital|3|0|0|3|0|0.0|3|1|2.0|109|20|7|29|28|17|1|46|11|2|0|0|0|0.0|0|0|0.0|4|63|12|14|6|28|1.0|86|147|0|12|0|255|1|0.0|1.0|0.0|21|30.0|2.0|6.0|1.0|134|13|1|0|0|0|1154|2025-07|Julho|Capital (Zona Oeste e parte da Norte)|0|Paciência e Santa Cruz|Rio de Janeiro|Metropolitana|2025-07-01|365
36388|37|7|2025|17|1|Rio de Janeiro|330455|Capital|3|0|0|3|0|0.0|3|1|0.0|80|8|1|22|3|2|1|6|7|2|1|0|0|0.0|0|0|0.0|5|21|16|5|5|22|1.0|56|105|0|4|0|122|7|4.0|2.0|1.0|15|27.0|2.0|10.0|0.0|46|8|0|2|0|0|756|2025-07|Julho|Capital (Zona Sul, Centro e parte da Norte)|0|Bancários; Cacuia; Cidade Universitária; Cocotá; Freguesia; Galeão; Jardim Carioca; Jardim Guanabara; Moneró; Pitangueiras; Portuguesa; Praia da Bandeira; Ribeira; Tauá e Zumbi|Rio de Janeiro|Metropolitana|2025-07-01|365
36389|38|7|2025|16|1|Rio de Janeiro|330455|Capital|1|0|0|1|0|0.0|1|2|0.0|36|4|3|26|25|32|1|58|28|9|0|0|0|0.0|0|0|1.0|20|116|20|4|12|22|1.0|55|114|0|4|2|170|12|0.0|9.0|3.0|40|33.0|5.0|8.0|1.0|37|6|0|0|0|0|856|2025-07|Julho|Capital (Zona Sul, Centro e parte da Norte)|0|Brás de Pina (parte); Cordovil; Jardim América; Parada de Lucas;Penha Circular (parte) e Vigário Geral|Rio de Janeiro|Metropolitana|2025-07-01|365
36390|39|7|2025|41|2|Rio de Janeiro|330455|Capital|5|1|0|6|0|0.0|6|2|1.0|40|4|2|46|57|31|17|105|142|16|0|0|0|0.0|0|0|0.0|42|305|14|15|13|33|1.0|67|143|0|0|0|165|17|1.0|14.0|2.0|108|51.0|2.0|8.0|2.0|39|7|1|0|0|0|1075|2025-07|Julho|Capital (Zona Oeste e parte da Norte)|0|Acari; Barros Filho; Costa Barros; Parque Colúmbia e Pavuna|Rio de Janeiro|Metropolitana|2025-07-01|365
36391|40|7|2025|9|2|Rio de Janeiro|330455|Capital|3|0|1|4|0|0.0|4|2|0.0|28|5|2|16|31|33|0|64|58|6|2|1|0|0.0|0|0|0.0|20|151|14|7|2|30|1.0|56|110|0|0|0|84|4|0.0|3.0|1.0|18|36.0|1.0|3.0|0.0|25|2|0|0|0|0|598|2025-07|Julho|Capital (Zona Oeste e parte da Norte)|0|Coelho Neto; Colégio (parte); Honório Gurgel e Rocha Miranda|Rio de Janeiro|Metropolitana|2025-07-01|365
36392|41|7|2025|18|2|Rio de Janeiro|330455|Capital|1|0|0|1|2|0.0|3|2|0.0|42|0|1|28|17|25|2|44|11|0|3|0|0|0.0|0|0|0.0|7|65|6|9|15|29|0.0|69|128|0|7|0|177|1|0.0|0.0|1.0|14|24.0|0.0|2.0|0.0|38|8|0|0|0|0|787|2025-07|Julho|Capital (Zona Oeste e parte da Norte)|0|Freguesia (Jacarepaguá); Pechincha e Tanque (parte)|Rio de Janeiro|Metropolitana|2025-07-01|365
36393|42|7|2025|31|2|Rio de Janeiro|330455|Capital|0|1|0|1|0|0.0|1|6|0.0|69|2|0|44|36|24|7|67|15|1|3|0|0|0.0|0|0|0.0|14|100|26|9|18|104|9.0|155|321|0|8|0|294|13|4.0|8.0|1.0|12|48.0|2.0|7.0|1.0|75|2|0|0|0|0|1384|2025-07|Julho|Capital (Zona Oeste e parte da Norte)|0|Recreio dos Bandeirantes; Barra de Guaratiba; Camorim; Grumari; Vargem Grande e Vargem Pequena|Rio de Janeiro|Metropolitana|2025-07-01|365
36394|43|7|2025|27|2|Rio de Janeiro|330455|Capital|0|0|0|0|0|0.0|0|0|0.0|60|7|1|41|9|26|1|36|8|1|2|0|0|0.0|0|0|0.0|1|48|15|0|2|17|1.0|26|61|0|5|0|134|1|0.0|1.0|0.0|2|18.0|0.0|7.0|0.0|86|9|1|0|0|0|673|2025-07|Julho|Capital (Zona Oeste e parte da Norte)|0|Guaratiba; Pedra de Guaratiba e Sepetiba|Rio de Janeiro|Metropolitana|2025-07-01|365
36395|44|7|2025|3|1|Rio de Janeiro|330455|Capital|1|0|0|1|0|0.0|1|1|0.0|31|3|1|31|45|41|5|91|31|2|1|0|0|0.0|0|0|0.0|24|149|20|11|13|27|0.0|84|155|0|5|0|130|8|1.0|4.0|3.0|17|29.0|3.0|5.0|4.0|27|2|0|0|0|0|823|2025-07|Julho|Capital (Zona Sul, Centro e parte da Norte)|0|Del Castilho; Engenho da Rainha; Inhaúma; Maria da Graça e Tomás Coelho|Rio de Janeiro|Metropolitana|2025-07-01|365
36396|48|7|2025|24|3|Seropédica|330555|Baixada Fluminense|1|0|0|1|0|0.0|1|0|0.0|28|1|3|8|1|0|0|1|0|2|0|0|0|0.0|0|0|0.0|1|4|7|1|1|5|3.0|20|37|0|2|0|49|3|1.0|2.0|0.0|7|16.0|0.0|4.0|0.0|38|4|1|0|0|0|332|2025-07|Julho|Baixada Fluminense|0|Seropédica|Seropédica|Metropolitana|2025-07-01|365
36397|50|7|2025|24|3|Itaguaí|330200|Baixada Fluminense|1|0|0|1|2|0.0|3|3|0.0|47|3|1|9|5|7|0|12|6|1|3|0|0|0.0|0|0|0.0|2|24|16|0|0|8|1.0|37|62|0|0|0|79|9|4.0|5.0|0.0|13|30.0|2.0|11.0|0.0|42|3|0|0|0|0|414|2025-07|Julho|Baixada Fluminense|0|Itaguaí e Ibituporanga|Itaguaí|Metropolitana|2025-07-01|365
36398|51|7|2025|24|3|Paracambi|330360|Baixada Fluminense|4|0|0|4|0|0.0|4|3|0.0|13|1|4|1|1|2|0|3|1|0|0|0|0|0.0|0|0|0.0|0|4|1|0|0|1|1.0|16|19|0|1|0|34|14|8.0|2.0|4.0|1|12.0|1.0|5.0|0.0|17|2|0|0|0|0|164|2025-07|Julho|Baixada Fluminense|0|Paracambi|Paracambi|Metropolitana|2025-07-01|365
36399|52|7|2025|20|3|Nova Iguaçu|330350|Baixada Fluminense|2|0|0|2|0|0.0|2|3|1.0|54|3|1|36|52|67|8|127|44|0|2|2|0|0.0|0|0|1.0|14|190|55|20|1|37|4.0|138|255|0|5|0|156|7|7.0|0.0|0.0|23|40.0|9.0|19.0|1.0|65|9|1|0|0|0|1226|2025-07|Julho|Baixada Fluminense|0|Centro|Nova Iguaçu|Metropolitana|2025-07-01|365
36400|53|7|2025|20|3|Mesquita|330285|Baixada Fluminense|1|0|1|2|1|0.0|3|7|0.0|67|1|1|12|52|26|2|80|19|0|2|0|0|0.0|0|0|0.0|14|115|17|1|2|9|2.0|43|74|0|1|0|118|15|3.0|8.0|4.0|11|23.0|4.0|5.0|2.0|45|7|0|0|0|0|602|2025-07|Julho|Baixada Fluminense|0|Mesquita; Chatuba e Banco de Areia|Mesquita|Metropolitana|2025-07-01|365
36401|54|7|2025|39|3|Belford Roxo|330045|Baixada Fluminense|5|0|0|5|2|0.0|7|6|0.0|129|12|6|41|77|98|11|186|68|5|9|0|0|0.0|1|0|0.0|16|285|52|12|3|11|4.0|65|147|0|7|0|178|19|2.0|15.0|2.0|61|66.0|3.0|33.0|1.0|102|20|1|0|0|0|1376|2025-07|Julho|Baixada Fluminense|0|Areia Branca; Jardim Redentor; Parque São José; Nova Aurora e Lote XV|Belford Roxo|Metropolitana|2025-07-01|365
36402|55|7|2025|24|3|Queimados|330414|Baixada Fluminense|1|0|0|1|0|0.0|1|5|0.0|63|5|5|19|9|11|0|20|7|1|0|2|0|0.0|0|0|0.0|4|34|12|6|0|13|2.0|45|78|0|0|0|104|2|1.0|1.0|0.0|10|27.0|3.0|10.0|0.0|51|15|1|0|0|0|558|2025-07|Julho|Baixada Fluminense|0|Centro; Norte; Sul. Leste; Oeste e Nordeste|Queimados|Metropolitana|2025-07-01|365
36403|56|7|2025|20|3|Nova Iguaçu|330350|Baixada Fluminense|4|0|0|4|0|0.0|4|2|0.0|80|14|0|23|45|45|3|93|33|1|0|2|0|0.0|0|1|0.0|14|144|19|1|1|10|2.0|83|116|0|0|0|145|2|0.0|2.0|0.0|12|41.0|4.0|7.0|0.0|104|10|0|0|0|0|851|2025-07|Julho|Baixada Fluminense|0|Comendador Soares; Cabuçú e Km32|Nova Iguaçu|Metropolitana|2025-07-01|365
36404|57|7|2025|20|3|Nilópolis|330320|Baixada Fluminense|2|0|0|2|1|0.0|3|1|0.0|47|2|2|12|30|42|0|72|21|0|1|0|0|0.0|0|2|0.0|9|105|26|5|1|10|0.0|104|146|0|1|0|147|4|2.0|1.0|1.0|8|20.0|1.0|11.0|1.0|54|3|0|0|0|0|785|2025-07|Julho|Baixada Fluminense|0|Nilópolis e Olinda|Nilópolis|Metropolitana|2025-07-01|365
36405|58|7|2025|20|3|Nova Iguaçu|330350|Baixada Fluminense|10|0|0|10|1|0.0|11|6|0.0|111|14|5|40|57|68|12|137|63|5|3|1|0|0.0|0|0|1.0|15|225|30|4|1|14|3.0|53|105|0|5|0|235|6|4.0|1.0|1.0|9|31.0|2.0|14.0|1.0|144|14|1|0|0|0|1298|2025-07|Julho|Baixada Fluminense|0|Posse; Austin; Miguel Couto; Vila de Cava e Tinguá|Nova Iguaçu|Metropolitana|2025-07-01|365
36406|59|7|2025|15|3|Duque de Caxias|330170|Baixada Fluminense|6|0|0|6|1|1.0|8|6|0.0|119|6|6|41|127|134|6|267|91|26|6|1|0|0.0|0|4|0.0|31|426|44|46|11|46|0.0|233|380|0|3|0|239|10|3.0|7.0|0.0|91|70.0|4.0|14.0|0.0|114|19|0|0|1|0|2004|2025-07|Julho|Baixada Fluminense|1|Duque de Caxias (Centro)|Duque de Caxias|Metropolitana|2025-07-01|365
36407|60|7|2025|15|3|Duque de Caxias|330170|Baixada Fluminense|9|0|0|9|0|0.0|9|16|0.0|49|6|6|27|37|55|0|92|93|26|1|0|0|0.0|0|0|0.0|15|227|26|1|2|14|2.0|52|97|0|7|0|180|5|0.0|5.0|0.0|19|33.0|4.0|12.0|0.0|61|12|0|0|0|0|971|2025-07|Julho|Baixada Fluminense|0|Campos Elyseos|Duque de Caxias|Metropolitana|2025-07-01|365
36408|61|7|2025|15|3|Duque de Caxias|330170|Baixada Fluminense|1|0|0|1|0|0.0|1|1|0.0|29|5|3|4|0|2|0|2|5|3|0|0|0|0.0|0|0|0.0|2|12|4|1|0|2|0.0|16|23|0|0|0|37|0|0.0|0.0|0.0|4|7.0|0.0|0.0|0.0|31|1|0|0|0|0|191|2025-07|Julho|Baixada Fluminense|0|Xerém|Duque de Caxias|Metropolitana|2025-07-01|365
36409|62|7|2025|15|3|Duque de Caxias|330170|Baixada Fluminense|2|0|0|2|0|0.0|2|4|0.0|33|5|1|18|23|14|1|38|59|7|0|1|0|0.0|0|0|1.0|12|118|8|2|1|8|2.0|40|61|0|2|0|97|7|0.0|7.0|0.0|19|23.0|0.0|3.0|0.0|35|5|0|0|0|0|523|2025-07|Julho|Baixada Fluminense|0|Imbariê|Duque de Caxias|Metropolitana|2025-07-01|365
36410|63|7|2025|24|3|Japeri|330227|Baixada Fluminense|1|0|0|1|4|0.0|5|4|0.0|25|2|1|9|10|4|0|14|2|0|0|0|0|0.0|0|0|0.0|1|17|7|1|1|6|2.0|22|39|0|3|0|50|17|6.0|8.0|3.0|12|21.0|2.0|5.0|0.0|29|6|0|0|0|0|322|2025-07|Julho|Baixada Fluminense|0|Japeri; Engenheiro Pedreira; Marajoara; Pedra Lisa e Rio D`Ouro|Japeri|Metropolitana|2025-07-01|365
36411|64|7|2025|21|3|São João de Meriti|330510|Baixada Fluminense|10|0|0|10|3|1.0|14|14|1.0|135|7|3|66|98|101|25|224|106|17|5|2|0|0.0|0|1|1.0|50|406|78|14|3|55|1.0|183|334|0|3|0|308|13|0.0|12.0|1.0|57|56.0|14.0|12.0|1.0|115|13|1|0|0|0|2057|2025-07|Julho|Baixada Fluminense|0|São João de Meriti; Coelho da Rocha e São Mateus|São João de Meriti|Metropolitana|2025-07-01|365
36412|65|7|2025|34|3|Magé|330250|Baixada Fluminense|0|0|0|0|1|0.0|1|4|0.0|21|2|1|13|5|0|0|5|3|0|1|0|0|0.0|0|0|0.0|4|13|7|4|1|13|4.0|18|47|0|2|0|61|22|1.0|19.0|2.0|9|30.0|7.0|7.0|0.0|34|6|0|0|0|0|326|2025-07|Julho|Baixada Fluminense|0|Magé; Santo Aleixo e Suruí|Magé|Metropolitana|2025-07-01|365
36413|66|7|2025|34|3|Magé|330250|Baixada Fluminense|3|0|0|3|0|1.0|4|3|0.0|36|6|1|27|8|8|0|16|9|2|0|1|0|0.0|0|0|0.0|1|29|11|1|0|13|4.0|49|78|0|3|1|122|4|1.0|2.0|1.0|13|19.0|3.0|8.0|0.0|98|6|0|0|0|0|619|2025-07|Julho|Baixada Fluminense|0|Inhomirim e Guia de Copaíba|Magé|Metropolitana|2025-07-01|365
36414|67|7|2025|34|3|Guapimirim|330185|Baixada Fluminense|0|0|0|0|0|0.0|0|2|0.0|16|1|0|19|2|0|0|2|3|0|0|1|0|0.0|0|0|0.0|1|7|3|0|0|2|2.0|15|22|0|2|0|43|5|3.0|2.0|0.0|5|6.0|0.0|8.0|0.0|27|1|0|0|0|0|252|2025-07|Julho|Baixada Fluminense|0|Guapimirim|Guapimirim|Metropolitana|2025-07-01|365
36415|70|7|2025|35|4|Tanguá|330575|Interior|0|0|0|0|0|0.0|0|0|0.0|16|3|0|0|0|1|0|1|2|1|0|0|0|0.0|0|0|0.0|0|4|0|1|0|3|1.0|14|19|0|0|0|11|1|0.0|1.0|0.0|2|3.0|1.0|1.0|0.0|15|0|0|0|0|0|109|2025-07|Julho|Grande Niterói e Região dos Lagos|0|Tanguá|Tanguá|Metropolitana|2025-07-01|365
36416|71|7|2025|35|4|Itaboraí|330190|Interior|2|0|0|2|2|0.0|4|1|0.0|52|4|7|30|5|8|0|13|9|3|1|2|0|0.0|0|0|0.0|3|31|25|5|4|12|0.0|56|102|0|5|0|150|35|14.0|17.0|4.0|16|43.0|1.0|10.0|0.0|37|4|1|0|0|0|709|2025-07|Julho|Grande Niterói e Região dos Lagos|0|Itaboraí; Cabuçú; Itambí; Porto das Caixas e Sambaetiba|Itaboraí|Metropolitana|2025-07-01|365
36417|72|7|2025|7|4|São Gonçalo|330490|Grande Niterói|2|0|0|2|1|0.0|3|0|0.0|43|4|0|31|27|14|2|43|26|0|2|0|0|0.0|0|1|1.0|3|76|56|25|5|38|2.0|130|256|0|6|0|172|4|0.0|3.0|1.0|35|17.0|0.0|11.0|1.0|62|8|0|0|0|0|1042|2025-07|Julho|Grande Niterói e Região dos Lagos|0|São Gonçalo|São Gonçalo|Metropolitana|2025-07-01|365
36418|73|7|2025|7|4|São Gonçalo|330490|Grande Niterói|0|0|0|0|0|0.0|0|0|1.0|44|5|2|21|28|10|0|38|31|1|2|0|0|0.0|0|0|0.0|1|73|56|4|0|7|2.0|51|120|0|0|0|73|2|0.0|1.0|1.0|10|15.0|1.0|10.0|1.0|45|6|1|0|0|0|515|2025-07|Julho|Grande Niterói e Região dos Lagos|0|Neves|São Gonçalo|Metropolitana|2025-07-01|365
36419|74|7|2025|7|4|São Gonçalo|330490|Grande Niterói|0|0|0|0|1|0.0|1|1|0.0|30|3|5|22|31|21|1|53|25|0|4|1|0|0.0|0|0|0.0|7|90|45|13|5|27|1.0|107|198|0|7|0|119|10|0.0|9.0|1.0|4|18.0|1.0|4.0|1.0|36|2|0|0|0|0|716|2025-07|Julho|Grande Niterói e Região dos Lagos|0|Monjolo|São Gonçalo|Metropolitana|2025-07-01|365
36420|75|7|2025|7|4|São Gonçalo|330490|Grande Niterói|1|0|1|2|3|0.0|5|2|0.0|36|8|4|14|9|4|0|13|17|3|1|0|0|0.0|0|0|0.0|2|36|19|1|2|12|0.0|42|76|0|2|0|68|9|0.0|5.0|4.0|8|15.0|0.0|2.0|1.0|24|2|1|0|0|0|417|2025-07|Julho|Grande Niterói e Região dos Lagos|0|Ipiiba e Sete Pontes|São Gonçalo|Metropolitana|2025-07-01|365
36421|76|7|2025|12|4|Niterói|330330|Grande Niterói|0|0|0|0|0|0.0|0|0|0.0|28|4|2|25|23|6|4|33|2|0|2|1|0|0.0|0|0|0.0|3|41|5|13|8|55|12.0|128|221|0|1|0|158|6|0.0|5.0|1.0|13|40.0|4.0|29.0|3.0|33|3|0|0|0|0|937|2025-07|Julho|Grande Niterói e Região dos Lagos|0|Centro; Ponta da Areia; Ilha da Conceição; São Lourenço; Fátima; Morro do Estado; Ingá; São Domingos; Gragoatá e Boa Viagem|Niterói|Metropolitana|2025-07-01|365
36422|77|7|2025|12|4|Niterói|330330|Grande Niterói|0|0|0|0|1|0.0|1|0|0.0|29|5|1|18|6|10|1|17|0|0|0|0|0|0.0|0|0|2.0|1|20|5|7|8|57|22.0|156|255|0|3|0|222|6|2.0|4.0|0.0|0|10.0|0.0|6.0|0.0|23|1|0|0|0|0|953|2025-07|Julho|Grande Niterói e Região dos Lagos|0|Santa Rosa; Icaraí; Vital Brasil; Pé Pequeno; Viradouro e Cubango|Niterói|Metropolitana|2025-07-01|365
36423|78|7|2025|12|4|Niterói|330330|Grande Niterói|1|1|0|2|0|0.0|2|3|0.0|28|0|1|24|10|7|0|17|11|1|0|1|0|0.0|0|0|0.0|2|32|22|0|5|18|1.0|62|108|0|2|0|112|11|1.0|6.0|4.0|5|25.0|0.0|2.0|0.0|24|4|0|0|0|0|562|2025-07|Julho|Grande Niterói e Região dos Lagos|0|Fonseca; Viçoso Jardim; Caramujo; Baldeador; Santa Bárbara; Tenente Jardim; Engenhoca; Santana e Barreto|Niterói|Metropolitana|2025-07-01|365
36424|79|7|2025|12|4|Niterói|330330|Grande Niterói|1|0|0|1|0|0.0|1|0|0.0|24|4|0|11|5|0|0|5|3|0|0|1|0|0.0|0|0|0.0|2|11|3|0|4|8|2.0|28|45|0|2|0|52|3|2.0|1.0|0.0|2|4.0|1.0|2.0|0.0|18|0|0|0|0|0|274|2025-07|Julho|Grande Niterói e Região dos Lagos|0|Jurujuba; Charitas; São Francisco; Cachoeiras; Maceió; Largo da Batalha; Ititioca; Badu; Sapê; Matapaca; Vila Progresso; Muriqui; Maria Paula e Cantagalo|Niterói|Metropolitana|2025-07-01|365
36425|81|7|2025|12|4|Niterói|330330|Grande Niterói|0|0|0|0|0|0.0|0|0|0.0|19|4|0|34|2|1|0|3|2|1|1|1|0|0.0|0|0|0.0|2|10|1|1|1|7|9.0|59|78|0|2|0|86|12|0.0|7.0|5.0|1|18.0|4.0|2.0|1.0|26|3|0|0|0|0|441|2025-07|Julho|Grande Niterói e Região dos Lagos|0|Itaipu; Camboinhas; Itacoatiara; Piratininga; Cafubá; Jacaré; Rio do Ouro; Engenho do Mato; Várzea das Moças e Jardim Imbuí|Niterói|Metropolitana|2025-07-01|365
36426|82|7|2025|12|4|Maricá|330270|Grande Niterói|1|0|0|1|0|0.0|1|4|0.0|67|15|2|30|8|6|0|14|5|0|0|1|0|0.0|0|0|0.0|3|23|9|4|6|25|0.0|191|235|0|8|0|222|14|0.0|13.0|1.0|7|39.0|6.0|13.0|1.0|92|12|0|2|0|0|1185|2025-07|Julho|Grande Niterói e Região dos Lagos|0|Maricá e Inoã|Maricá|Metropolitana|2025-07-01|365
36427|88|7|2025|10|5|Barra do Pirai|330030|Interior|1|0|0|1|0|0.0|1|2|0.0|24|7|0|1|0|0|0|0|0|0|0|0|0|0.0|0|0|0.0|0|0|1|0|0|3|0.0|23|27|0|1|0|23|54|29.0|15.0|10.0|1|15.0|3.0|6.0|1.0|24|4|0|0|0|0|359|2025-07|Julho|Sul Fluminense|0|Barra do Piraí; Dorandia; Ipiabas; São José do Turvo e Vargem Alegre|Barra do Piraí|Médio Paraíba|2025-07-01|365
36428|89|7|2025|37|5|Resende|330420|Interior|1|0|0|1|2|0.0|3|3|0.0|35|2|2|7|0|0|0|0|0|0|1|0|0|0.0|0|0|0.0|0|1|1|0|7|3|4.0|39|54|0|4|0|131|17|3.0|14.0|0.0|4|30.0|4.0|7.0|0.0|44|3|0|0|0|0|509|2025-07|Julho|Sul Fluminense|0|Resende; Engenheiro Passos; Agulhas Negras; Pedra Selada e Fumaça|Resende|Médio Paraíba|2025-07-01|365
36429|90|7|2025|28|5|Barra Mansa|330040|Interior|3|0|0|3|0|0.0|3|5|0.0|34|1|0|7|0|0|1|1|1|0|0|0|0|0.0|0|0|0.0|2|4|7|0|0|6|1.0|47|61|0|2|0|108|20|5.0|13.0|3.0|3|25.0|7.0|11.0|1.0|50|4|0|0|0|0|558|2025-07|Julho|Sul Fluminense|0|Antonio Rocha; Floriano; Nossa Senhora do Amparo; Rialto e Regiões Administrativas I; II; III; IV; V; VI; VII; VIII; IX; X; XI; XII; XIII; XIV|Barra Mansa|Médio Paraíba|2025-07-01|365
36430|91|7|2025|10|5|Valença|330610|Interior|0|0|0|0|0|0.0|0|3|0.0|31|2|0|4|0|0|0|0|0|0|0|0|0|0.0|0|0|0.0|0|0|0|0|0|3|1.0|14|18|0|0|0|19|20|7.0|12.0|1.0|0|23.0|1.0|8.0|1.0|35|0|1|0|0|0|225|2025-07|Julho|Sul Fluminense|0|Valença; Barão de Juparana; Conservatória; Parapeúna; Pentagna e Santa Isabel do Rio Preto|Valença|Médio Paraíba|2025-07-01|365
36431|92|7|2025|10|5|Rio das Flores|330450|Interior|0|0|0|0|0|0.0|0|1|0.0|1|0|0|0|0|0|0|0|0|0|0|0|0|0.0|0|0|0.0|1|1|0|0|0|0|0.0|0|0|0|0|0|3|0|0.0|0.0|0.0|0|1.0|0.0|1.0|0.0|2|0|0|0|0|0|27|2025-07|Julho|Sul Fluminense|0|Rio das Flores; Manuel Duarte; Abarracamento e Taboas|Rio das Flores|Médio Paraíba|2025-07-01|365
36432|93|7|2025|28|5|Volta Redonda|330630|Interior|1|0|0|1|0|0.0|1|1|0.0|80|10|3|37|1|2|0|3|0|0|1|0|0|0.0|0|0|0.0|1|5|5|1|0|17|1.0|137|161|0|9|0|279|94|56.0|32.0|8.0|8|74.0|6.0|18.0|0.0|168|9|1|0|0|0|1549|2025-07|Julho|Sul Fluminense|0|Volta Redonda|Volta Redonda|Médio Paraíba|2025-07-01|365
36433|94|7|2025|10|5|Piraí|330400|Interior|0|0|0|0|0|0.0|0|2|0.0|7|4|0|2|0|0|0|0|0|0|0|0|0|0.0|0|0|0.0|1|1|1|0|0|0|1.0|7|9|0|0|0|10|13|6.0|7.0|0.0|1|30.0|0.0|3.0|0.0|10|2|0|0|0|0|109|2025-07|Julho|Sul Fluminense|0|Piraí; Arrozal; Monumento e Santanésia|Piraí|Médio Paraíba|2025-07-01|365
36434|95|7|2025|10|5|Vassouras|330620|Interior|0|0|0|0|0|0.0|0|0|0.0|4|1|1|4|0|0|0|0|1|0|0|0|0|0.0|0|0|0.0|1|2|1|0|0|2|0.0|4|7|0|0|0|27|24|15.0|6.0|3.0|1|10.0|1.0|3.0|0.0|29|0|0|0|0|0|173|2025-07|Julho|Sul Fluminense|0|Vassouras; Andrade Pinto; São Sebastião dos Ferreiros e Sebastião de Lacerda|Vassouras|Centro-Sul Fluminense|2025-07-01|365
36435|96|7|2025|10|5|Miguel Pereira;Paty dos Alferes|999999|Interior|1|0|0|1|0|0.0|1|1|0.0|36|2|0|11|1|0|0|1|0|0|1|0|0|0.0|0|0|0.0|0|2|0|0|0|2|0.0|13|15|0|1|0|43|24|16.0|5.0|3.0|2|25.0|3.0|7.0|0.0|42|0|0|0|0|0|335|2025-07|Julho|Sul Fluminense|0|Miguel Pereira; Governador Portela e Conrado|Miguel Pereira|Centro-Sul Fluminense|2025-07-01|365
36436|97|7|2025|10|5|Mendes|330280|Interior|1|0|0|1|0|0.0|1|0|0.0|16|1|1|1|0|0|0|0|0|0|0|0|0|0.0|0|0|0.0|0|0|0|0|0|0|1.0|1|2|0|3|0|12|8|4.0|2.0|2.0|0|2.0|0.0|3.0|0.0|12|0|0|0|0|0|98|2025-07|Julho|Sul Fluminense|0|Mendes|Mendes|Centro-Sul Fluminense|2025-07-01|365
36437|98|7|2025|10|5|Engenheiro Paulo de Frontin|330180|Interior|0|0|0|0|0|0.0|0|0|0.0|8|0|0|2|0|0|0|0|0|0|0|0|0|0.0|0|0|0.0|0|0|0|0|0|0|0.0|4|4|0|0|0|5|10|7.0|2.0|1.0|0|2.0|0.0|0.0|0.0|5|1|0|0|0|0|48|2025-07|Julho|Sul Fluminense|0|Engenheiro Paulo de Frontin e Sacra Família do Tinguá|Engenheiro Paulo de Frontin|Centro-Sul Fluminense|2025-07-01|365
36438|99|7|2025|37|5|Itatiaia|330225|Interior|1|0|0|1|0|0.0|1|2|0.0|10|0|0|3|0|0|0|0|0|0|0|0|0|0.0|0|0|0.0|0|0|0|0|1|0|1.0|9|11|0|0|0|9|10|1.0|5.0|4.0|0|14.0|2.0|6.0|0.0|17|0|1|0|0|0|125|2025-07|Julho|Sul Fluminense|0|Itatiaia|Itatiaia|Médio Paraíba|2025-07-01|365
36439|100|7|2025|37|5|Porto Real;Quatis|999999|Interior|1|0|0|1|0|0.0|1|3|0.0|6|1|1|0|0|0|0|0|0|0|0|0|0|0.0|0|0|0.0|1|1|0|0|0|0|0.0|14|14|0|0|0|17|15|1.0|13.0|1.0|0|12.0|2.0|3.0|2.0|15|0|0|0|0|0|130|2025-07|Julho|Sul Fluminense|0|Porto Real|Porto Real|Médio Paraíba|2025-07-01|365
36440|101|7|2025|28|5|Pinheiral|330395|Interior|0|0|0|0|0|0.0|0|0|0.0|14|2|0|2|2|0|0|2|0|0|0|0|0|0.0|0|0|0.0|0|2|0|0|0|3|0.0|4|7|0|0|0|23|9|3.0|4.0|2.0|0|4.0|1.0|2.0|1.0|9|0|0|0|0|0|101|2025-07|Julho|Sul Fluminense|0|Pinheiral|Pinheiral|Médio Paraíba|2025-07-01|365
36441|104|7|2025|30|7|São José do Vale do Rio Preto|330515|Interior|0|0|0|0|0|0.0|0|1|0.0|8|2|0|4|0|0|0|0|0|0|0|1|0|0.0|0|0|0.0|0|1|0|0|0|0|0.0|4|4|0|0|0|11|24|19.0|5.0|0.0|0|1.0|0.0|2.0|0.0|17|2|0|0|0|0|110|2025-07|Julho|Região Serrana|0|São José do Vale do Rio Preto|São José do Vale do Rio Preto|Serrana|2025-07-01|365
36442|105|7|2025|26|7|Petrópolis|330390|Interior|0|0|0|0|0|0.0|0|1|0.0|78|7|2|11|5|0|0|5|0|0|0|0|0|0.0|0|0|0.0|2|7|3|13|0|9|0.0|71|96|0|2|0|169|53|8.0|32.0|13.0|4|72.0|9.0|11.0|0.0|73|0|1|0|0|0|851|2025-07|Julho|Região Serrana|0|Petrópolis e Cascatinha|Petrópolis|Metropolitana|2025-07-01|365
36443|106|7|2025|26|7|Petrópolis|330390|Interior|0|0|0|0|0|0.0|0|0|0.0|31|3|6|10|0|0|0|0|1|0|0|0|0|0.0|0|0|0.0|0|1|1|1|0|2|0.0|32|36|0|1|0|87|17|3.0|9.0|5.0|3|19.0|1.0|7.0|0.0|56|1|0|0|0|0|399|2025-07|Julho|Região Serrana|0|Itaipava; Pedro do Rio e Posse|Petrópolis|Metropolitana|2025-07-01|365
36444|107|7|2025|38|7|Paraíba do Sul|330370|Interior|0|0|0|0|0|0.0|0|0|0.0|9|2|3|6|0|0|0|0|0|0|0|0|0|0.0|0|0|0.0|1|1|0|1|0|1|0.0|9|11|0|1|0|34|31|13.0|9.0|10.0|1|17.0|2.0|7.0|4.0|28|0|0|0|0|0|178|2025-07|Julho|Região Serrana|0|Paraíba do Sul; Werneck; Salutaris e Inconfidência|Paraíba do Sul|Centro-Sul Fluminense|2025-07-01|365
36445|108|7|2025|38|7|Comendador Levy Gasparian;Areal;Três Rios|999999|Interior|3|0|1|4|0|0.0|4|7|0.0|40|5|0|8|0|3|0|3|1|1|1|0|0|0.0|0|0|0.0|3|9|2|0|0|6|3.0|32|43|0|3|0|66|74|33.0|24.0|17.0|3|46.0|10.0|23.0|2.0|63|1|0|0|0|0|572|2025-07|Julho|Região Serrana|0|Areal|Areal|Centro-Sul Fluminense|2025-07-01|365
36446|109|7|2025|38|7|Sapucaia|330540|Interior|0|0|0|0|0|0.0|0|0|0.0|11|0|1|4|0|0|0|0|0|0|0|1|0|0.0|0|0|0.0|0|1|0|0|0|1|0.0|3|4|0|0|0|7|22|20.0|2.0|0.0|2|5.0|3.0|4.0|0.0|8|0|0|0|0|0|83|2025-07|Julho|Região Serrana|0|Sapucaia; Anta; Pião; Nossa Senhora Aparecida e Jamapara|Sapucaia|Centro-Sul Fluminense|2025-07-01|365
36447|110|7|2025|30|7|Teresópolis|330580|Interior|1|0|0|1|0|0.0|1|1|0.0|58|8|3|17|2|0|0|2|1|0|0|0|0|0.0|0|0|0.0|3|6|4|0|0|5|0.0|54|63|0|4|0|155|89|38.0|17.0|35.0|2|61.0|11.0|8.0|1.0|90|0|0|0|0|0|902|2025-07|Julho|Região Serrana|0|Teresópolis; Vale do Bonsucesso e Vale do Paquequer|Teresópolis|Serrana|2025-07-01|365
36448|111|7|2025|30|7|Sumidouro|330570|Interior|0|0|0|0|0|0.0|0|0|0.0|3|1|0|0|0|0|0|0|0|0|0|0|0|0.0|0|0|0.0|0|0|1|0|0|1|0.0|0|2|0|0|0|0|1|1.0|0.0|0.0|1|2.0|2.0|0.0|0.0|7|0|0|0|0|0|32|2025-07|Julho|Região Serrana|0|Sumidouro|Sumidouro|Serrana|2025-07-01|365
36449|112|7|2025|30|7|Carmo|330120|Interior|1|0|0|1|0|0.0|1|1|0.0|6|0|0|1|0|0|0|0|0|0|0|0|0|0.0|0|0|0.0|0|0|1|0|0|0|0.0|6|7|0|0|0|9|3|1.0|1.0|1.0|0|5.0|0.0|2.0|0.0|7|0|0|0|0|0|67|2025-07|Julho|Região Serrana|0|Carmo; Córrego da Prata e Porto Velho do Cunha|Carmo|Serrana|2025-07-01|365
36450|118|7|2025|25|4|Araruama|330020|Interior|2|0|0|2|0|0.0|2|4|0.0|45|8|3|24|6|3|0|9|2|1|0|0|0|0.0|0|1|0.0|3|16|14|1|0|11|4.0|57|87|0|3|0|104|26|3.0|23.0|1.0|4|22.0|13.0|10.0|0.0|59|2|1|0|0|0|595|2025-07|Julho|Grande Niterói e Região dos Lagos|0|Araruama; Morro Grande e São Vicente de Paula|Araruama|Baixadas Litorâneas|2025-07-01|365
36451|119|7|2025|35|4|Rio Bonito|330430|Interior|0|0|1|1|0|0.0|1|3|0.0|16|1|0|16|2|1|0|3|0|0|0|0|0|0.0|0|0|1.0|1|5|12|0|0|6|2.0|19|39|0|3|0|34|8|1.0|5.0|2.0|6|15.0|0.0|3.0|0.0|22|1|0|0|0|0|222|2025-07|Julho|Grande Niterói e Região dos Lagos|0|Rio Bonito e Boa Esperança|Rio Bonito|Metropolitana|2025-07-01|365
36452|120|7|2025|35|4|Silva Jardim|330560|Interior|0|0|0|0|1|0.0|1|2|0.0|4|1|1|1|0|0|0|0|1|0|0|0|0|0.0|0|0|0.0|1|2|1|1|0|3|0.0|8|13|0|1|0|9|5|1.0|1.0|3.0|0|0.0|0.0|1.0|0.0|9|0|0|0|0|0|71|2025-07|Julho|Grande Niterói e Região dos Lagos|0|Silva Jardim; Aldeia Velha; Correntezas e Gaviões|Silva Jardim|Baixadas Litorâneas|2025-07-01|365
36453|121|7|2025|32|6|Casimiro de Abreu|330130|Interior|0|0|0|0|0|0.0|0|0|0.0|10|1|0|5|0|0|0|0|0|0|0|0|0|0.0|0|0|0.0|0|0|0|0|0|0|1.0|7|8|0|0|0|14|13|1.0|10.0|2.0|2|27.0|3.0|7.0|0.0|18|0|0|0|0|0|108|2025-07|Julho|Norte Fluminense e Noroeste|0|Casimiro de Abreu; Professor Souza; Barra de São João e Rio Dourado|Casimiro de Abreu|Baixadas Litorâneas|2025-07-01|365
36454|122|7|2025|32|6|Conceição de Macabú|330140|Interior|0|0|0|0|0|0.0|0|0|0.0|3|0|0|1|0|0|0|0|0|0|0|0|0|0.0|0|0|0.0|0|0|0|0|0|0|1.0|3|4|0|0|0|12|2|0.0|1.0|1.0|1|4.0|0.0|0.0|0.0|7|0|0|0|0|0|63|2025-07|Julho|Norte Fluminense e Noroeste|0|Conceição de Macabú e Macabuzinho|Conceição de Macabú|Norte Fluminense|2025-07-01|365
36455|123|7|2025|32|6|Macaé|330240|Interior|0|0|0|0|0|0.0|0|2|0.0|61|7|7|52|3|4|0|7|1|0|0|0|0|0.0|0|0|0.0|2|10|10|19|3|35|2.0|127|196|0|7|1|250|35|4.0|28.0|4.0|9|56.0|9.0|15.0|2.0|86|3|1|0|0|0|1169|2025-07|Julho|Norte Fluminense e Noroeste|0|Centro; Cabiúnas; Barra de Macaé; Aeroporto e Imboassica|Macaé|Norte Fluminense|2025-07-01|365
36456|124|7|2025|25|4|Saquarema|330550|Interior|3|1|0|4|0|0.0|4|1|0.0|28|1|2|13|0|2|1|3|3|1|0|0|0|0.0|0|0|0.0|1|8|3|3|0|12|4.0|75|97|0|2|0|104|4|1.0|1.0|2.0|5|15.0|0.0|7.0|0.0|68|1|0|0|0|0|636|2025-07|Julho|Grande Niterói e Região dos Lagos|0|Saquarema; Bacaxá e Sampaio Correia|Saquarema|Baixadas Litorâneas|2025-07-01|365
36457|125|7|2025|25|4|São Pedro da Aldeia|330520|Interior|0|0|0|0|0|0.0|0|0|0.0|22|3|4|21|6|5|0|11|5|0|0|0|0|0.0|0|0|0.0|3|19|6|1|0|3|1.0|28|39|0|0|0|68|24|2.0|21.0|1.0|4|34.0|8.0|11.0|1.0|20|0|1|0|0|0|336|2025-07|Julho|Grande Niterói e Região dos Lagos|0|São Pedro da Aldeia|São Pedro da Aldeia|Baixadas Litorâneas|2025-07-01|365
36458|126|7|2025|25|4|Cabo Frio|330070|Interior|1|1|0|2|1|0.0|3|9|1.0|78|11|2|36|10|3|0|13|2|0|1|0|0|0.0|0|1|0.0|2|19|16|11|6|15|4.0|135|187|0|4|0|226|65|10.0|53.0|2.0|11|52.0|16.0|18.0|1.0|101|8|0|0|0|0|1184|2025-07|Julho|Grande Niterói e Região dos Lagos|0|Cabo Frio e Tamoios|Cabo Frio|Baixadas Litorâneas|2025-07-01|365
36459|127|7|2025|25|4|Armação dos Búzios|330023|Interior|2|0|0|2|0|0.0|2|0|0.0|21|1|0|5|3|2|0|5|1|0|0|0|0|0.0|0|0|0.0|0|6|5|3|0|7|1.0|15|31|0|0|0|50|34|8.0|10.0|18.0|2|22.0|2.0|5.0|0.0|22|1|0|0|0|0|309|2025-07|Julho|Grande Niterói e Região dos Lagos|0|Armação dos Búzios|Armação dos Búzios|Baixadas Litorâneas|2025-07-01|365
36460|128|7|2025|32|6|Rio das Ostras|330452|Interior|1|0|0|1|0|0.0|1|0|0.0|55|5|1|44|8|3|0|11|1|1|0|1|0|0.0|0|0|0.0|3|17|7|6|0|5|4.0|77|99|0|2|0|160|37|4.0|28.0|6.0|3|68.0|21.0|15.0|1.0|59|3|0|0|0|0|689|2025-07|Julho|Norte Fluminense e Noroeste|0|Rio das Ostras|Rio das Ostras|Baixadas Litorâneas|2025-07-01|365
36461|129|7|2025|25|4|Iguaba Grande|330187|Interior|0|0|0|0|0|0.0|0|0|0.0|9|1|0|4|0|2|0|2|0|0|0|0|0|0.0|0|0|0.0|0|2|0|0|0|13|3.0|11|27|0|0|0|31|3|2.0|1.0|0.0|3|5.0|0.0|2.0|0.0|8|0|0|0|0|0|134|2025-07|Julho|Grande Niterói e Região dos Lagos|0|Iguaba Grande|Iguaba Grande|Baixadas Litorâneas|2025-07-01|365
36462|130|7|2025|32|6|Quissamã;Carapebus|999999|Interior|1|0|0|1|0|0.0|1|4|0.0|9|4|0|1|2|1|0|3|0|0|0|0|0|0.0|0|0|0.0|0|3|1|0|0|0|0.0|5|6|0|0|0|15|14|4.0|9.0|1.0|2|18.0|2.0|0.0|0.0|18|0|0|0|0|0|116|2025-07|Julho|Norte Fluminense e Noroeste|0|Centro; UB-S; Rodagem; Carapebus e Praia de Carapebus|Carapebus|Norte Fluminense|2025-07-01|365
36463|132|7|2025|25|4|Arraial do Cabo|330025|Interior|1|0|0|1|0|0.0|1|2|0.0|19|2|0|1|1|0|0|1|0|0|0|1|0|0.0|0|0|0.0|1|3|1|0|0|2|2.0|10|15|0|2|0|16|13|3.0|10.0|1.0|1|18.0|3.0|5.0|0.0|17|1|0|0|0|0|188|2025-07|Julho|Grande Niterói e Região dos Lagos|0|Arraial do Cabo|Arraial do Cabo|Baixadas Litorâneas|2025-07-01|365
36464|134|7|2025|8|6|Campos dos Goytacazes|330100|Interior|1|0|0|1|0|0.0|1|0|1.0|84|4|4|21|10|6|0|16|3|1|2|6|0|0.0|0|0|0.0|2|30|3|7|6|15|10.0|133|174|0|6|0|237|105|63.0|23.0|19.0|9|100.0|12.0|25.0|2.0|112|4|5|1|0|0|1245|2025-07|Julho|Norte Fluminense e Noroeste|0|Campos dos Goytacazes (Primeiro Subdistrito; Segundo Subdistrito e Quarto Subdistrito); Ibitioca; Dores de Macabu; Morangaba; Mussurepe; Serrinha; Santo Amaro de Campos; São Sebastião de Campos e Tocos|Campos dos Goytacazes|Norte Fluminense|2025-07-01|365
36465|135|7|2025|36|6|Itaocara|330210|Interior|2|0|0|2|0|0.0|2|0|0.0|13|1|0|6|0|0|0|0|0|0|0|0|0|0.0|0|0|0.0|0|0|3|0|0|1|0.0|2|6|0|1|0|21|10|4.0|3.0|3.0|4|9.0|0.0|3.0|0.0|15|0|0|0|0|0|137|2025-07|Julho|Norte Fluminense e Noroeste|0|Itaocara; Portela; Batatal; Laranjais; Jaguarembe e Estrada Nova|Itaocara|Noroeste Fluminense|2025-07-01|365
36466|136|7|2025|36|6|Santo Antônio de Pádua;Aperibé|999999|Interior|1|0|0|1|0|0.0|1|1|0.0|21|1|1|4|0|0|0|0|0|0|0|0|0|0.0|0|0|0.0|1|1|1|0|0|2|0.0|3|6|0|0|0|18|66|22.0|20.0|24.0|0|20.0|3.0|7.0|2.0|23|0|0|0|0|0|219|2025-07|Julho|Norte Fluminense e Noroeste|0|Aperibé|Aperibé|Noroeste Fluminense|2025-07-01|365
36467|137|7|2025|36|6|Miracema|330300|Interior|0|0|0|0|0|0.0|0|0|0.0|6|0|0|6|0|0|0|0|0|0|0|0|0|0.0|0|0|0.0|0|0|0|0|0|1|0.0|7|8|0|0|0|6|23|11.0|10.0|2.0|0|13.0|0.0|6.0|0.0|20|0|1|0|0|0|117|2025-07|Julho|Norte Fluminense e Noroeste|0|Miracema; Venda das Flores e Paraíso do Tobias|Miracema|Noroeste Fluminense|2025-07-01|365
36468|138|7|2025|29|6|Laje do Muriaé|330230|Interior|0|0|0|0|0|0.0|0|0|0.0|0|0|0|0|0|0|0|0|0|0|0|0|0|0.0|0|0|0.0|0|0|0|0|0|0|0.0|0|0|0|0|0|5|5|3.0|2.0|0.0|0|5.0|0.0|1.0|0.0|1|0|0|0|0|0|27|2025-07|Julho|Norte Fluminense e Noroeste|0|Laje do Muriaé|Laje do Muriaé|Noroeste Fluminense|2025-07-01|365
36469|139|7|2025|29|6|Porciúncula|330410|Interior|0|0|0|0|0|0.0|0|1|0.0|3|0|0|0|0|0|0|0|0|0|0|0|0|0.0|0|0|0.0|0|0|1|0|0|2|1.0|5|9|0|0|0|11|4|4.0|0.0|0.0|2|4.0|0.0|6.0|0.0|15|0|0|0|0|0|66|2025-07|Julho|Norte Fluminense e Noroeste|0|Porciúncula; Purilândia e Santa Clara|Porciúncula|Noroeste Fluminense|2025-07-01|365
36470|140|7|2025|29|6|Natividade;Varre-Sai|999999|Interior|1|0|0|1|0|0.0|1|0|0.0|10|0|1|4|0|0|0|0|0|0|0|0|0|0.0|0|0|0.0|0|0|0|1|0|1|0.0|4|6|0|0|0|8|16|8.0|3.0|5.0|0|4.0|0.0|1.0|0.0|14|0|0|0|0|0|86|2025-07|Julho|Norte Fluminense e Noroeste|0|Natividade; Ourania e Bom Jesus do Querendo|Natividade|Noroeste Fluminense|2025-07-01|365
36471|141|7|2025|8|6|São Fidélis|330480|Interior|0|0|0|0|0|0.0|0|1|0.0|6|1|0|9|0|1|0|1|1|0|0|1|0|0.0|0|0|0.0|1|4|3|0|1|4|0.0|7|15|0|0|0|19|5|4.0|1.0|0.0|1|12.0|0.0|2.0|0.0|14|0|0|0|0|0|146|2025-07|Julho|Norte Fluminense e Noroeste|0|São Fidelis; Cambiasca; Colonia; Ipuca e Pureza|São Fidélis|Norte Fluminense|2025-07-01|365
36472|142|7|2025|36|6|Cambuci|330090|Interior|0|0|0|0|0|0.0|0|1|0.0|3|0|0|2|0|0|0|0|0|0|0|0|0|0.0|0|0|0.0|0|0|1|0|0|0|0.0|2|3|0|0|0|3|5|3.0|3.0|0.0|0|9.0|0.0|1.0|0.0|9|0|0|0|0|0|39|2025-07|Julho|Norte Fluminense e Noroeste|0|Cambuci; Três Irmãos; Funil; Monte Verde e São João do Paraíso|Cambuci|Noroeste Fluminense|2025-07-01|365
36473|143|7|2025|29|6|Itaperuna;São José de Ubá|999999|Interior|2|0|0|2|0|0.0|2|3|0.0|31|3|1|3|0|1|0|1|0|0|1|0|0|0.0|0|0|0.0|1|3|3|0|0|5|3.0|25|36|0|0|0|68|58|23.0|26.0|9.0|3|32.0|8.0|7.0|0.0|30|0|0|0|0|0|376|2025-07|Julho|Norte Fluminense e Noroeste|0|Itaperuna; Boaventura; Nossa Senhora da Penha; Itajara; Retiro do Muriaé; Raposo e Comendador Venâncio|Itaperuna|Noroeste Fluminense|2025-07-01|365
36474|144|7|2025|29|6|Bom Jesus de Itabapoana|330060|Interior|0|0|0|0|0|0.0|0|1|0.0|10|1|0|2|0|0|0|0|0|0|1|0|0|0.0|0|0|0.0|0|1|1|0|0|1|1.0|14|17|0|0|0|19|7|4.0|3.0|0.0|0|9.0|2.0|1.0|0.0|15|1|0|0|0|0|138|2025-07|Julho|Norte Fluminense e Noroeste|0|Bom Jesus de Itabapoana; Carabuçú; Calheiros; Pirapetinga de Bom Jesus; Rosal e Serrinha|Bom Jesus de Itabapoana|Noroeste Fluminense|2025-07-01|365
36475|145|7|2025|8|6|São João da Barra|330500|Interior|1|0|0|1|0|0.0|1|0|0.0|12|1|0|3|0|0|0|0|0|0|1|2|0|0.0|0|0|0.0|0|3|0|0|0|1|0.0|16|17|0|0|0|15|19|5.0|6.0|10.0|0|23.0|1.0|4.0|1.0|21|2|1|0|0|0|162|2025-07|Julho|Norte Fluminense e Noroeste|0|Barcelos; Atafona; São João da Barra; Grussaí; Cajueiro e Pipeiras|São João da Barra|Norte Fluminense|2025-07-01|365
36476|146|7|2025|8|6|Campos dos Goytacazes|330100|Interior|1|0|1|2|0|0.0|2|0|0.0|29|0|4|4|3|2|0|5|2|0|1|1|0|0.0|0|0|0.0|3|12|2|0|2|0|2.0|71|77|0|0|0|55|60|16.0|20.0|25.0|3|49.0|8.0|14.0|0.0|40|5|0|0|0|0|460|2025-07|Julho|Norte Fluminense e Noroeste|0|Campos dos Goytacazes (Terceiro Subdistrito); Santa Maria; Morro do Coco; Santo Eduardo; Travessão e Vila Nova de Campos|Campos dos Goytacazes|Norte Fluminense|2025-07-01|365
36477|147|7|2025|8|6|São Francisco de Itabapoana|330475|Interior|2|0|0|2|0|0.0|2|2|0.0|10|2|1|1|0|0|0|0|1|0|0|0|0|0.0|0|0|0.0|0|1|1|0|0|1|0.0|6|8|0|0|0|24|17|2.0|7.0|8.0|0|13.0|3.0|3.0|1.0|14|1|0|0|0|0|113|2025-07|Julho|Norte Fluminense e Noroeste|0|São Francisco de Itabapoana; Maniva e Barra Seca|São Francisco de Itabapoana|Norte Fluminense|2025-07-01|365
36478|148|7|2025|29|6|Cardoso Moreira;Italva|999999|Interior|0|0|0|0|0|0.0|0|0|0.0|8|2|0|0|0|0|0|0|0|0|0|0|0|0.0|0|0|0.0|0|0|1|0|0|1|0.0|3|5|0|0|0|8|22|10.0|6.0|7.0|1|7.0|1.0|3.0|2.0|11|0|0|0|0|0|81|2025-07|Julho|Norte Fluminense e Noroeste|0|Italva|Italva|Noroeste Fluminense|2025-07-01|365
36479|151|7|2025|11|7|Nova Friburgo|330340|Interior|0|0|0|0|0|0.0|0|1|1.0|70|7|6|44|0|0|0|0|0|0|1|0|0|0.0|0|0|0.0|1|2|3|6|0|10|0.0|42|61|0|1|0|155|62|9.0|51.0|2.0|2|69.0|15.0|12.0|4.0|77|2|1|0|0|0|848|2025-07|Julho|Região Serrana|0|Nova Friburgo; São Pedro da Serra; Lumiar; Amparo; Riograndina; Conselheiro Paulino e Campo do Coelho|Nova Friburgo|Serrana|2025-07-01|365
36480|152|7|2025|11|7|Duas Barras|330160|Interior|0|0|0|0|0|0.0|0|0|0.0|8|0|0|0|0|0|0|0|0|0|0|0|0|0.0|0|0|0.0|0|0|0|0|1|0|0.0|1|2|0|0|0|4|3|0.0|2.0|1.0|0|3.0|2.0|0.0|0.0|4|1|0|0|0|0|39|2025-07|Julho|Região Serrana|0|Duas Barras e Monnerat|Duas Barras|Serrana|2025-07-01|365
36481|153|7|2025|11|7|Cantagalo|330110|Interior|0|0|0|0|0|0.0|0|0|0.0|8|0|0|2|0|0|0|0|0|0|0|0|0|0.0|0|0|0.0|0|0|0|0|0|2|0.0|3|5|0|0|0|6|7|4.0|3.0|0.0|1|6.0|0.0|1.0|0.0|9|0|0|0|0|0|66|2025-07|Julho|Região Serrana|0|Cantagalo; Santa Rita da Floresta; Boa Sorte; Euclidelândia e São Sebastião do Paraíba|Cantagalo|Serrana|2025-07-01|365
36482|154|7|2025|11|7|Cordeiro;Macuco|999999|Interior|0|0|0|0|0|0.0|0|0|0.0|19|4|1|4|0|0|0|0|0|0|0|0|0|0.0|0|0|0.0|0|0|1|2|0|103|2.0|13|121|0|1|0|17|3|3.0|0.0|0.0|1|4.0|0.0|3.0|0.0|26|1|0|0|0|0|270|2025-07|Julho|Região Serrana|0|Cordeiro|Cordeiro|Serrana|2025-07-01|365
36483|155|7|2025|36|6|São Sebastião do Alto|330530|Interior|0|0|0|0|0|0.0|0|0|0.0|2|1|0|0|0|0|0|0|0|0|0|0|0|0.0|0|0|0.0|0|0|0|0|0|0|0.0|0|0|0|0|0|5|2|1.0|1.0|0.0|0|1.0|0.0|1.0|0.0|4|0|0|0|0|0|22|2025-07|Julho|Norte Fluminense e Noroeste|0|São Sebastião do Alto; Valão do Barro e Ipituna|São Sebastião do Alto|Serrana|2025-07-01|365
36484|156|7|2025|11|7|Santa Maria Madalena|330460|Interior|0|0|0|0|0|0.0|0|0|0.0|4|1|1|3|0|0|0|0|0|0|0|0|0|0.0|0|0|0.0|0|0|0|0|0|0|0.0|2|2|0|0|0|4|0|0.0|0.0|0.0|0|0.0|0.0|0.0|0.0|5|0|0|0|0|0|31|2025-07|Julho|Região Serrana|0|Santa Maria Madalena; Doutor Loreti; Renascença; Santo Antônio do Imbé; Sossego e Triunfo|Santa Maria Madalena|Serrana|2025-07-01|365
36485|157|7|2025|11|7|Trajano de Morais|330590|Interior|0|0|0|0|0|0.0|0|0|0.0|2|0|0|0|0|0|0|0|0|0|0|0|0|0.0|0|0|0.0|0|0|0|0|0|0|0.0|2|2|0|0|0|6|1|1.0|0.0|0.0|0|1.0|0.0|0.0|0.0|3|0|0|0|0|0|27|2025-07|Julho|Região Serrana|0|Trajano de Moraes; Doutor Elias; Sodrelândia; Vila da Grama e Visconde de Imbé|Trajano de Moraes|Serrana|2025-07-01|365
36486|158|7|2025|11|7|Bom Jardim|330050|Interior|2|0|0|2|0|0.0|2|0|1.0|2|0|1|6|0|0|0|0|0|0|0|0|0|0.0|0|0|0.0|0|0|0|1|0|0|0.0|3|4|0|0|0|7|3|2.0|0.0|1.0|0|4.0|0.0|3.0|0.0|4|0|0|0|0|0|65|2025-07|Julho|Região Serrana|0|Bom Jardim; Banquete; Barra Alegre e São José do Ribeirão|Bom Jardim|Serrana|2025-07-01|365
36487|159|7|2025|35|4|Cachoeiras de Macacu|330080|Interior|1|0|0|1|0|0.0|1|1|2.0|6|1|0|1|0|0|0|0|0|0|0|0|0|0.0|0|0|0.0|0|0|0|0|0|3|0.0|10|13|0|0|0|29|4|2.0|1.0|1.0|1|1.0|0.0|2.0|2.0|17|0|0|0|0|0|134|2025-07|Julho|Grande Niterói e Região dos Lagos|0|Cachoeiras de Macacu; Japuíba e Subaio|Cachoeiras de Macacu|Metropolitana|2025-07-01|365
36488|165|7|2025|33|5|Mangaratiba|330260|Interior|0|0|0|0|0|0.0|0|0|0.0|23|6|3|9|0|0|0|0|0|0|0|0|0|0.0|0|0|0.0|0|0|10|0|0|4|0.0|10|24|0|0|0|33|10|6.0|3.0|2.0|2|8.0|0.0|8.0|0.0|31|3|0|0|0|0|207|2025-07|Julho|Sul Fluminense|0|Mangaratiba; Conceição de Jacareí; Vila Muriquí; Itacuruçá|Mangaratiba|Costa Verde|2025-07-01|365
36489|166|7|2025|33|5|Angra dos Reis|330010|Interior|1|0|0|1|0|0.0|1|2|0.0|50|7|4|14|1|3|0|4|0|0|0|0|0|0.0|0|0|0.0|2|6|8|0|0|8|2.0|50|68|0|3|0|109|29|8.0|18.0|3.0|3|37.0|3.0|6.0|1.0|59|7|0|0|0|0|584|2025-07|Julho|Sul Fluminense|0|Angra dos Reis; Jacuecanga; Cunhambebe; Mambucaba; Abraão e Praia de Araçatiba|Angra dos Reis|Costa Verde|2025-07-01|365
36490|167|7|2025|43|5|Paraty|330380|Interior|0|0|0|0|0|0.0|0|0|0.0|14|1|0|7|0|0|0|0|0|0|1|0|0|0.0|0|0|0.0|0|1|1|0|0|1|0.0|13|15|0|1|0|14|25|4.0|18.0|3.0|1|22.0|8.0|8.0|0.0|18|3|1|0|0|0|187|2025-07|Julho|Sul Fluminense|0|Paraty; Paraty-Mirim e Tarituba|Paraty|Costa Verde|2025-07-01|365
36491|168|7|2025|28|5|Rio Claro|330440|Interior|0|0|0|0|0|0.0|0|0|0.0|8|0|1|2|0|0|0|0|0|0|0|0|0|0.0|0|0|0.0|0|0|1|0|0|1|0.0|0|2|0|0|0|7|0|0.0|0.0|0.0|2|1.0|0.0|3.0|0.0|14|0|0|0|0|0|56|2025-07|Julho|Sul Fluminense|0|Rio Claro; Getulândia; Lídice; Passa Três e São João Marcos|Rio Claro|Médio Paraíba|2025-07-01|365
36492|1|8|2025|5|1|Rio de Janeiro|330455|Capital|1|0|0|1|0|0.0|1|0|0.0|11|0|0|5|25|20|3|48|0|1|0|0|0|0.0|0|0|0.0|4|53|2|54|27|85|4.0|96|268|0|4|0|93|2|0.0|2.0|0.0|0|22.0|3.0|13.0|2.0|11|3|1|0|0|0|653|2025-08|Agosto|Capital (Zona Sul, Centro e parte da Norte)|0|Centro (parte)|Rio de Janeiro|Metropolitana|2025-08-01|365
36493|4|8|2025|5|1|Rio de Janeiro|330455|Capital|0|0|0|0|0|0.0|0|0|0.0|32|0|1|27|20|19|0|39|1|0|0|0|0|0.0|0|1|0.0|8|49|8|30|23|172|5.0|70|308|0|2|0|63|18|4.0|13.0|1.0|0|31.0|4.0|12.0|1.0|18|2|0|0|0|0|728|2025-08|Agosto|Capital (Zona Sul, Centro e parte da Norte)|0|Centro (parte); Gamboa; Santo Cristo e Saúde|Rio de Janeiro|Metropolitana|2025-08-01|365
36494|5|8|2025|5|1|Rio de Janeiro|330455|Capital|3|0|0|3|0|1.0|4|2|0.0|43|1|0|15|46|41|2|89|1|1|1|0|0|0.0|0|1|0.0|7|100|12|62|10|245|2.0|199|530|0|2|0|154|18|4.0|16.0|0.0|1|41.0|10.0|12.0|6.0|25|5|1|0|0|0|1244|2025-08|Agosto|Capital (Zona Sul, Centro e parte da Norte)|0|Centro (parte); Lapa e Paquetá|Rio de Janeiro|Metropolitana|2025-08-01|365
36495|6|8|2025|4|1|Rio de Janeiro|330455|Capital|0|0|0|0|0|0.0|0|3|0.0|37|2|0|33|23|24|14|61|2|1|0|0|0|0.0|0|0|2.0|10|76|8|16|15|128|1.0|88|256|0|5|0|38|8|5.0|3.0|0.0|15|18.0|6.0|5.0|2.0|34|3|0|0|0|0|660|2025-08|Agosto|Capital (Zona Sul, Centro e parte da Norte)|0|Catumbi; Cidade Nova; Estácio; Rio Comprido e Centro (parte)|Rio de Janeiro|Metropolitana|2025-08-01|365
36496|7|8|2025|5|1|Rio de Janeiro|330455|Capital|0|0|0|0|0|0.0|0|0|1.0|6|1|0|2|10|7|1|18|0|0|0|0|0|0.0|0|0|1.0|4|23|11|0|1|11|0.0|26|49|0|1|0|32|3|0.0|3.0|0.0|0|3.0|1.0|0.0|0.0|17|0|0|0|0|0|210|2025-08|Agosto|Capital (Zona Sul, Centro e parte da Norte)|0|Santa Teresa|Rio de Janeiro|Metropolitana|2025-08-01|365
36497|9|8|2025|2|1|Rio de Janeiro|330455|Capital|0|0|0|0|0|0.0|0|0|0.0|31|4|2|25|40|29|3|72|2|0|1|1|0|0.0|0|0|3.0|2|81|16|68|28|142|29.0|121|404|0|7|0|152|2|2.0|0.0|0.0|2|28.0|6.0|2.0|2.0|26|7|1|0|0|0|1086|2025-08|Agosto|Capital (Zona Sul, Centro e parte da Norte)|0|Catete; Cosme Velho; Flamengo; Glória e Laranjeiras|Rio de Janeiro|Metropolitana|2025-08-01|365
36498|10|8|2025|2|1|Rio de Janeiro|330455|Capital|0|1|0|1|0|0.0|1|0|0.0|17|1|0|35|43|49|3|95|2|0|2|0|0|0.0|0|0|1.0|11|111|15|26|53|157|18.0|230|499|0|7|0|113|10|7.0|3.0|0.0|3|40.0|6.0|2.0|2.0|35|4|0|0|0|0|1167|2025-08|Agosto|Capital (Zona Sul, Centro e parte da Norte)|0|Botafogo; Humaitá e Urca|Rio de Janeiro|Metropolitana|2025-08-01|365
36499|11|8|2025|23|1|Rio de Janeiro|330455|Capital|0|0|0|0|0|0.0|0|1|0.0|4|0|0|2|0|0|0|0|0|0|0|0|0|0.0|0|0|0.0|1|1|1|2|2|11|0.0|4|20|0|1|0|20|2|1.0|0.0|1.0|0|0.0|0.0|1.0|0.0|8|5|0|0|0|0|111|2025-08|Agosto|Capital (Zona Sul, Centro e parte da Norte)|0|Rocinha|Rio de Janeiro|Metropolitana|2025-08-01|365
36500|12|8|2025|19|1|Rio de Janeiro|330455|Capital|0|0|0|0|0|0.0|0|0|0.0|19|1|1|7|12|19|3|34|1|0|3|0|0|1.0|0|0|1.0|9|49|6|39|5|126|13.0|196|385|0|8|0|227|4|2.0|2.0|0.0|3|34.0|4.0|13.0|3.0|28|2|1|0|0|0|1035|2025-08|Agosto|Capital (Zona Sul, Centro e parte da Norte)|0|Copacabana (parte) e Leme|Rio de Janeiro|Metropolitana|2025-08-01|365
36501|13|8|2025|19|1|Rio de Janeiro|330455|Capital|0|0|0|0|0|0.0|0|0|0.0|11|1|0|11|6|8|0|14|1|0|3|2|0|0.0|0|0|0.0|3|23|5|26|3|58|5.0|123|220|0|2|0|76|3|1.0|2.0|0.0|0|27.0|1.0|2.0|0.0|25|0|0|0|0|0|551|2025-08|Agosto|Capital (Zona Sul, Centro e parte da Norte)|0|Copacabana (parte)|Rio de Janeiro|Metropolitana|2025-08-01|365
36502|14|8|2025|23|1|Rio de Janeiro|330455|Capital|0|0|0|0|0|0.0|0|0|0.0|15|0|2|15|18|22|0|40|1|0|1|2|0|0.0|0|0|1.0|6|51|12|43|3|216|35.0|189|498|0|8|0|191|5|1.0|4.0|0.0|1|44.0|7.0|3.0|0.0|26|4|0|0|0|0|1076|2025-08|Agosto|Capital (Zona Sul, Centro e parte da Norte)|0|Ipanema e Leblon|Rio de Janeiro|Metropolitana|2025-08-01|365
36503|15|8|2025|23|1|Rio de Janeiro|330455|Capital|0|0|0|0|0|0.0|0|1|0.0|13|0|0|18|6|16|1|23|1|0|0|0|0|0.0|0|0|0.0|10|34|8|13|20|56|4.0|79|180|0|1|0|131|6|2.0|4.0|0.0|3|19.0|1.0|5.0|0.0|21|3|1|0|0|0|638|2025-08|Agosto|Capital (Zona Sul, Centro e parte da Norte)|0|Gávea; Jardim Botânico; Lagoa; São Conrado e Vidigal|Rio de Janeiro|Metropolitana|2025-08-01|365
36504|16|8|2025|31|2|Rio de Janeiro|330455|Capital|3|0|0|3|0|0.0|3|2|0.0|49|7|4|40|39|16|10|65|5|0|4|1|0|0.0|0|1|2.0|48|126|29|23|54|144|8.0|258|516|0|8|0|402|9|2.0|6.0|1.0|2|59.0|21.0|7.0|6.0|71|5|1|0|0|0|1868|2025-08|Agosto|Capital (Zona Oeste e parte da Norte)|0|Barra da Tijuca; Itanhangá; Joá|Rio de Janeiro|Metropolitana|2025-08-01|365
36505|17|8|2025|4|1|Rio de Janeiro|330455|Capital|2|0|0|2|0|0.0|2|0|0.0|29|0|3|43|23|55|8|86|15|0|1|2|0|0.0|0|0|0.0|18|122|15|21|15|207|2.0|108|368|0|5|0|96|3|2.0|1.0|0.0|8|34.0|1.0|8.0|1.0|16|6|0|0|0|0|957|2025-08|Agosto|Capital (Zona Sul, Centro e parte da Norte)|0|Caju; Mangueira; São Cristóvão e Vasco da Gama|Rio de Janeiro|Metropolitana|2025-08-01|365
36506|18|8|2025|6|1|Rio de Janeiro|330455|Capital|2|0|1|3|0|0.0|3|7|0.0|26|3|0|33|44|87|19|150|16|0|10|0|0|0.0|0|0|2.0|18|196|20|37|24|261|1.0|156|499|0|2|0|83|5|4.0|1.0|0.0|2|32.0|4.0|0.0|3.0|28|4|0|0|0|0|1195|2025-08|Agosto|Capital (Zona Sul, Centro e parte da Norte)|0|Maracanã; Praça da Bandeira e Tijuca (parte)|Rio de Janeiro|Metropolitana|2025-08-01|365
36507|19|8|2025|6|1|Rio de Janeiro|330455|Capital|1|0|0|1|0|0.0|1|2|0.0|29|5|0|13|54|48|2|104|5|0|11|0|0|0.0|0|0|1.0|34|155|15|25|29|62|3.0|179|313|0|9|0|171|3|3.0|0.0|0.0|2|40.0|6.0|12.0|3.0|56|5|0|0|0|0|1112|2025-08|Agosto|Capital (Zona Sul, Centro e parte da Norte)|0|Alto da Boa Vista e Tijuca (parte)|Rio de Janeiro|Metropolitana|2025-08-01|365
36508|20|8|2025|6|1|Rio de Janeiro|330455|Capital|0|0|0|0|0|0.0|0|0|0.0|17|3|1|13|28|40|3|71|6|0|4|0|0|0.0|0|0|0.0|5|86|14|19|18|58|2.0|125|236|0|3|0|141|3|2.0|1.0|0.0|6|19.0|3.0|3.0|1.0|26|0|0|0|0|0|787|2025-08|Agosto|Capital (Zona Sul, Centro e parte da Norte)|0|Andaraí; Grajaú e Vila Isabel|Rio de Janeiro|Metropolitana|2025-08-01|365
36509|21|8|2025|22|1|Rio de Janeiro|330455|Capital|3|0|0|3|2|0.0|5|0|1.0|50|3|7|61|45|74|29|148|19|6|2|0|0|0.0|0|1|0.0|31|207|40|20|29|61|0.0|170|320|0|5|0|190|18|5.0|10.0|3.0|77|48.0|6.0|24.0|7.0|43|9|1|0|0|0|1462|2025-08|Agosto|Capital (Zona Sul, Centro e parte da Norte)|0|Benfica; Bonsucesso; Higienópolis; Manguinhos; Maré e Ramos|Rio de Janeiro|Metropolitana|2025-08-01|365
36510|22|8|2025|16|1|Rio de Janeiro|330455|Capital|1|0|0|1|1|0.0|2|1|0.0|37|4|3|25|26|24|0|50|21|9|2|0|0|0.0|0|0|0.0|4|86|25|8|11|12|0.0|85|141|0|4|0|85|7|1.0|4.0|2.0|20|24.0|2.0|7.0|0.0|42|6|0|0|0|0|668|2025-08|Agosto|Capital (Zona Sul, Centro e parte da Norte)|0|Brás de Pina (parte); Olaria; Penha e Penha Circular (parte)|Rio de Janeiro|Metropolitana|2025-08-01|365
36511|23|8|2025|3|1|Rio de Janeiro|330455|Capital|1|0|0|1|0|0.0|1|1|1.0|25|5|1|12|18|31|1|50|9|0|2|0|0|0.0|0|1|1.0|9|72|15|8|6|23|0.0|95|147|0|2|0|91|1|0.0|0.0|1.0|2|9.0|2.0|3.0|1.0|18|5|0|0|0|0|595|2025-08|Agosto|Capital (Zona Sul, Centro e parte da Norte)|0|Cachambi; Méier (parte) e Todos os Santos (parte)|Rio de Janeiro|Metropolitana|2025-08-01|365
36512|24|8|2025|3|1|Rio de Janeiro|330455|Capital|1|0|0|1|3|0.0|4|2|0.0|31|2|0|30|33|32|6|71|71|1|1|0|0|0.0|0|1|0.0|28|173|31|15|12|38|2.0|83|181|0|0|0|107|6|3.0|2.0|1.0|7|27.0|1.0|3.0|0.0|39|6|1|0|0|0|764|2025-08|Agosto|Capital (Zona Sul, Centro e parte da Norte)|0|Abolição; Água Santa (parte); Encantado; Engenho de Dentro (parte); Pilares e Piedade|Rio de Janeiro|Metropolitana|2025-08-01|365
36513|25|8|2025|3|1|Rio de Janeiro|330455|Capital|0|0|0|0|1|0.0|1|0|0.0|15|6|2|31|16|41|16|73|16|0|1|1|0|0.0|0|0|0.0|19|110|9|9|16|52|0.0|85|171|0|3|0|114|11|7.0|3.0|1.0|34|16.0|3.0|27.0|4.0|25|3|0|0|0|0|841|2025-08|Agosto|Capital (Zona Sul, Centro e parte da Norte)|0|Engenho Novo; Jacaré; Jacarezinho; Riachuelo; Rocha; Sampaio e São Francisco Xavier|Rio de Janeiro|Metropolitana|2025-08-01|365
36514|26|8|2025|3|1|Rio de Janeiro|330455|Capital|0|0|0|0|0|0.0|0|0|0.0|32|1|0|7|27|42|2|71|22|0|6|0|0|0.0|0|2|0.0|18|119|14|15|18|55|2.0|100|204|0|2|0|128|7|3.0|1.0|3.0|18|22.0|1.0|7.0|0.0|31|3|0|0|0|0|799|2025-08|Agosto|Capital (Zona Sul, Centro e parte da Norte)|0|Água Santa (parte); Engenho de Dentro (parte); Lins de Vasconcelos e Todos os Santos|Rio de Janeiro|Metropolitana|2025-08-01|365
36515|27|8|2025|41|2|Rio de Janeiro|330455|Capital|4|0|0|4|1|1.0|6|0|0.0|49|7|2|26|59|82|5|146|95|12|2|0|0|1.0|0|1|0.0|35|292|47|7|7|28|1.0|93|183|0|8|1|170|1|0.0|1.0|0.0|41|37.0|4.0|11.0|4.0|49|3|0|0|0|0|1133|2025-08|Agosto|Capital (Zona Oeste e parte da Norte)|0|Colégio (parte); Irajá; Vicente de Carvalho; Vila Kosmos; Vila da Penha e Vista Alegre|Rio de Janeiro|Metropolitana|2025-08-01|365
36516|28|8|2025|18|2|Rio de Janeiro|330455|Capital|0|0|0|0|1|0.0|1|8|0.0|19|3|1|13|29|10|3|42|28|0|7|3|0|0.0|0|0|0.0|11|91|14|7|15|21|1.0|58|116|0|6|0|108|6|3.0|3.0|0.0|7|26.0|2.0|2.0|1.0|39|3|0|0|0|0|651|2025-08|Agosto|Capital (Zona Oeste e parte da Norte)|0|Vila Valqueire; Praça Seca e Tanque (parte)|Rio de Janeiro|Metropolitana|2025-08-01|365
36517|29|8|2025|9|2|Rio de Janeiro|330455|Capital|10|0|0|10|0|0.0|10|0|1.0|53|3|2|29|103|33|16|152|88|2|2|0|0|0.0|0|0|0.0|14|258|32|34|17|68|0.0|145|296|0|5|1|170|10|3.0|7.0|0.0|61|17.0|0.0|5.0|0.0|66|1|0|0|0|0|1284|2025-08|Agosto|Capital (Zona Oeste e parte da Norte)|0|Cavalcanti; Engenheiro Leal; Madureira; Turiaçu; Vaz Lobo; Oswaldo Cruz (parte); Cascadura e Quintino Bocaiúva|Rio de Janeiro|Metropolitana|2025-08-01|365
36518|30|8|2025|9|2|Rio de Janeiro|330455|Capital|1|0|0|1|0|0.0|1|1|0.0|37|2|3|21|47|40|6|93|34|1|2|0|0|0.0|0|0|0.0|15|145|27|9|17|19|1.0|69|142|0|0|0|137|1|0.0|1.0|0.0|4|9.0|0.0|3.0|0.0|66|4|0|0|0|0|770|2025-08|Agosto|Capital (Zona Oeste e parte da Norte)|0|Bento Ribeiro; Campinho; Marechal Hermes e Oswaldo Cruz (parte)|Rio de Janeiro|Metropolitana|2025-08-01|365
36519|31|8|2025|41|2|Rio de Janeiro|330455|Capital|1|0|0|1|1|0.0|2|10|0.0|37|2|0|13|25|32|10|67|78|4|0|0|0|0.0|0|0|0.0|11|160|19|3|4|14|0.0|20|60|0|1|0|92|7|0.0|6.0|1.0|53|26.0|1.0|2.0|2.0|42|8|1|0|0|0|621|2025-08|Agosto|Capital (Zona Oeste e parte da Norte)|0|Anchieta; Guadalupe; Parque Anchieta e Ricardo de Albuquerque|Rio de Janeiro|Metropolitana|2025-08-01|365
36520|32|8|2025|18|2|Rio de Janeiro|330455|Capital|9|0|0|9|7|0.0|16|26|1.0|123|11|4|72|62|68|10|140|31|1|4|1|0|0.0|0|0|0.0|16|193|29|37|43|90|14.0|217|430|0|17|2|475|12|0.0|12.0|0.0|30|75.0|9.0|20.0|4.0|155|15|2|0|0|0|2207|2025-08|Agosto|Capital (Zona Oeste e parte da Norte)|0|Anil; Cidade de Deus; Curicica; Gardênia Azul; Jacarepaguá e Taquara|Rio de Janeiro|Metropolitana|2025-08-01|365
36521|33|8|2025|14|2|Rio de Janeiro|330455|Capital|3|0|1|4|4|1.0|9|2|0.0|81|6|4|59|15|46|6|67|30|5|1|1|0|0.0|0|0|0.0|11|115|36|4|6|30|2.0|68|146|0|2|0|96|4|1.0|2.0|1.0|43|34.0|7.0|9.0|3.0|70|5|0|0|0|0|913|2025-08|Agosto|Capital (Zona Oeste e parte da Norte)|0|Campo dos Afonsos; Deodoro; Jardim Sulacap; Magalhães Bastos; Realengo e Vila Militar|Rio de Janeiro|Metropolitana|2025-08-01|365
36522|34|8|2025|14|2|Rio de Janeiro|330455|Capital|7|1|0|8|0|0.0|8|4|1.0|109|5|4|51|27|30|4|61|38|10|1|3|0|0.0|0|0|0.0|9|122|38|6|5|25|4.0|119|197|0|2|0|138|32|2.0|15.0|16.0|37|71.0|4.0|17.0|1.0|109|21|1|0|0|0|1174|2025-08|Agosto|Capital (Zona Oeste e parte da Norte)|0|Bangu; Gericinó; Padre Miguel e Senador Camará|Rio de Janeiro|Metropolitana|2025-08-01|365
36523|35|8|2025|40|2|Rio de Janeiro|330455|Capital|2|0|0|2|0|1.0|3|2|1.0|218|8|10|86|54|72|3|129|56|4|7|1|0|0.0|0|0|0.0|15|212|58|17|18|70|15.0|329|507|0|11|0|408|9|3.0|5.0|1.0|26|78.0|1.0|14.0|1.0|208|25|1|0|0|0|2628|2025-08|Agosto|Capital (Zona Oeste e parte da Norte)|0|Campo Grande; Cosmos; Inhoaíba; Santíssimo e Senador Vasconcelos|Rio de Janeiro|Metropolitana|2025-08-01|365
36524|36|8|2025|27|2|Rio de Janeiro|330455|Capital|5|0|0|5|0|0.0|5|0|2.0|128|13|6|23|43|22|1|66|11|2|0|0|0|0.0|0|1|0.0|6|86|20|7|3|26|6.0|71|133|0|4|0|207|4|2.0|2.0|0.0|14|22.0|2.0|12.0|0.0|126|22|0|0|0|0|1153|2025-08|Agosto|Capital (Zona Oeste e parte da Norte)|0|Paciência e Santa Cruz|Rio de Janeiro|Metropolitana|2025-08-01|365
36525|37|8|2025|17|1|Rio de Janeiro|330455|Capital|1|0|0|1|1|0.0|2|3|1.0|47|5|1|28|6|5|2|13|5|0|0|1|0|0.0|0|0|0.0|5|24|17|1|5|20|0.0|63|106|0|6|0|105|62|5.0|3.0|54.0|16|25.0|6.0|10.0|0.0|44|3|0|0|0|0|777|2025-08|Agosto|Capital (Zona Sul, Centro e parte da Norte)|0|Bancários; Cacuia; Cidade Universitária; Cocotá; Freguesia; Galeão; Jardim Carioca; Jardim Guanabara; Moneró; Pitangueiras; Portuguesa; Praia da Bandeira; Ribeira; Tauá e Zumbi|Rio de Janeiro|Metropolitana|2025-08-01|365
36526|38|8|2025|16|1|Rio de Janeiro|330455|Capital|2|0|0|2|0|0.0|2|3|0.0|54|11|3|33|19|35|1|55|72|3|1|0|0|0.0|0|0|0.0|16|147|18|4|4|14|0.0|50|90|0|3|0|132|17|0.0|12.0|5.0|25|27.0|4.0|5.0|2.0|41|5|1|0|0|0|832|2025-08|Agosto|Capital (Zona Sul, Centro e parte da Norte)|0|Brás de Pina (parte); Cordovil; Jardim América; Parada de Lucas;Penha Circular (parte) e Vigário Geral|Rio de Janeiro|Metropolitana|2025-08-01|365
36527|39|8|2025|41|2|Rio de Janeiro|330455|Capital|14|0|0|14|0|0.0|14|3|2.0|55|4|4|21|50|37|22|109|111|14|0|0|0|0.0|0|0|0.0|53|287|18|9|7|46|1.0|74|155|0|2|0|160|9|1.0|6.0|2.0|112|24.0|2.0|6.0|4.0|45|4|1|0|0|0|1099|2025-08|Agosto|Capital (Zona Oeste e parte da Norte)|0|Acari; Barros Filho; Costa Barros; Parque Colúmbia e Pavuna|Rio de Janeiro|Metropolitana|2025-08-01|365
36528|40|8|2025|9|2|Rio de Janeiro|330455|Capital|2|0|0|2|0|0.0|2|1|0.0|37|1|4|16|37|58|9|104|80|6|0|1|0|0.0|0|0|0.0|37|228|19|6|5|20|1.0|43|94|0|1|0|98|2|0.0|2.0|0.0|24|22.0|0.0|3.0|0.0|39|5|0|0|0|0|676|2025-08|Agosto|Capital (Zona Oeste e parte da Norte)|0|Coelho Neto; Colégio (parte); Honório Gurgel e Rocha Miranda|Rio de Janeiro|Metropolitana|2025-08-01|365
36529|41|8|2025|18|2|Rio de Janeiro|330455|Capital|0|0|0|0|1|0.0|1|1|0.0|34|0|0|33|18|25|2|45|6|0|2|0|0|0.0|0|0|0.0|3|56|9|6|16|34|3.0|67|135|0|2|0|148|1|0.0|1.0|0.0|7|22.0|0.0|3.0|0.0|47|3|0|0|0|0|715|2025-08|Agosto|Capital (Zona Oeste e parte da Norte)|0|Freguesia (Jacarepaguá); Pechincha e Tanque (parte)|Rio de Janeiro|Metropolitana|2025-08-01|365
36530|42|8|2025|31|2|Rio de Janeiro|330455|Capital|1|0|0|1|0|0.0|1|0|0.0|72|3|3|36|32|14|1|47|4|0|8|0|0|2.0|0|0|2.0|10|73|39|6|18|47|8.0|129|247|0|3|0|290|14|8.0|3.0|4.0|10|38.0|2.0|13.0|2.0|92|3|2|0|0|0|1219|2025-08|Agosto|Capital (Zona Oeste e parte da Norte)|0|Recreio dos Bandeirantes; Barra de Guaratiba; Camorim; Grumari; Vargem Grande e Vargem Pequena|Rio de Janeiro|Metropolitana|2025-08-01|365
36531|43|8|2025|27|2|Rio de Janeiro|330455|Capital|1|0|0|1|0|0.0|1|2|0.0|81|8|2|35|17|30|0|47|7|0|0|1|0|0.0|0|0|0.0|3|58|6|0|3|12|0.0|28|49|0|4|0|128|1|1.0|0.0|0.0|10|21.0|0.0|7.0|0.0|87|7|1|0|0|0|691|2025-08|Agosto|Capital (Zona Oeste e parte da Norte)|0|Guaratiba; Pedra de Guaratiba e Sepetiba|Rio de Janeiro|Metropolitana|2025-08-01|365
36532|44|8|2025|3|1|Rio de Janeiro|330455|Capital|1|0|0|1|0|0.0|1|1|0.0|49|5|1|15|44|38|4|86|24|0|0|1|0|0.0|0|0|0.0|20|131|17|6|9|40|2.0|78|152|0|3|0|99|11|2.0|5.0|5.0|8|22.0|2.0|13.0|0.0|43|5|1|0|0|0|804|2025-08|Agosto|Capital (Zona Sul, Centro e parte da Norte)|0|Del Castilho; Engenho da Rainha; Inhaúma; Maria da Graça e Tomás Coelho|Rio de Janeiro|Metropolitana|2025-08-01|365
36533|48|8|2025|24|3|Seropédica|330555|Baixada Fluminense|1|0|0|1|0|0.0|1|0|0.0|31|4|3|18|2|1|0|3|1|2|0|0|0|0.0|0|0|0.0|1|7|9|0|0|5|1.0|27|42|0|2|0|46|0|0.0|0.0|0.0|3|15.0|3.0|5.0|0.0|37|5|1|0|0|0|316|2025-08|Agosto|Baixada Fluminense|0|Seropédica|Seropédica|Metropolitana|2025-08-01|365
36534|50|8|2025|24|3|Itaguaí|330200|Baixada Fluminense|4|0|0|4|0|0.0|4|3|0.0|65|6|7|16|9|4|0|13|6|1|2|0|0|0.0|0|0|0.0|2|24|11|2|1|11|0.0|39|64|0|3|0|65|8|6.0|0.0|2.0|7|19.0|0.0|15.0|0.0|46|2|0|0|0|0|449|2025-08|Agosto|Baixada Fluminense|0|Itaguaí e Ibituporanga|Itaguaí|Metropolitana|2025-08-01|365
36535|51|8|2025|24|3|Paracambi|330360|Baixada Fluminense|2|0|0|2|0|0.0|2|3|0.0|16|1|0|7|0|0|0|0|2|0|1|0|0|0.0|0|0|0.0|2|5|1|0|0|47|1.0|15|64|0|0|0|20|11|5.0|6.0|0.0|0|16.0|0.0|6.0|0.0|13|1|0|0|0|0|196|2025-08|Agosto|Baixada Fluminense|0|Paracambi|Paracambi|Metropolitana|2025-08-01|365
36536|52|8|2025|20|3|Nova Iguaçu|330350|Baixada Fluminense|1|0|1|2|0|0.0|2|1|0.0|43|3|1|32|48|73|3|124|43|0|2|2|0|0.0|0|0|0.0|20|191|58|16|1|34|0.0|104|213|0|3|0|197|3|1.0|2.0|0.0|16|59.0|1.0|12.0|0.0|62|10|2|0|0|0|1181|2025-08|Agosto|Baixada Fluminense|0|Centro|Nova Iguaçu|Metropolitana|2025-08-01|365
36537|53|8|2025|20|3|Mesquita|330285|Baixada Fluminense|2|0|0|2|1|0.0|3|2|2.0|62|6|1|22|41|30|4|75|29|2|0|1|0|0.0|0|0|0.0|10|117|29|6|2|8|2.0|44|91|0|2|0|86|18|0.0|12.0|7.0|10|22.0|2.0|5.0|0.0|58|6|1|0|0|0|585|2025-08|Agosto|Baixada Fluminense|0|Mesquita; Chatuba e Banco de Areia|Mesquita|Metropolitana|2025-08-01|365
36538|54|8|2025|39|3|Belford Roxo|330045|Baixada Fluminense|5|0|0|5|1|0.0|6|5|0.0|122|14|4|43|41|65|4|110|83|5|4|1|0|0.0|0|1|0.0|14|218|41|11|2|10|1.0|58|123|0|5|0|172|29|3.0|25.0|1.0|76|81.0|19.0|31.0|1.0|119|14|0|0|0|0|1320|2025-08|Agosto|Baixada Fluminense|0|Areia Branca; Jardim Redentor; Parque São José; Nova Aurora e Lote XV|Belford Roxo|Metropolitana|2025-08-01|365
36539|55|8|2025|24|3|Queimados|330414|Baixada Fluminense|3|0|0|3|0|0.0|3|0|0.0|50|11|0|18|4|5|0|9|4|1|2|1|0|0.0|0|0|1.0|2|20|7|3|0|10|2.0|35|57|0|1|0|96|10|5.0|5.0|0.0|4|34.0|4.0|15.0|0.0|42|9|1|0|0|0|473|2025-08|Agosto|Baixada Fluminense|0|Centro; Norte; Sul. Leste; Oeste e Nordeste|Queimados|Metropolitana|2025-08-01|365
36540|56|8|2025|20|3|Nova Iguaçu|330350|Baixada Fluminense|7|0|0|7|0|0.0|7|8|0.0|110|16|1|28|18|36|3|57|39|1|1|4|0|0.0|0|1|0.0|8|111|22|2|0|12|4.0|47|87|0|3|0|96|4|0.0|3.0|1.0|16|24.0|1.0|9.0|1.0|97|10|1|0|0|0|746|2025-08|Agosto|Baixada Fluminense|0|Comendador Soares; Cabuçú e Km32|Nova Iguaçu|Metropolitana|2025-08-01|365
36541|57|8|2025|20|3|Nilópolis|330320|Baixada Fluminense|1|0|0|1|0|1.0|2|5|0.0|53|1|0|8|26|24|1|51|17|0|1|0|0|0.0|0|1|0.0|3|73|18|8|3|34|2.0|97|162|0|5|0|126|7|2.0|4.0|1.0|12|21.0|4.0|13.0|0.0|57|4|0|0|0|0|766|2025-08|Agosto|Baixada Fluminense|0|Nilópolis e Olinda|Nilópolis|Metropolitana|2025-08-01|365
36542|58|8|2025|20|3|Nova Iguaçu|330350|Baixada Fluminense|8|0|0|8|0|0.0|8|6|0.0|147|12|5|46|66|65|5|136|46|3|0|1|0|0.0|0|0|0.0|6|192|24|6|2|17|4.0|57|110|0|4|0|186|3|1.0|2.0|0.0|24|40.0|0.0|14.0|0.0|139|8|0|0|0|0|1242|2025-08|Agosto|Baixada Fluminense|0|Posse; Austin; Miguel Couto; Vila de Cava e Tinguá|Nova Iguaçu|Metropolitana|2025-08-01|365
36543|59|8|2025|15|3|Duque de Caxias|330170|Baixada Fluminense|11|0|0|11|1|0.0|12|8|0.0|119|9|3|34|114|101|5|220|100|37|6|0|0|0.0|1|1|0.0|32|397|55|43|8|34|0.0|194|334|0|0|0|199|9|1.0|7.0|1.0|90|56.0|8.0|20.0|0.0|100|10|0|0|0|0|1799|2025-08|Agosto|Baixada Fluminense|0|Duque de Caxias (Centro)|Duque de Caxias|Metropolitana|2025-08-01|365
36544|60|8|2025|15|3|Duque de Caxias|330170|Baixada Fluminense|1|0|0|1|3|0.0|4|14|1.0|59|8|6|28|23|28|1|52|88|17|2|1|0|0.0|0|0|1.0|19|180|31|2|1|11|1.0|33|79|0|3|0|166|11|0.0|10.0|1.0|34|45.0|4.0|11.0|0.0|66|10|1|0|0|0|863|2025-08|Agosto|Baixada Fluminense|0|Campos Elyseos|Duque de Caxias|Metropolitana|2025-08-01|365
36545|61|8|2025|15|3|Duque de Caxias|330170|Baixada Fluminense|3|0|0|3|0|0.0|3|0|1.0|19|5|0|3|2|5|0|7|3|2|0|1|0|0.0|0|0|0.0|0|13|0|0|0|0|0.0|11|11|0|2|0|35|0|0.0|0.0|0.0|3|14.0|0.0|7.0|0.0|24|2|0|0|0|0|168|2025-08|Agosto|Baixada Fluminense|0|Xerém|Duque de Caxias|Metropolitana|2025-08-01|365
36546|62|8|2025|15|3|Duque de Caxias|330170|Baixada Fluminense|5|0|0|5|0|0.0|5|0|0.0|37|1|2|15|12|8|1|21|38|2|0|0|0|0.0|0|0|0.0|10|71|17|3|3|8|2.0|27|60|0|0|0|89|3|0.0|3.0|0.0|9|16.0|1.0|2.0|1.0|38|4|1|0|0|0|431|2025-08|Agosto|Baixada Fluminense|0|Imbariê|Duque de Caxias|Metropolitana|2025-08-01|365
36547|63|8|2025|24|3|Japeri|330227|Baixada Fluminense|0|0|0|0|3|0.0|3|3|0.0|37|2|0|6|5|1|0|6|2|0|1|2|0|1.0|0|0|0.0|4|16|1|0|1|1|0.0|17|20|0|0|1|37|11|6.0|4.0|1.0|11|19.0|2.0|5.0|1.0|30|3|0|0|0|0|256|2025-08|Agosto|Baixada Fluminense|0|Japeri; Engenheiro Pedreira; Marajoara; Pedra Lisa e Rio D`Ouro|Japeri|Metropolitana|2025-08-01|365
36548|64|8|2025|21|3|São João de Meriti|330510|Baixada Fluminense|7|0|0|7|2|0.0|9|13|0.0|128|9|3|49|68|131|15|214|129|14|4|1|0|0.0|0|2|1.0|60|425|65|8|4|45|2.0|183|307|0|0|0|353|21|1.0|16.0|4.0|62|70.0|6.0|23.0|0.0|168|17|2|0|0|0|2038|2025-08|Agosto|Baixada Fluminense|0|São João de Meriti; Coelho da Rocha e São Mateus|São João de Meriti|Metropolitana|2025-08-01|365
36549|65|8|2025|34|3|Magé|330250|Baixada Fluminense|1|0|0|1|0|0.0|1|2|0.0|24|2|3|7|0|0|0|0|3|0|3|1|0|0.0|0|0|0.0|3|10|7|2|2|3|2.0|33|49|0|0|0|41|16|4.0|12.0|1.0|5|21.0|1.0|5.0|0.0|40|2|0|0|0|0|278|2025-08|Agosto|Baixada Fluminense|0|Magé; Santo Aleixo e Suruí|Magé|Metropolitana|2025-08-01|365
36550|66|8|2025|34|3|Magé|330250|Baixada Fluminense|3|0|0|3|0|0.0|3|3|0.0|69|3|0|26|9|6|0|15|4|0|2|0|0|0.0|0|1|0.0|2|24|14|6|0|14|1.0|64|99|0|1|0|105|7|6.0|1.0|0.0|8|25.0|0.0|11.0|0.0|82|4|0|0|0|0|631|2025-08|Agosto|Baixada Fluminense|0|Inhomirim e Guia de Copaíba|Magé|Metropolitana|2025-08-01|365
36551|67|8|2025|34|3|Guapimirim|330185|Baixada Fluminense|1|0|0|1|0|0.0|1|5|0.0|29|0|4|5|1|0|0|1|2|0|1|1|0|0.0|0|0|0.0|3|8|3|0|0|2|0.0|15|20|0|2|0|46|11|7.0|4.0|0.0|2|12.0|0.0|10.0|0.0|26|1|0|0|0|0|266|2025-08|Agosto|Baixada Fluminense|0|Guapimirim|Guapimirim|Metropolitana|2025-08-01|365
36552|70|8|2025|35|4|Tanguá|330575|Interior|0|0|0|0|0|0.0|0|1|0.0|14|2|1|2|0|2|0|2|2|0|0|0|0|0.0|0|0|0.0|1|5|1|0|0|0|2.0|11|14|0|0|0|10|3|0.0|2.0|1.0|3|3.0|0.0|1.0|0.0|8|1|0|0|0|0|107|2025-08|Agosto|Grande Niterói e Região dos Lagos|0|Tanguá|Tanguá|Metropolitana|2025-08-01|365
36553|71|8|2025|35|4|Itaboraí|330190|Interior|1|0|0|1|0|0.0|1|0|0.0|55|1|4|30|8|9|0|17|20|3|0|1|0|0.0|0|0|0.0|7|48|23|2|3|12|0.0|71|111|0|2|0|138|32|13.0|17.0|2.0|16|40.0|12.0|6.0|1.0|50|9|0|0|0|0|686|2025-08|Agosto|Grande Niterói e Região dos Lagos|0|Itaboraí; Cabuçú; Itambí; Porto das Caixas e Sambaetiba|Itaboraí|Metropolitana|2025-08-01|365
36554|72|8|2025|7|4|São Gonçalo|330490|Grande Niterói|0|0|0|0|3|0.0|3|3|0.0|58|10|2|29|27|21|1|49|16|2|1|0|0|0.0|0|0|0.0|5|73|38|20|3|50|2.0|100|213|0|1|2|191|8|0.0|7.0|1.0|46|52.0|0.0|14.0|0.0|63|7|1|0|0|0|1007|2025-08|Agosto|Grande Niterói e Região dos Lagos|0|São Gonçalo|São Gonçalo|Metropolitana|2025-08-01|365
36555|73|8|2025|7|4|São Gonçalo|330490|Grande Niterói|3|0|0|3|0|0.0|3|1|0.0|37|2|0|20|51|12|0|63|22|0|1|2|0|0.0|0|0|0.0|5|93|34|5|3|11|0.0|50|103|0|2|0|82|6|0.0|5.0|1.0|6|21.0|6.0|10.0|0.0|26|2|0|0|0|0|487|2025-08|Agosto|Grande Niterói e Região dos Lagos|0|Neves|São Gonçalo|Metropolitana|2025-08-01|365
36556|74|8|2025|7|4|São Gonçalo|330490|Grande Niterói|2|0|0|2|0|0.0|2|1|0.0|42|7|5|33|15|12|3|30|28|0|1|0|0|0.0|0|0|0.0|6|65|44|6|4|8|1.0|69|132|0|2|0|86|9|1.0|5.0|3.0|3|23.0|1.0|2.0|0.0|43|5|0|0|0|0|620|2025-08|Agosto|Grande Niterói e Região dos Lagos|0|Monjolo|São Gonçalo|Metropolitana|2025-08-01|365
36557|75|8|2025|7|4|São Gonçalo|330490|Grande Niterói|0|0|0|0|2|0.0|2|4|0.0|26|3|3|22|7|3|0|10|16|3|2|1|0|0.0|0|0|0.0|2|34|14|7|2|4|1.0|32|60|0|2|0|45|7|3.0|4.0|0.0|4|14.0|0.0|3.0|0.0|27|10|0|0|0|0|349|2025-08|Agosto|Grande Niterói e Região dos Lagos|0|Ipiiba e Sete Pontes|São Gonçalo|Metropolitana|2025-08-01|365
36558|76|8|2025|12|4|Niterói|330330|Grande Niterói|0|0|0|0|0|0.0|0|2|0.0|37|11|0|33|19|9|2|30|0|0|2|1|0|0.0|0|0|1.0|2|36|16|17|9|94|13.0|112|261|0|1|0|150|7|1.0|6.0|0.0|26|57.0|1.0|37.0|3.0|44|3|0|0|0|0|983|2025-08|Agosto|Grande Niterói e Região dos Lagos|0|Centro; Ponta da Areia; Ilha da Conceição; São Lourenço; Fátima; Morro do Estado; Ingá; São Domingos; Gragoatá e Boa Viagem|Niterói|Metropolitana|2025-08-01|365
36559|77|8|2025|12|4|Niterói|330330|Grande Niterói|0|0|0|0|0|0.0|0|0|0.0|26|5|1|24|4|7|2|13|0|0|0|1|0|0.0|0|0|1.0|2|17|1|6|4|40|27.0|109|187|0|1|1|162|3|0.0|3.0|0.0|4|19.0|2.0|6.0|1.0|30|0|0|0|0|0|739|2025-08|Agosto|Grande Niterói e Região dos Lagos|0|Santa Rosa; Icaraí; Vital Brasil; Pé Pequeno; Viradouro e Cubango|Niterói|Metropolitana|2025-08-01|365
36560|78|8|2025|12|4|Niterói|330330|Grande Niterói|1|0|0|1|0|0.0|1|1|1.0|26|1|7|20|11|7|4|22|10|0|2|0|0|0.0|0|0|0.0|2|36|14|4|1|28|1.0|79|127|0|2|0|93|12|0.0|7.0|5.0|10|22.0|0.0|6.0|0.0|23|1|0|0|0|0|561|2025-08|Agosto|Grande Niterói e Região dos Lagos|0|Fonseca; Viçoso Jardim; Caramujo; Baldeador; Santa Bárbara; Tenente Jardim; Engenhoca; Santana e Barreto|Niterói|Metropolitana|2025-08-01|365
36561|79|8|2025|12|4|Niterói|330330|Grande Niterói|0|0|0|0|0|0.0|0|0|0.0|27|4|2|14|3|0|0|3|2|0|1|0|0|0.0|0|0|0.0|0|6|6|2|2|14|0.0|29|53|0|0|0|62|8|1.0|7.0|0.0|2|12.0|2.0|4.0|0.0|25|2|0|0|0|0|300|2025-08|Agosto|Grande Niterói e Região dos Lagos|0|Jurujuba; Charitas; São Francisco; Cachoeiras; Maceió; Largo da Batalha; Ititioca; Badu; Sapê; Matapaca; Vila Progresso; Muriqui; Maria Paula e Cantagalo|Niterói|Metropolitana|2025-08-01|365
36562|81|8|2025|12|4|Niterói|330330|Grande Niterói|0|0|0|0|0|0.0|0|0|0.0|30|3|0|30|3|2|0|5|1|0|1|2|0|0.0|0|0|0.0|1|10|8|0|1|11|10.0|30|60|0|2|0|71|8|0.0|4.0|4.0|1|10.0|4.0|0.0|1.0|30|1|0|0|0|0|393|2025-08|Agosto|Grande Niterói e Região dos Lagos|0|Itaipu; Camboinhas; Itacoatiara; Piratininga; Cafubá; Jacaré; Rio do Ouro; Engenho do Mato; Várzea das Moças e Jardim Imbuí|Niterói|Metropolitana|2025-08-01|365
36563|82|8|2025|12|4|Maricá|330270|Grande Niterói|0|0|0|0|0|0.0|0|4|0.0|114|10|6|48|3|6|1|10|3|0|0|0|0|0.0|0|0|0.0|4|17|10|7|3|38|4.0|125|187|0|6|0|236|10|2.0|7.0|1.0|14|30.0|3.0|8.0|1.0|125|11|0|0|0|0|1202|2025-08|Agosto|Grande Niterói e Região dos Lagos|0|Maricá e Inoã|Maricá|Metropolitana|2025-08-01|365
36564|88|8|2025|10|5|Barra do Pirai|330030|Interior|1|0|0|1|0|0.0|1|1|0.0|27|5|2|6|0|0|0|0|0|0|2|0|0|0.0|0|0|0.0|0|2|2|0|0|19|0.0|26|47|0|1|0|26|54|22.0|14.0|19.0|3|30.0|1.0|13.0|1.0|37|0|0|0|0|0|382|2025-08|Agosto|Sul Fluminense|0|Barra do Piraí; Dorandia; Ipiabas; São José do Turvo e Vargem Alegre|Barra do Piraí|Médio Paraíba|2025-08-01|365
36565|89|8|2025|37|5|Resende|330420|Interior|2|0|0|2|0|0.0|2|3|0.0|40|5|0|14|1|0|0|1|0|1|0|0|0|0.0|0|0|0.0|2|4|1|1|3|3|1.0|34|43|0|3|0|113|48|9.0|36.0|3.0|2|88.0|13.0|13.0|1.0|37|4|0|0|0|0|530|2025-08|Agosto|Sul Fluminense|0|Resende; Engenheiro Passos; Agulhas Negras; Pedra Selada e Fumaça|Resende|Médio Paraíba|2025-08-01|365
36566|90|8|2025|28|5|Barra Mansa|330040|Interior|8|0|0|8|1|0.0|9|7|0.0|47|6|0|19|1|0|0|1|3|0|0|0|0|0.0|0|0|0.0|1|5|5|0|1|0|0.0|44|50|0|0|0|106|34|6.0|23.0|6.0|5|45.0|12.0|18.0|0.0|60|1|0|0|1|0|574|2025-08|Agosto|Sul Fluminense|1|Antonio Rocha; Floriano; Nossa Senhora do Amparo; Rialto e Regiões Administrativas I; II; III; IV; V; VI; VII; VIII; IX; X; XI; XII; XIII; XIV|Barra Mansa|Médio Paraíba|2025-08-01|365
36567|91|8|2025|10|5|Valença|330610|Interior|0|0|0|0|0|0.0|0|1|1.0|31|2|2|6|0|0|0|0|0|0|0|0|0|0.0|0|0|0.0|0|0|1|1|0|3|0.0|9|14|0|0|0|15|19|9.0|10.0|0.0|2|11.0|1.0|6.0|1.0|48|1|1|0|0|0|206|2025-08|Agosto|Sul Fluminense|0|Valença; Barão de Juparana; Conservatória; Parapeúna; Pentagna e Santa Isabel do Rio Preto|Valença|Médio Paraíba|2025-08-01|365
36568|92|8|2025|10|5|Rio das Flores|330450|Interior|0|0|0|0|0|0.0|0|0|0.0|3|0|0|0|0|0|0|0|0|0|0|0|0|0.0|0|0|0.0|0|0|0|0|0|0|0.0|2|2|0|0|0|7|2|1.0|1.0|0.0|0|1.0|0.0|2.0|0.0|8|0|0|0|0|0|34|2025-08|Agosto|Sul Fluminense|0|Rio das Flores; Manuel Duarte; Abarracamento e Taboas|Rio das Flores|Médio Paraíba|2025-08-01|365
36569|93|8|2025|28|5|Volta Redonda|330630|Interior|6|0|0|6|1|0.0|7|6|0.0|95|7|0|40|1|1|0|2|1|0|1|0|0|0.0|0|0|0.0|2|6|3|3|1|13|1.0|132|153|0|5|0|239|90|54.0|27.0|10.0|5|66.0|9.0|26.0|2.0|157|7|0|0|0|0|1456|2025-08|Agosto|Sul Fluminense|0|Volta Redonda|Volta Redonda|Médio Paraíba|2025-08-01|365
36570|94|8|2025|10|5|Piraí|330400|Interior|0|0|0|0|0|0.0|0|1|0.0|17|1|0|0|1|0|0|1|0|0|0|0|0|0.0|0|0|0.0|0|1|3|0|0|1|0.0|10|14|0|0|0|11|18|11.0|5.0|2.0|0|17.0|0.0|7.0|0.0|16|4|0|0|0|0|148|2025-08|Agosto|Sul Fluminense|0|Piraí; Arrozal; Monumento e Santanésia|Piraí|Médio Paraíba|2025-08-01|365
36571|95|8|2025|10|5|Vassouras|330620|Interior|0|0|0|0|0|0.0|0|0|0.0|12|2|1|6|0|0|0|0|0|0|0|0|0|0.0|0|0|0.0|0|0|0|0|1|2|0.0|2|5|0|1|0|19|27|16.0|7.0|6.0|0|10.0|0.0|1.0|0.0|27|0|0|0|0|0|121|2025-08|Agosto|Sul Fluminense|0|Vassouras; Andrade Pinto; São Sebastião dos Ferreiros e Sebastião de Lacerda|Vassouras|Centro-Sul Fluminense|2025-08-01|365
36572|96|8|2025|10|5|Miguel Pereira;Paty dos Alferes|999999|Interior|0|0|0|0|0|0.0|0|0|0.0|43|4|2|8|0|0|0|0|0|0|0|0|0|0.0|0|0|0.0|0|0|0|0|0|3|0.0|19|22|0|1|0|32|36|27.0|7.0|2.0|1|26.0|0.0|6.0|0.0|42|4|1|0|0|0|382|2025-08|Agosto|Sul Fluminense|0|Miguel Pereira; Governador Portela e Conrado|Miguel Pereira|Centro-Sul Fluminense|2025-08-01|365
36573|97|8|2025|10|5|Mendes|330280|Interior|0|0|0|0|0|0.0|0|0|0.0|9|1|0|1|0|0|0|0|0|0|0|0|0|0.0|0|0|0.0|0|0|0|0|0|1|0.0|3|4|0|0|0|4|13|9.0|3.0|1.0|0|4.0|0.0|1.0|0.0|16|0|0|0|0|0|100|2025-08|Agosto|Sul Fluminense|0|Mendes|Mendes|Centro-Sul Fluminense|2025-08-01|365
36574|98|8|2025|10|5|Engenheiro Paulo de Frontin|330180|Interior|0|0|0|0|0|0.0|0|0|0.0|2|2|0|0|0|0|0|0|0|0|0|0|0|0.0|0|0|0.0|0|0|1|0|0|0|0.0|2|3|0|0|0|5|5|5.0|0.0|0.0|1|2.0|0.0|1.0|0.0|2|1|0|0|0|0|43|2025-08|Agosto|Sul Fluminense|0|Engenheiro Paulo de Frontin e Sacra Família do Tinguá|Engenheiro Paulo de Frontin|Centro-Sul Fluminense|2025-08-01|365
36575|99|8|2025|37|5|Itatiaia|330225|Interior|2|0|0|2|0|0.0|2|0|0.0|13|1|4|1|0|0|0|0|0|0|0|0|0|0.0|0|0|0.0|0|0|0|0|0|0|1.0|14|15|0|2|0|13|10|3.0|5.0|3.0|0|12.0|1.0|5.0|2.0|13|0|1|0|0|0|145|2025-08|Agosto|Sul Fluminense|0|Itatiaia|Itatiaia|Médio Paraíba|2025-08-01|365
36576|100|8|2025|37|5|Porto Real;Quatis|999999|Interior|1|0|0|1|0|0.0|1|0|0.0|13|1|0|0|1|1|0|2|0|0|0|0|0|0.0|0|0|0.0|1|3|2|0|0|1|0.0|11|14|0|0|0|17|11|4.0|7.0|0.0|1|18.0|1.0|4.0|3.0|10|0|0|0|0|0|114|2025-08|Agosto|Sul Fluminense|0|Porto Real|Porto Real|Médio Paraíba|2025-08-01|365
36577|101|8|2025|28|5|Pinheiral|330395|Interior|0|0|0|0|0|0.0|0|0|0.0|12|0|0|8|0|0|0|0|0|0|0|0|0|0.0|0|0|0.0|0|0|2|0|0|2|1.0|6|11|0|0|0|16|12|4.0|2.0|6.0|1|12.0|1.0|5.0|0.0|17|0|0|0|0|0|118|2025-08|Agosto|Sul Fluminense|0|Pinheiral|Pinheiral|Médio Paraíba|2025-08-01|365
36578|104|8|2025|30|7|São José do Vale do Rio Preto|330515|Interior|0|0|0|0|0|0.0|0|0|0.0|11|1|0|4|0|0|0|0|0|0|0|0|0|0.0|0|0|0.0|0|0|0|0|0|2|0.0|9|11|0|0|0|6|12|11.0|1.0|0.0|0|3.0|0.0|3.0|0.0|21|1|0|0|0|0|93|2025-08|Agosto|Região Serrana|0|São José do Vale do Rio Preto|São José do Vale do Rio Preto|Serrana|2025-08-01|365
36579|105|8|2025|26|7|Petrópolis|330390|Interior|2|0|0|2|0|0.0|2|2|0.0|59|7|0|9|1|2|0|3|1|0|2|0|0|0.0|0|0|0.0|1|7|8|4|0|8|3.0|77|100|0|1|0|147|49|8.0|27.0|15.0|13|69.0|8.0|10.0|0.0|79|4|1|0|0|0|812|2025-08|Agosto|Região Serrana|0|Petrópolis e Cascatinha|Petrópolis|Metropolitana|2025-08-01|365
36580|106|8|2025|26|7|Petrópolis|330390|Interior|0|0|0|0|0|0.0|0|1|0.0|39|2|2|10|0|0|0|0|1|0|1|0|0|0.0|0|0|0.0|0|2|1|0|1|6|0.0|38|46|0|1|0|58|17|3.0|10.0|4.0|3|17.0|3.0|9.0|0.0|35|1|1|0|0|0|386|2025-08|Agosto|Região Serrana|0|Itaipava; Pedro do Rio e Posse|Petrópolis|Metropolitana|2025-08-01|365
36581|107|8|2025|38|7|Paraíba do Sul|330370|Interior|1|0|0|1|0|0.0|1|0|0.0|17|3|0|7|0|1|0|1|0|0|1|0|0|0.0|0|0|0.0|0|2|0|1|0|4|0.0|13|18|0|0|0|14|40|17.0|12.0|11.0|0|20.0|3.0|6.0|1.0|24|0|0|0|0|0|197|2025-08|Agosto|Região Serrana|0|Paraíba do Sul; Werneck; Salutaris e Inconfidência|Paraíba do Sul|Centro-Sul Fluminense|2025-08-01|365
36582|108|8|2025|38|7|Comendador Levy Gasparian;Areal;Três Rios|999999|Interior|1|0|0|1|0|0.0|1|2|0.0|50|4|0|12|3|1|0|4|2|0|1|0|0|0.0|0|0|0.0|0|7|1|3|0|20|3.0|31|58|0|1|0|58|72|40.0|16.0|16.0|7|45.0|4.0|21.0|3.0|76|1|0|0|0|0|610|2025-08|Agosto|Região Serrana|0|Areal|Areal|Centro-Sul Fluminense|2025-08-01|365
36583|109|8|2025|38|7|Sapucaia|330540|Interior|0|0|0|0|0|0.0|0|0|0.0|7|0|5|1|0|0|0|0|0|0|0|0|0|0.0|0|0|0.0|0|0|0|0|0|2|0.0|14|16|0|1|0|4|27|25.0|0.0|2.0|1|0.0|0.0|3.0|0.0|11|0|0|0|0|0|84|2025-08|Agosto|Região Serrana|0|Sapucaia; Anta; Pião; Nossa Senhora Aparecida e Jamapara|Sapucaia|Centro-Sul Fluminense|2025-08-01|365
36584|110|8|2025|30|7|Teresópolis|330580|Interior|1|0|0|1|0|0.0|1|6|2.0|58|15|1|18|0|0|0|0|0|0|0|0|0|0.0|0|0|0.0|0|0|2|5|0|3|1.0|48|59|0|1|0|134|107|41.0|33.0|34.0|5|54.0|15.0|18.0|0.0|92|4|0|0|0|0|827|2025-08|Agosto|Região Serrana|0|Teresópolis; Vale do Bonsucesso e Vale do Paquequer|Teresópolis|Serrana|2025-08-01|365
36585|111|8|2025|30|7|Sumidouro|330570|Interior|0|0|0|0|0|0.0|0|0|0.0|5|3|0|0|0|0|0|0|0|0|0|0|0|0.0|0|0|0.0|0|0|1|0|0|0|0.0|1|2|0|0|0|7|2|2.0|0.0|1.0|0|6.0|1.0|7.0|0.0|14|0|0|0|0|0|54|2025-08|Agosto|Região Serrana|0|Sumidouro|Sumidouro|Serrana|2025-08-01|365
36586|112|8|2025|30|7|Carmo|330120|Interior|0|0|0|0|0|0.0|0|0|0.0|10|0|0|0|0|0|0|0|0|0|0|0|0|0.0|0|0|0.0|0|0|0|0|0|1|0.0|5|6|0|0|0|6|5|2.0|3.0|1.0|0|10.0|0.0|1.0|0.0|5|10|0|0|0|0|69|2025-08|Agosto|Região Serrana|0|Carmo; Córrego da Prata e Porto Velho do Cunha|Carmo|Serrana|2025-08-01|365
36587|118|8|2025|25|4|Araruama|330020|Interior|1|0|0|1|0|0.0|1|1|0.0|26|6|2|16|3|0|0|3|1|0|2|0|0|0.0|0|0|0.0|4|10|8|3|0|4|2.0|52|69|0|4|0|104|39|3.0|24.0|12.0|5|36.0|18.0|11.0|0.0|47|2|0|0|0|0|543|2025-08|Agosto|Grande Niterói e Região dos Lagos|0|Araruama; Morro Grande e São Vicente de Paula|Araruama|Baixadas Litorâneas|2025-08-01|365
36588|119|8|2025|35|4|Rio Bonito|330430|Interior|0|0|0|0|0|0.0|0|0|1.0|15|2|1|6|0|1|0|1|0|0|0|0|0|0.0|0|0|0.0|0|1|8|0|1|0|2.0|9|20|0|1|0|27|16|2.0|13.0|2.0|1|23.0|2.0|9.0|0.0|19|0|0|0|0|0|207|2025-08|Agosto|Grande Niterói e Região dos Lagos|0|Rio Bonito e Boa Esperança|Rio Bonito|Metropolitana|2025-08-01|365
36589|120|8|2025|35|4|Silva Jardim|330560|Interior|0|0|0|0|0|0.0|0|2|0.0|10|3|0|3|0|0|0|0|1|0|0|0|0|0.0|0|0|0.0|0|1|3|0|0|1|0.0|5|9|0|0|0|6|0|0.0|0.0|0.0|1|0.0|0.0|2.0|0.0|13|0|0|0|0|0|68|2025-08|Agosto|Grande Niterói e Região dos Lagos|0|Silva Jardim; Aldeia Velha; Correntezas e Gaviões|Silva Jardim|Baixadas Litorâneas|2025-08-01|365
36590|121|8|2025|32|6|Casimiro de Abreu|330130|Interior|1|0|0|1|0|0.0|1|0|0.0|11|1|0|6|0|0|0|0|1|0|0|0|0|0.0|0|0|0.0|0|1|5|0|0|1|1.0|11|18|0|0|0|16|22|3.0|16.0|3.0|4|26.0|1.0|4.0|1.0|12|0|0|0|0|0|147|2025-08|Agosto|Norte Fluminense e Noroeste|0|Casimiro de Abreu; Professor Souza; Barra de São João e Rio Dourado|Casimiro de Abreu|Baixadas Litorâneas|2025-08-01|365
36591|122|8|2025|32|6|Conceição de Macabú|330140|Interior|0|0|0|0|0|0.0|0|0|0.0|11|0|0|1|0|0|0|0|0|0|1|0|0|0.0|0|0|0.0|0|1|0|0|0|0|0.0|3|3|0|0|0|10|2|0.0|1.0|1.0|2|0.0|1.0|0.0|0.0|5|0|0|0|0|0|57|2025-08|Agosto|Norte Fluminense e Noroeste|0|Conceição de Macabú e Macabuzinho|Conceição de Macabú|Norte Fluminense|2025-08-01|365
36592|123|8|2025|32|6|Macaé|330240|Interior|1|0|0|1|0|0.0|1|4|0.0|70|7|6|42|3|4|0|7|4|0|1|0|0|0.0|0|1|0.0|3|16|6|5|2|14|2.0|103|132|0|7|0|264|55|7.0|39.0|12.0|1|85.0|17.0|10.0|2.0|87|6|0|0|0|0|1106|2025-08|Agosto|Norte Fluminense e Noroeste|0|Centro; Cabiúnas; Barra de Macaé; Aeroporto e Imboassica|Macaé|Norte Fluminense|2025-08-01|365
36593|124|8|2025|25|4|Saquarema|330550|Interior|3|0|0|3|0|0.0|3|0|1.0|42|2|1|22|5|0|0|5|1|0|1|0|0|0.0|0|0|0.0|0|7|1|8|2|3|4.0|39|57|0|1|0|100|21|7.0|8.0|6.0|6|29.0|3.0|15.0|0.0|80|2|0|0|0|0|858|2025-08|Agosto|Grande Niterói e Região dos Lagos|0|Saquarema; Bacaxá e Sampaio Correia|Saquarema|Baixadas Litorâneas|2025-08-01|365
36594|125|8|2025|25|4|São Pedro da Aldeia|330520|Interior|3|0|0|3|0|0.0|3|2|0.0|21|7|2|9|3|4|0|7|4|0|2|1|0|0.0|0|0|0.0|1|15|4|1|0|1|2.0|22|30|0|3|0|54|27|5.0|16.0|6.0|4|33.0|1.0|10.0|1.0|33|1|0|0|0|0|321|2025-08|Agosto|Grande Niterói e Região dos Lagos|0|São Pedro da Aldeia|São Pedro da Aldeia|Baixadas Litorâneas|2025-08-01|365
36595|126|8|2025|25|4|Cabo Frio|330070|Interior|8|0|0|8|1|0.0|9|2|0.0|76|19|3|28|10|3|0|13|2|1|5|0|0|0.0|0|0|0.0|3|24|18|8|3|11|9.0|104|153|0|5|0|230|70|8.0|59.0|5.0|9|68.0|7.0|23.0|0.0|94|9|0|0|0|0|1159|2025-08|Agosto|Grande Niterói e Região dos Lagos|0|Cabo Frio e Tamoios|Cabo Frio|Baixadas Litorâneas|2025-08-01|365
36596|127|8|2025|25|4|Armação dos Búzios|330023|Interior|0|0|0|0|0|0.0|0|2|0.0|19|3|0|4|3|3|0|6|0|0|0|0|0|0.0|0|0|0.0|1|7|1|0|0|5|0.0|24|30|0|3|0|33|20|1.0|8.0|11.0|3|25.0|2.0|3.0|0.0|16|2|0|0|0|0|283|2025-08|Agosto|Grande Niterói e Região dos Lagos|0|Armação dos Búzios|Armação dos Búzios|Baixadas Litorâneas|2025-08-01|365
36597|128|8|2025|32|6|Rio das Ostras|330452|Interior|1|0|0|1|0|0.0|1|1|0.0|37|6|4|40|4|0|0|4|0|0|1|0|0|0.0|0|0|0.0|1|6|9|2|0|6|5.0|51|73|0|2|0|185|41|6.0|31.0|5.0|3|55.0|14.0|13.0|3.0|50|8|0|0|0|0|724|2025-08|Agosto|Norte Fluminense e Noroeste|0|Rio das Ostras|Rio das Ostras|Baixadas Litorâneas|2025-08-01|365
36598|129|8|2025|25|4|Iguaba Grande|330187|Interior|0|0|0|0|0|0.0|0|1|0.0|13|4|0|4|1|3|0|4|0|0|0|0|0|0.0|0|0|0.0|0|4|1|0|0|4|1.0|18|24|0|0|0|23|3|1.0|2.0|0.0|1|16.0|2.0|3.0|0.0|18|1|0|0|0|0|157|2025-08|Agosto|Grande Niterói e Região dos Lagos|0|Iguaba Grande|Iguaba Grande|Baixadas Litorâneas|2025-08-01|365
36599|130|8|2025|32|6|Quissamã;Carapebus|999999|Interior|0|0|0|0|0|0.0|0|0|0.0|10|1|0|9|0|0|0|0|0|0|0|0|0|0.0|0|0|0.0|0|0|0|0|0|0|1.0|11|12|0|0|0|9|12|4.0|7.0|1.0|0|7.0|6.0|1.0|0.0|15|3|0|0|0|0|105|2025-08|Agosto|Norte Fluminense e Noroeste|0|Centro; UB-S; Rodagem; Carapebus e Praia de Carapebus|Carapebus|Norte Fluminense|2025-08-01|365
36600|132|8|2025|25|4|Arraial do Cabo|330025|Interior|0|0|0|0|0|0.0|0|0|0.0|15|3|0|1|0|0|0|0|0|0|0|0|0|0.0|0|0|0.0|0|0|3|1|0|5|0.0|16|25|0|0|0|24|16|4.0|8.0|4.0|1|19.0|1.0|2.0|0.0|10|1|0|0|0|0|156|2025-08|Agosto|Grande Niterói e Região dos Lagos|0|Arraial do Cabo|Arraial do Cabo|Baixadas Litorâneas|2025-08-01|365
36601|134|8|2025|8|6|Campos dos Goytacazes|330100|Interior|2|0|0|2|0|0.0|2|4|1.0|83|11|12|29|13|3|0|16|3|0|3|5|0|0.0|0|0|0.0|2|29|7|14|5|73|19.0|145|263|0|6|0|232|95|55.0|12.0|28.0|17|114.0|6.0|22.0|1.0|135|7|0|0|0|0|1433|2025-08|Agosto|Norte Fluminense e Noroeste|0|Campos dos Goytacazes (Primeiro Subdistrito; Segundo Subdistrito e Quarto Subdistrito); Ibitioca; Dores de Macabu; Morangaba; Mussurepe; Serrinha; Santo Amaro de Campos; São Sebastião de Campos e Tocos|Campos dos Goytacazes|Norte Fluminense|2025-08-01|365
36602|135|8|2025|36|6|Itaocara|330210|Interior|0|0|0|0|0|0.0|0|0|0.0|3|1|1|2|0|0|0|0|0|0|1|0|0|0.0|0|0|0.0|0|1|0|1|0|1|0.0|4|6|0|0|0|17|8|3.0|5.0|0.0|2|8.0|1.0|1.0|0.0|13|0|0|0|0|0|93|2025-08|Agosto|Norte Fluminense e Noroeste|0|Itaocara; Portela; Batatal; Laranjais; Jaguarembe e Estrada Nova|Itaocara|Noroeste Fluminense|2025-08-01|365
36603|136|8|2025|36|6|Santo Antônio de Pádua;Aperibé|999999|Interior|0|0|0|0|0|0.0|0|0|0.0|30|6|0|3|0|0|0|0|0|0|0|0|0|0.0|0|0|0.0|1|1|2|0|0|0|1.0|4|7|0|1|0|25|65|27.0|15.0|24.0|2|17.0|1.0|4.0|0.0|31|1|0|0|0|0|223|2025-08|Agosto|Norte Fluminense e Noroeste|0|Aperibé|Aperibé|Noroeste Fluminense|2025-08-01|365
36604|137|8|2025|36|6|Miracema|330300|Interior|0|0|0|0|0|0.0|0|2|0.0|11|1|0|0|0|0|0|0|0|0|0|0|0|0.0|0|0|0.0|0|0|0|0|0|2|0.0|1|3|0|0|0|5|26|15.0|9.0|2.0|0|3.0|3.0|3.0|0.0|16|0|0|0|0|0|91|2025-08|Agosto|Norte Fluminense e Noroeste|0|Miracema; Venda das Flores e Paraíso do Tobias|Miracema|Noroeste Fluminense|2025-08-01|365
36605|138|8|2025|29|6|Laje do Muriaé|330230|Interior|1|0|0|1|0|0.0|1|0|0.0|3|0|0|0|0|0|0|0|0|0|0|0|0|0.0|0|0|0.0|0|0|0|0|0|4|0.0|2|6|0|0|0|2|6|2.0|0.0|4.0|2|1.0|0.0|0.0|0.0|1|1|0|0|0|0|27|2025-08|Agosto|Norte Fluminense e Noroeste|0|Laje do Muriaé|Laje do Muriaé|Noroeste Fluminense|2025-08-01|365
36606|139|8|2025|29|6|Porciúncula|330410|Interior|0|0|0|0|0|0.0|0|0|0.0|9|0|0|0|0|0|0|0|0|0|0|0|0|0.0|0|0|0.0|0|0|0|0|0|11|3.0|6|20|0|0|0|1|5|2.0|3.0|0.0|0|10.0|0.0|0.0|0.0|22|0|0|0|0|0|78|2025-08|Agosto|Norte Fluminense e Noroeste|0|Porciúncula; Purilândia e Santa Clara|Porciúncula|Noroeste Fluminense|2025-08-01|365
36607|140|8|2025|29|6|Natividade;Varre-Sai|999999|Interior|1|0|0|1|0|0.0|1|0|0.0|13|2|0|2|0|0|0|0|0|0|0|1|0|0.0|0|0|0.0|0|1|0|0|0|1|0.0|5|6|0|0|0|9|11|6.0|2.0|3.0|1|4.0|0.0|1.0|1.0|19|0|0|0|0|0|81|2025-08|Agosto|Norte Fluminense e Noroeste|0|Natividade; Ourania e Bom Jesus do Querendo|Natividade|Noroeste Fluminense|2025-08-01|365
36608|141|8|2025|8|6|São Fidélis|330480|Interior|2|0|0|2|0|0.0|2|0|0.0|9|1|3|4|0|0|0|0|0|0|0|1|0|0.0|0|0|0.0|0|1|0|0|0|1|1.0|14|16|0|0|0|29|3|3.0|0.0|0.0|0|6.0|0.0|2.0|2.0|14|0|0|0|0|0|147|2025-08|Agosto|Norte Fluminense e Noroeste|0|São Fidelis; Cambiasca; Colonia; Ipuca e Pureza|São Fidélis|Norte Fluminense|2025-08-01|365
36609|142|8|2025|36|6|Cambuci|330090|Interior|0|0|0|0|0|0.0|0|0|0.0|3|0|0|2|0|0|0|0|0|0|0|0|0|0.0|0|0|0.0|0|0|0|0|0|0|0.0|0|0|0|0|0|5|3|2.0|1.0|0.0|0|5.0|0.0|2.0|0.0|4|0|0|0|0|0|44|2025-08|Agosto|Norte Fluminense e Noroeste|0|Cambuci; Três Irmãos; Funil; Monte Verde e São João do Paraíso|Cambuci|Noroeste Fluminense|2025-08-01|365
36610|143|8|2025|29|6|Itaperuna;São José de Ubá|999999|Interior|7|0|0|7|0|0.0|7|6|0.0|25|5|1|4|0|0|0|0|0|0|2|1|0|0.0|0|0|0.0|0|3|1|1|0|1|2.0|32|37|0|1|0|69|56|25.0|18.0|13.0|3|34.0|1.0|18.0|0.0|43|0|0|0|0|0|408|2025-08|Agosto|Norte Fluminense e Noroeste|0|Itaperuna; Boaventura; Nossa Senhora da Penha; Itajara; Retiro do Muriaé; Raposo e Comendador Venâncio|Itaperuna|Noroeste Fluminense|2025-08-01|365
36611|144|8|2025|29|6|Bom Jesus de Itabapoana|330060|Interior|0|0|0|0|0|0.0|0|1|0.0|22|0|0|4|0|0|0|0|0|0|0|0|0|0.0|0|0|0.0|0|0|0|0|0|4|0.0|20|24|0|0|0|24|14|4.0|10.0|0.0|1|21.0|1.0|2.0|0.0|19|1|0|1|0|0|146|2025-08|Agosto|Norte Fluminense e Noroeste|0|Bom Jesus de Itabapoana; Carabuçú; Calheiros; Pirapetinga de Bom Jesus; Rosal e Serrinha|Bom Jesus de Itabapoana|Noroeste Fluminense|2025-08-01|365
36612|145|8|2025|8|6|São João da Barra|330500|Interior|2|0|0|2|0|0.0|2|1|0.0|17|4|0|2|0|0|0|0|0|0|0|1|0|0.0|0|0|0.0|1|2|0|0|0|3|1.0|10|14|0|0|0|23|23|7.0|9.0|8.0|0|14.0|1.0|1.0|0.0|11|0|0|0|0|0|154|2025-08|Agosto|Norte Fluminense e Noroeste|0|Barcelos; Atafona; São João da Barra; Grussaí; Cajueiro e Pipeiras|São João da Barra|Norte Fluminense|2025-08-01|365
36613|146|8|2025|8|6|Campos dos Goytacazes|330100|Interior|17|0|0|17|0|0.0|17|1|0.0|38|6|2|10|5|1|0|6|3|1|0|1|0|0.0|0|0|0.0|2|13|5|0|1|7|1.0|34|48|0|0|0|43|62|19.0|22.0|21.0|6|58.0|4.0|17.0|0.0|45|5|0|1|0|0|440|2025-08|Agosto|Norte Fluminense e Noroeste|0|Campos dos Goytacazes (Terceiro Subdistrito); Santa Maria; Morro do Coco; Santo Eduardo; Travessão e Vila Nova de Campos|Campos dos Goytacazes|Norte Fluminense|2025-08-01|365
36614|147|8|2025|8|6|São Francisco de Itabapoana|330475|Interior|2|0|0|2|0|0.0|2|0|1.0|10|0|1|3|1|1|0|2|6|0|1|2|0|0.0|0|0|0.0|0|11|1|0|0|0|0.0|13|14|0|1|0|22|23|4.0|11.0|9.0|5|17.0|5.0|5.0|0.0|6|1|1|0|0|0|143|2025-08|Agosto|Norte Fluminense e Noroeste|0|São Francisco de Itabapoana; Maniva e Barra Seca|São Francisco de Itabapoana|Norte Fluminense|2025-08-01|365
36615|148|8|2025|29|6|Cardoso Moreira;Italva|999999|Interior|1|0|0|1|0|0.0|1|0|0.0|11|0|0|0|0|0|0|0|0|0|0|0|0|0.0|0|0|0.0|0|0|1|0|0|1|0.0|7|9|0|0|0|8|29|12.0|3.0|15.0|1|10.0|0.0|0.0|0.0|14|0|0|0|0|0|95|2025-08|Agosto|Norte Fluminense e Noroeste|0|Italva|Italva|Noroeste Fluminense|2025-08-01|365
36616|151|8|2025|11|7|Nova Friburgo|330340|Interior|1|0|0|1|1|1.0|3|3|0.0|80|3|4|34|0|1|0|1|0|0|2|0|0|0.0|0|0|0.0|0|3|5|6|1|11|0.0|42|65|0|2|0|149|60|4.0|49.0|7.0|3|77.0|12.0|15.0|2.0|90|5|0|0|0|0|812|2025-08|Agosto|Região Serrana|0|Nova Friburgo; São Pedro da Serra; Lumiar; Amparo; Riograndina; Conselheiro Paulino e Campo do Coelho|Nova Friburgo|Serrana|2025-08-01|365
36617|152|8|2025|11|7|Duas Barras|330160|Interior|0|0|0|0|0|0.0|0|0|0.0|3|0|0|0|0|0|0|0|0|0|0|0|0|0.0|0|0|0.0|1|1|0|0|0|0|0.0|4|4|0|0|0|12|3|0.0|3.0|0.0|0|4.0|0.0|9.0|0.0|8|1|0|0|0|0|58|2025-08|Agosto|Região Serrana|0|Duas Barras e Monnerat|Duas Barras|Serrana|2025-08-01|365
36618|153|8|2025|11|7|Cantagalo|330110|Interior|0|0|0|0|0|0.0|0|0|0.0|5|1|0|1|0|0|0|0|0|0|0|1|0|0.0|0|0|0.0|0|1|0|1|1|1|0.0|5|8|0|0|0|10|3|2.0|2.0|0.0|0|2.0|0.0|0.0|0.0|14|0|0|0|0|0|76|2025-08|Agosto|Região Serrana|0|Cantagalo; Santa Rita da Floresta; Boa Sorte; Euclidelândia e São Sebastião do Paraíba|Cantagalo|Serrana|2025-08-01|365
36619|154|8|2025|11|7|Cordeiro;Macuco|999999|Interior|0|0|0|0|0|0.0|0|0|0.0|8|0|0|5|0|1|0|1|0|0|0|0|0|0.0|0|0|0.0|1|2|0|0|0|1|0.0|14|15|0|0|0|23|3|2.0|0.0|1.0|0|14.0|0.0|0.0|0.0|15|0|1|0|0|0|121|2025-08|Agosto|Região Serrana|0|Cordeiro|Cordeiro|Serrana|2025-08-01|365
36620|155|8|2025|36|6|São Sebastião do Alto|330530|Interior|0|0|0|0|0|0.0|0|0|0.0|2|0|0|0|0|0|0|0|0|0|0|0|0|0.0|0|0|0.0|0|0|0|0|0|0|0.0|0|0|0|0|0|0|1|0.0|1.0|0.0|0|4.0|0.0|0.0|0.0|7|0|0|0|0|0|15|2025-08|Agosto|Norte Fluminense e Noroeste|0|São Sebastião do Alto; Valão do Barro e Ipituna|São Sebastião do Alto|Serrana|2025-08-01|365
36621|156|8|2025|11|7|Santa Maria Madalena|330460|Interior|0|0|0|0|0|0.0|0|0|0.0|2|1|1|0|0|0|0|0|0|1|0|0|0|0.0|0|0|0.0|0|1|0|0|0|0|0.0|1|1|0|0|0|2|0|0.0|0.0|0.0|0|0.0|0.0|1.0|0.0|2|0|0|0|0|0|25|2025-08|Agosto|Região Serrana|0|Santa Maria Madalena; Doutor Loreti; Renascença; Santo Antônio do Imbé; Sossego e Triunfo|Santa Maria Madalena|Serrana|2025-08-01|365
36622|157|8|2025|11|7|Trajano de Morais|330590|Interior|1|0|0|1|0|0.0|1|0|0.0|4|2|0|0|0|0|0|0|0|0|0|0|0|0.0|0|0|0.0|1|1|0|0|0|1|0.0|1|2|0|0|0|5|0|0.0|0.0|0.0|0|0.0|0.0|1.0|0.0|2|0|0|0|0|0|25|2025-08|Agosto|Região Serrana|0|Trajano de Moraes; Doutor Elias; Sodrelândia; Vila da Grama e Visconde de Imbé|Trajano de Moraes|Serrana|2025-08-01|365
36623|158|8|2025|11|7|Bom Jardim|330050|Interior|0|0|0|0|0|0.0|0|0|0.0|1|0|0|6|0|0|0|0|0|0|0|0|0|0.0|0|0|0.0|0|0|0|0|0|0|0.0|1|1|0|0|0|7|8|4.0|2.0|2.0|0|2.0|0.0|0.0|0.0|9|0|0|0|0|0|54|2025-08|Agosto|Região Serrana|0|Bom Jardim; Banquete; Barra Alegre e São José do Ribeirão|Bom Jardim|Serrana|2025-08-01|365
36624|159|8|2025|35|4|Cachoeiras de Macacu|330080|Interior|1|0|0|1|0|0.0|1|0|1.0|19|3|2|1|0|0|0|0|0|0|1|0|0|0.0|0|0|0.0|1|2|2|2|0|2|0.0|10|16|0|0|0|23|6|1.0|3.0|2.0|4|10.0|1.0|5.0|0.0|16|0|0|0|0|0|148|2025-08|Agosto|Grande Niterói e Região dos Lagos|0|Cachoeiras de Macacu; Japuíba e Subaio|Cachoeiras de Macacu|Metropolitana|2025-08-01|365
36625|165|8|2025|33|5|Mangaratiba|330260|Interior|0|0|0|0|0|0.0|0|0|0.0|23|2|0|5|0|0|0|0|0|0|0|0|0|0.0|0|0|0.0|0|0|2|0|0|6|0.0|13|21|0|0|0|27|10|8.0|1.0|1.0|2|0.0|0.0|5.0|0.0|21|2|0|0|0|0|179|2025-08|Agosto|Sul Fluminense|0|Mangaratiba; Conceição de Jacareí; Vila Muriquí; Itacuruçá|Mangaratiba|Costa Verde|2025-08-01|365
36626|166|8|2025|33|5|Angra dos Reis|330010|Interior|3|0|0|3|1|0.0|4|1|0.0|70|5|0|19|1|0|1|2|0|0|1|0|0|0.0|0|0|0.0|0|3|11|1|0|7|0.0|35|54|0|6|0|98|34|12.0|19.0|5.0|3|35.0|9.0|11.0|3.0|63|8|0|0|0|0|595|2025-08|Agosto|Sul Fluminense|0|Angra dos Reis; Jacuecanga; Cunhambebe; Mambucaba; Abraão e Praia de Araçatiba|Angra dos Reis|Costa Verde|2025-08-01|365
36627|167|8|2025|43|5|Paraty|330380|Interior|1|0|0|1|0|0.0|1|0|0.0|6|0|3|9|0|0|0|0|0|0|0|0|0|0.0|0|0|0.0|0|0|1|0|0|8|0.0|20|29|0|1|0|29|26|6.0|18.0|3.0|2|24.0|4.0|3.0|0.0|13|2|0|1|0|0|234|2025-08|Agosto|Sul Fluminense|0|Paraty; Paraty-Mirim e Tarituba|Paraty|Costa Verde|2025-08-01|365
36628|168|8|2025|28|5|Rio Claro|330440|Interior|1|0|0|1|0|0.0|1|0|0.0|6|0|0|0|0|0|0|0|0|0|0|0|0|0.0|0|0|0.0|0|0|0|0|0|1|0.0|0|1|0|0|0|10|4|3.0|0.0|1.0|0|1.0|0.0|1.0|0.0|5|0|0|0|0|0|50|2025-08|Agosto|Sul Fluminense|0|Rio Claro; Getulândia; Lídice; Passa Três e São João Marcos|Rio Claro|Médio Paraíba|2025-08-01|365
36629|1|9|2025|5|1|Rio de Janeiro|330455|Capital|0|0|0|0|0|0.0|0|0|0.0|7|1|0|6|34|20|2|56|0|2|2|0|0|0.0|0|0|0.0|4|64|3|74|31|93|0.0|93|294|0|3|1|139|4|3.0|1.0|0.0|1|25.0|1.0|4.0|2.0|14|2|0|0|0|0|761|2025-09|Setembro|Capital (Zona Sul, Centro e parte da Norte)|0|Centro (parte)|Rio de Janeiro|Metropolitana|2025-09-01|365
36630|4|9|2025|5|1|Rio de Janeiro|330455|Capital|0|0|0|0|0|0.0|0|0|0.0|21|2|0|12|22|25|2|49|4|3|0|0|0|0.0|0|0|0.0|5|61|13|41|18|113|0.0|68|253|0|1|0|50|14|5.0|9.0|0.0|0|43.0|5.0|13.0|2.0|14|10|0|0|1|0|714|2025-09|Setembro|Capital (Zona Sul, Centro e parte da Norte)|1|Centro (parte); Gamboa; Santo Cristo e Saúde|Rio de Janeiro|Metropolitana|2025-09-01|365
36631|5|9|2025|5|1|Rio de Janeiro|330455|Capital|0|0|0|0|0|0.0|0|3|0.0|55|3|0|10|52|43|1|96|6|1|2|1|0|0.0|0|0|1.0|9|116|15|68|8|324|6.0|192|613|0|6|0|166|14|2.0|11.0|1.0|0|40.0|12.0|11.0|4.0|55|6|1|0|0|0|1370|2025-09|Setembro|Capital (Zona Sul, Centro e parte da Norte)|0|Centro (parte); Lapa e Paquetá|Rio de Janeiro|Metropolitana|2025-09-01|365
36632|6|9|2025|4|1|Rio de Janeiro|330455|Capital|1|0|0|1|0|0.0|1|0|0.0|24|2|2|42|16|18|3|37|11|0|0|0|0|0.0|0|0|0.0|5|53|10|16|20|84|3.0|82|215|0|3|0|56|4|0.0|4.0|0.0|11|17.0|8.0|7.0|4.0|24|2|1|0|0|0|604|2025-09|Setembro|Capital (Zona Sul, Centro e parte da Norte)|0|Catumbi; Cidade Nova; Estácio; Rio Comprido e Centro (parte)|Rio de Janeiro|Metropolitana|2025-09-01|365
36633|7|9|2025|5|1|Rio de Janeiro|330455|Capital|0|0|0|0|0|0.0|0|0|0.0|8|0|0|4|13|11|0|24|0|0|0|1|0|0.0|0|0|0.0|2|27|6|3|2|7|1.0|40|59|0|1|0|37|6|1.0|4.0|2.0|1|10.0|1.0|1.0|0.0|10|2|1|0|0|0|242|2025-09|Setembro|Capital (Zona Sul, Centro e parte da Norte)|0|Santa Teresa|Rio de Janeiro|Metropolitana|2025-09-01|365
36634|9|9|2025|2|1|Rio de Janeiro|330455|Capital|0|0|0|0|0|0.0|0|1|0.0|38|1|2|19|42|40|5|87|5|0|4|0|0|0.0|0|0|5.0|4|105|18|66|16|136|17.0|148|401|0|2|0|157|6|3.0|2.0|1.0|4|19.0|9.0|4.0|1.0|38|1|0|0|0|0|1132|2025-09|Setembro|Capital (Zona Sul, Centro e parte da Norte)|0|Catete; Cosme Velho; Flamengo; Glória e Laranjeiras|Rio de Janeiro|Metropolitana|2025-09-01|365
36635|10|9|2025|2|1|Rio de Janeiro|330455|Capital|0|0|0|0|0|0.0|0|0|0.0|27|4|0|32|34|36|3|73|4|1|3|0|0|0.0|0|0|1.0|10|92|14|32|35|141|18.0|205|445|0|7|0|124|12|9.0|4.0|0.0|4|25.0|13.0|10.0|6.0|30|2|0|0|0|0|1109|2025-09|Setembro|Capital (Zona Sul, Centro e parte da Norte)|0|Botafogo; Humaitá e Urca|Rio de Janeiro|Metropolitana|2025-09-01|365
36636|11|9|2025|23|1|Rio de Janeiro|330455|Capital|1|0|0|1|0|0.0|1|0|0.0|5|1|0|0|0|0|1|1|0|0|0|0|0|0.0|0|0|0.0|0|1|0|2|1|1|0.0|7|11|0|1|0|22|2|2.0|0.0|0.0|0|0.0|0.0|0.0|0.0|4|2|0|0|0|0|94|2025-09|Setembro|Capital (Zona Sul, Centro e parte da Norte)|0|Rocinha|Rio de Janeiro|Metropolitana|2025-09-01|365
36637|12|9|2025|19|1|Rio de Janeiro|330455|Capital|1|0|0|1|0|0.0|1|0|0.0|30|5|0|10|11|11|0|22|1|0|2|1|0|0.0|0|0|0.0|1|27|16|49|14|132|11.0|198|420|0|5|0|219|6|3.0|2.0|1.0|0|33.0|8.0|10.0|3.0|43|4|0|0|0|0|1104|2025-09|Setembro|Capital (Zona Sul, Centro e parte da Norte)|0|Copacabana (parte) e Leme|Rio de Janeiro|Metropolitana|2025-09-01|365
36638|13|9|2025|19|1|Rio de Janeiro|330455|Capital|1|0|1|2|0|0.0|2|0|0.0|17|0|2|7|10|4|0|14|0|0|4|1|0|0.0|0|0|0.0|1|20|7|15|3|53|9.0|124|211|0|2|0|76|1|0.0|1.0|0.0|1|15.0|2.0|2.0|1.0|19|2|0|0|0|0|533|2025-09|Setembro|Capital (Zona Sul, Centro e parte da Norte)|0|Copacabana (parte)|Rio de Janeiro|Metropolitana|2025-09-01|365
36639|14|9|2025|23|1|Rio de Janeiro|330455|Capital|0|0|0|0|0|0.0|0|1|0.0|17|3|0|14|12|15|1|28|0|0|2|0|0|0.0|0|1|0.0|2|33|26|45|5|206|34.0|251|567|0|2|0|193|3|2.0|1.0|0.0|1|15.0|1.0|3.0|0.0|22|8|1|0|0|0|1144|2025-09|Setembro|Capital (Zona Sul, Centro e parte da Norte)|0|Ipanema e Leblon|Rio de Janeiro|Metropolitana|2025-09-01|365
36640|15|9|2025|23|1|Rio de Janeiro|330455|Capital|0|0|0|0|0|0.0|0|1|0.0|12|0|0|13|9|5|2|16|1|0|1|0|0|0.0|0|0|1.0|3|22|5|15|14|84|6.0|86|210|0|1|0|126|5|3.0|2.0|0.0|2|20.0|2.0|5.0|2.0|24|5|2|0|0|0|676|2025-09|Setembro|Capital (Zona Sul, Centro e parte da Norte)|0|Gávea; Jardim Botânico; Lagoa; São Conrado e Vidigal|Rio de Janeiro|Metropolitana|2025-09-01|365
36641|16|9|2025|31|2|Rio de Janeiro|330455|Capital|5|0|0|5|1|1.0|7|3|1.0|59|6|5|52|48|45|5|98|8|0|5|0|0|0.0|0|0|1.0|19|131|31|18|29|153|10.0|280|521|0|4|0|467|16|11.0|5.0|1.0|5|48.0|20.0|19.0|12.0|92|5|1|0|0|0|2030|2025-09|Setembro|Capital (Zona Oeste e parte da Norte)|0|Barra da Tijuca; Itanhangá; Joá|Rio de Janeiro|Metropolitana|2025-09-01|365
36642|17|9|2025|4|1|Rio de Janeiro|330455|Capital|0|0|0|0|0|0.0|0|1|0.0|29|3|4|34|29|57|4|90|6|1|3|0|0|0.0|0|0|0.0|14|114|21|20|17|140|5.0|108|311|0|3|0|77|7|2.0|5.0|1.0|16|36.0|3.0|11.0|3.0|28|4|2|0|0|0|901|2025-09|Setembro|Capital (Zona Sul, Centro e parte da Norte)|0|Caju; Mangueira; São Cristóvão e Vasco da Gama|Rio de Janeiro|Metropolitana|2025-09-01|365
36643|18|9|2025|6|1|Rio de Janeiro|330455|Capital|0|0|0|0|0|0.0|0|3|0.0|44|0|0|38|38|120|6|164|14|0|14|0|0|0.0|0|0|0.0|13|205|11|27|26|299|2.0|180|545|0|4|0|92|2|0.0|1.0|1.0|2|37.0|7.0|3.0|4.0|47|4|0|0|0|0|1311|2025-09|Setembro|Capital (Zona Sul, Centro e parte da Norte)|0|Maracanã; Praça da Bandeira e Tijuca (parte)|Rio de Janeiro|Metropolitana|2025-09-01|365
36644|19|9|2025|6|1|Rio de Janeiro|330455|Capital|1|0|0|1|0|0.0|1|0|0.0|29|6|0|16|49|49|1|99|12|0|13|0|0|0.0|0|1|1.0|25|151|12|25|28|83|2.0|212|362|0|8|0|156|3|2.0|0.0|1.0|4|24.0|4.0|12.0|3.0|40|1|0|0|0|0|1140|2025-09|Setembro|Capital (Zona Sul, Centro e parte da Norte)|0|Alto da Boa Vista e Tijuca (parte)|Rio de Janeiro|Metropolitana|2025-09-01|365
36645|20|9|2025|6|1|Rio de Janeiro|330455|Capital|0|0|0|0|0|0.0|0|1|0.0|24|2|3|18|33|21|2|56|11|0|4|0|0|0.0|0|0|2.0|14|87|8|10|29|45|4.0|127|223|0|5|0|140|4|2.0|2.0|0.0|6|17.0|2.0|2.0|2.0|36|1|0|0|0|0|871|2025-09|Setembro|Capital (Zona Sul, Centro e parte da Norte)|0|Andaraí; Grajaú e Vila Isabel|Rio de Janeiro|Metropolitana|2025-09-01|365
36646|21|9|2025|22|1|Rio de Janeiro|330455|Capital|2|0|1|3|2|1.0|6|5|0.0|62|7|3|50|35|70|32|137|39|10|3|1|0|0.0|0|2|0.0|37|229|28|8|34|86|0.0|174|330|0|5|0|237|35|1.0|23.0|11.0|89|66.0|5.0|54.0|4.0|65|7|1|0|0|0|1589|2025-09|Setembro|Capital (Zona Sul, Centro e parte da Norte)|0|Benfica; Bonsucesso; Higienópolis; Manguinhos; Maré e Ramos|Rio de Janeiro|Metropolitana|2025-09-01|365
36647|22|9|2025|16|1|Rio de Janeiro|330455|Capital|0|0|0|0|1|1.0|2|1|0.0|39|3|4|30|21|21|9|51|11|5|4|0|0|0.0|0|0|0.0|8|79|21|7|8|26|2.0|94|158|0|5|0|112|8|0.0|6.0|2.0|16|30.0|0.0|1.0|2.0|51|6|0|0|0|0|820|2025-09|Setembro|Capital (Zona Sul, Centro e parte da Norte)|0|Brás de Pina (parte); Olaria; Penha e Penha Circular (parte)|Rio de Janeiro|Metropolitana|2025-09-01|365
36648|23|9|2025|3|1|Rio de Janeiro|330455|Capital|1|0|0|1|0|0.0|1|0|0.0|15|2|1|16|18|39|3|60|16|0|0|1|0|0.0|0|0|0.0|3|80|16|8|9|20|1.0|99|153|0|6|0|87|2|0.0|2.0|0.0|5|8.0|5.0|3.0|3.0|21|4|0|0|0|0|629|2025-09|Setembro|Capital (Zona Sul, Centro e parte da Norte)|0|Cachambi; Méier (parte) e Todos os Santos (parte)|Rio de Janeiro|Metropolitana|2025-09-01|365
36649|24|9|2025|3|1|Rio de Janeiro|330455|Capital|1|0|0|1|0|1.0|2|0|1.0|32|2|1|24|36|53|2|91|79|0|3|0|0|0.0|0|0|0.0|14|187|26|15|19|111|0.0|94|265|0|4|0|90|3|3.0|0.0|0.0|10|19.0|3.0|2.0|0.0|50|4|0|0|0|0|885|2025-09|Setembro|Capital (Zona Sul, Centro e parte da Norte)|0|Abolição; Água Santa (parte); Encantado; Engenho de Dentro (parte); Pilares e Piedade|Rio de Janeiro|Metropolitana|2025-09-01|365
36650|25|9|2025|3|1|Rio de Janeiro|330455|Capital|2|0|0|2|1|0.0|3|1|0.0|27|3|0|24|33|46|8|87|27|0|2|0|0|0.0|0|0|0.0|23|139|15|5|32|53|1.0|72|178|0|1|1|90|9|2.0|7.0|0.0|24|24.0|0.0|20.0|4.0|26|2|0|0|0|0|830|2025-09|Setembro|Capital (Zona Sul, Centro e parte da Norte)|0|Engenho Novo; Jacaré; Jacarezinho; Riachuelo; Rocha; Sampaio e São Francisco Xavier|Rio de Janeiro|Metropolitana|2025-09-01|365
36651|26|9|2025|3|1|Rio de Janeiro|330455|Capital|2|0|0|2|2|0.0|4|0|0.0|31|3|1|12|35|39|2|76|13|0|4|0|0|0.0|0|0|1.0|9|103|14|8|9|70|0.0|76|177|0|1|0|101|9|3.0|4.0|2.0|6|20.0|0.0|2.0|1.0|45|1|0|0|0|0|696|2025-09|Setembro|Capital (Zona Sul, Centro e parte da Norte)|0|Água Santa (parte); Engenho de Dentro (parte); Lins de Vasconcelos e Todos os Santos|Rio de Janeiro|Metropolitana|2025-09-01|365
36652|27|9|2025|41|2|Rio de Janeiro|330455|Capital|4|0|0|4|0|0.0|4|0|0.0|54|6|2|23|48|60|9|117|89|8|7|0|0|0.0|0|0|0.0|29|250|48|6|8|20|3.0|125|210|0|3|0|184|4|1.0|1.0|2.0|34|43.0|2.0|12.0|2.0|62|6|1|0|0|0|1189|2025-09|Setembro|Capital (Zona Oeste e parte da Norte)|0|Colégio (parte); Irajá; Vicente de Carvalho; Vila Kosmos; Vila da Penha e Vista Alegre|Rio de Janeiro|Metropolitana|2025-09-01|365
36653|28|9|2025|18|2|Rio de Janeiro|330455|Capital|3|0|0|3|2|0.0|5|2|0.0|25|1|2|16|27|26|0|53|32|0|4|2|0|0.0|0|0|0.0|9|100|8|4|13|26|3.0|54|108|0|3|0|120|2|0.0|2.0|0.0|9|18.0|0.0|1.0|0.0|32|5|0|0|0|0|675|2025-09|Setembro|Capital (Zona Oeste e parte da Norte)|0|Vila Valqueire; Praça Seca e Tanque (parte)|Rio de Janeiro|Metropolitana|2025-09-01|365
36654|29|9|2025|9|2|Rio de Janeiro|330455|Capital|0|0|0|0|3|0.0|3|2|0.0|46|4|3|34|92|63|16|171|127|4|2|0|0|0.0|0|1|0.0|18|323|30|51|37|59|3.0|157|337|0|6|0|193|6|1.0|2.0|3.0|83|25.0|8.0|10.0|0.0|62|6|0|0|0|0|1436|2025-09|Setembro|Capital (Zona Oeste e parte da Norte)|0|Cavalcanti; Engenheiro Leal; Madureira; Turiaçu; Vaz Lobo; Oswaldo Cruz (parte); Cascadura e Quintino Bocaiúva|Rio de Janeiro|Metropolitana|2025-09-01|365
36655|30|9|2025|9|2|Rio de Janeiro|330455|Capital|4|0|1|5|0|0.0|5|4|0.0|43|3|2|27|40|43|1|84|44|1|3|0|0|0.0|0|0|1.0|9|142|21|8|6|29|1.0|57|122|0|2|0|146|2|1.0|0.0|1.0|11|12.0|2.0|9.0|0.0|68|7|0|0|0|0|819|2025-09|Setembro|Capital (Zona Oeste e parte da Norte)|0|Bento Ribeiro; Campinho; Marechal Hermes e Oswaldo Cruz (parte)|Rio de Janeiro|Metropolitana|2025-09-01|365
36656|31|9|2025|41|2|Rio de Janeiro|330455|Capital|5|0|0|5|0|0.0|5|1|0.0|57|0|1|14|22|47|2|71|56|4|0|2|0|0.0|0|0|0.0|9|142|29|2|5|17|0.0|29|82|0|2|0|100|4|0.0|3.0|1.0|39|9.0|3.0|1.0|1.0|29|2|0|0|0|0|605|2025-09|Setembro|Capital (Zona Oeste e parte da Norte)|0|Anchieta; Guadalupe; Parque Anchieta e Ricardo de Albuquerque|Rio de Janeiro|Metropolitana|2025-09-01|365
36657|32|9|2025|18|2|Rio de Janeiro|330455|Capital|14|0|1|15|3|0.0|18|10|0.0|109|15|2|81|58|45|17|120|67|3|7|2|0|0.0|0|1|0.0|23|223|30|19|43|104|13.0|204|413|0|15|1|470|15|6.0|10.0|0.0|63|60.0|0.0|17.0|3.0|170|11|0|0|0|0|2375|2025-09|Setembro|Capital (Zona Oeste e parte da Norte)|0|Anil; Cidade de Deus; Curicica; Gardênia Azul; Jacarepaguá e Taquara|Rio de Janeiro|Metropolitana|2025-09-01|365
36658|33|9|2025|14|2|Rio de Janeiro|330455|Capital|5|1|0|6|0|0.0|6|4|0.0|73|4|3|68|22|37|0|59|48|4|1|0|0|0.0|0|0|1.0|11|124|34|5|5|21|2.0|45|112|0|2|0|101|8|1.0|6.0|1.0|36|44.0|2.0|9.0|1.0|75|8|1|0|0|0|942|2025-09|Setembro|Capital (Zona Oeste e parte da Norte)|0|Campo dos Afonsos; Deodoro; Jardim Sulacap; Magalhães Bastos; Realengo e Vila Militar|Rio de Janeiro|Metropolitana|2025-09-01|365
36659|34|9|2025|14|2|Rio de Janeiro|330455|Capital|7|0|0|7|6|0.0|13|15|0.0|116|8|2|32|47|48|9|104|35|9|4|0|0|0.0|1|0|1.0|14|168|24|8|4|19|2.0|68|125|0|4|0|142|31|2.0|12.0|17.0|51|80.0|5.0|44.0|0.0|66|9|0|0|0|0|1124|2025-09|Setembro|Capital (Zona Oeste e parte da Norte)|0|Bangu; Gericinó; Padre Miguel e Senador Camará|Rio de Janeiro|Metropolitana|2025-09-01|365
36660|35|9|2025|40|2|Rio de Janeiro|330455|Capital|3|0|0|3|1|0.0|4|1|0.0|206|20|12|77|57|54|5|116|53|7|8|2|0|0.0|0|1|0.0|22|209|69|13|14|69|6.0|307|478|0|9|0|362|8|5.0|3.0|0.0|33|118.0|4.0|23.0|1.0|221|22|1|0|0|0|2567|2025-09|Setembro|Capital (Zona Oeste e parte da Norte)|0|Campo Grande; Cosmos; Inhoaíba; Santíssimo e Senador Vasconcelos|Rio de Janeiro|Metropolitana|2025-09-01|365
36661|36|9|2025|27|2|Rio de Janeiro|330455|Capital|5|0|0|5|0|0.0|5|3|1.0|139|18|5|30|19|20|2|41|12|3|0|1|0|0.0|0|1|0.0|2|60|22|10|8|21|5.0|68|134|0|6|0|184|2|2.0|0.0|0.0|19|30.0|0.0|13.0|0.0|130|22|1|0|0|0|1162|2025-09|Setembro|Capital (Zona Oeste e parte da Norte)|0|Paciência e Santa Cruz|Rio de Janeiro|Metropolitana|2025-09-01|365
36662|37|9|2025|17|1|Rio de Janeiro|330455|Capital|3|0|0|3|1|0.0|4|4|0.0|68|2|2|32|6|4|1|11|6|0|1|0|0|0.0|0|0|0.0|3|21|18|3|5|29|4.0|83|142|0|1|0|119|45|1.0|7.0|37.0|15|32.0|2.0|10.0|0.0|51|3|0|0|0|0|848|2025-09|Setembro|Capital (Zona Sul, Centro e parte da Norte)|0|Bancários; Cacuia; Cidade Universitária; Cocotá; Freguesia; Galeão; Jardim Carioca; Jardim Guanabara; Moneró; Pitangueiras; Portuguesa; Praia da Bandeira; Ribeira; Tauá e Zumbi|Rio de Janeiro|Metropolitana|2025-09-01|365
36663|38|9|2025|16|1|Rio de Janeiro|330455|Capital|1|0|0|1|0|0.0|1|4|0.0|25|6|3|24|26|35|6|67|55|3|1|0|0|0.0|0|0|0.0|18|144|15|6|9|15|1.0|69|115|0|5|0|151|8|2.0|6.0|0.0|36|20.0|6.0|12.0|5.0|40|5|0|0|0|0|831|2025-09|Setembro|Capital (Zona Sul, Centro e parte da Norte)|0|Brás de Pina (parte); Cordovil; Jardim América; Parada de Lucas;Penha Circular (parte) e Vigário Geral|Rio de Janeiro|Metropolitana|2025-09-01|365
36664|39|9|2025|41|2|Rio de Janeiro|330455|Capital|13|0|0|13|2|0.0|15|1|0.0|57|10|0|28|55|35|27|117|76|4|0|0|0|0.0|0|0|0.0|18|215|18|5|6|19|2.0|80|130|0|1|0|145|10|0.0|8.0|2.0|95|25.0|0.0|9.0|2.0|63|12|0|0|1|0|1006|2025-09|Setembro|Capital (Zona Oeste e parte da Norte)|1|Acari; Barros Filho; Costa Barros; Parque Colúmbia e Pavuna|Rio de Janeiro|Metropolitana|2025-09-01|365
36665|40|9|2025|9|2|Rio de Janeiro|330455|Capital|1|0|0|1|1|0.0|2|0|0.0|37|3|0|5|44|78|9|131|78|3|3|1|0|0.0|0|0|0.0|25|241|17|8|4|18|2.0|61|110|0|5|0|91|4|0.0|2.0|2.0|23|22.0|2.0|4.0|2.0|27|5|0|0|0|0|701|2025-09|Setembro|Capital (Zona Oeste e parte da Norte)|0|Coelho Neto; Colégio (parte); Honório Gurgel e Rocha Miranda|Rio de Janeiro|Metropolitana|2025-09-01|365
36666|41|9|2025|18|2|Rio de Janeiro|330455|Capital|0|0|0|0|1|0.0|1|1|0.0|29|2|0|28|17|22|0|39|14|0|4|0|0|0.0|0|0|0.0|3|60|13|2|15|21|3.0|82|136|0|1|0|157|5|0.0|4.0|1.0|7|34.0|1.0|5.0|0.0|38|3|0|0|0|0|712|2025-09|Setembro|Capital (Zona Oeste e parte da Norte)|0|Freguesia (Jacarepaguá); Pechincha e Tanque (parte)|Rio de Janeiro|Metropolitana|2025-09-01|365
36667|42|9|2025|31|2|Rio de Janeiro|330455|Capital|8|0|0|8|0|0.0|8|1|0.0|72|4|1|49|33|22|5|60|21|2|6|0|0|0.0|0|0|0.0|10|99|48|14|19|67|7.0|128|283|0|6|0|307|39|27.0|5.0|7.0|10|34.0|8.0|12.0|0.0|76|3|0|0|0|0|1335|2025-09|Setembro|Capital (Zona Oeste e parte da Norte)|0|Recreio dos Bandeirantes; Barra de Guaratiba; Camorim; Grumari; Vargem Grande e Vargem Pequena|Rio de Janeiro|Metropolitana|2025-09-01|365
36668|43|9|2025|27|2|Rio de Janeiro|330455|Capital|4|0|0|4|0|0.0|4|1|0.0|88|12|3|36|15|27|1|43|5|1|0|0|0|0.0|0|0|0.0|5|54|11|4|2|13|1.0|39|70|0|4|0|113|5|0.0|5.0|0.0|16|19.0|3.0|13.0|3.0|121|10|1|0|0|0|699|2025-09|Setembro|Capital (Zona Oeste e parte da Norte)|0|Guaratiba; Pedra de Guaratiba e Sepetiba|Rio de Janeiro|Metropolitana|2025-09-01|365
36669|44|9|2025|3|1|Rio de Janeiro|330455|Capital|2|0|0|2|0|0.0|2|0|0.0|25|1|3|17|44|32|6|82|42|4|2|4|0|0.0|0|0|0.0|13|147|23|14|8|25|0.0|78|148|0|0|2|88|12|3.0|8.0|1.0|10|33.0|2.0|8.0|0.0|29|4|0|0|0|0|802|2025-09|Setembro|Capital (Zona Sul, Centro e parte da Norte)|0|Del Castilho; Engenho da Rainha; Inhaúma; Maria da Graça e Tomás Coelho|Rio de Janeiro|Metropolitana|2025-09-01|365
36670|48|9|2025|24|3|Seropédica|330555|Baixada Fluminense|1|0|0|1|0|0.0|1|2|0.0|22|8|4|7|1|2|0|3|4|1|1|1|0|0.0|0|0|0.0|1|11|3|0|0|6|2.0|19|30|0|0|1|33|4|2.0|2.0|0.0|5|15.0|0.0|5.0|0.0|30|4|0|0|0|0|293|2025-09|Setembro|Baixada Fluminense|0|Seropédica|Seropédica|Metropolitana|2025-09-01|365
36671|50|9|2025|24|3|Itaguaí|330200|Baixada Fluminense|1|0|0|1|0|0.0|1|1|0.0|39|6|5|14|7|2|0|9|1|0|0|0|0|0.0|0|0|0.0|2|12|14|2|1|2|4.0|53|76|0|4|0|72|8|6.0|4.0|0.0|10|7.0|1.0|9.0|1.0|45|7|1|0|0|0|464|2025-09|Setembro|Baixada Fluminense|0|Itaguaí e Ibituporanga|Itaguaí|Metropolitana|2025-09-01|365
36672|51|9|2025|24|3|Paracambi|330360|Baixada Fluminense|0|0|0|0|0|0.0|0|2|0.0|26|1|1|7|1|0|0|1|0|0|0|0|0|0.0|0|0|0.0|0|1|5|0|0|0|0.0|11|16|0|1|0|22|29|23.0|3.0|3.0|2|9.0|1.0|6.0|0.0|26|1|0|0|0|0|183|2025-09|Setembro|Baixada Fluminense|0|Paracambi|Paracambi|Metropolitana|2025-09-01|365
36673|52|9|2025|20|3|Nova Iguaçu|330350|Baixada Fluminense|0|0|0|0|0|0.0|0|0|0.0|87|8|2|47|38|56|6|100|54|2|5|0|0|0.0|1|1|1.0|10|174|59|15|3|38|3.0|137|255|0|5|0|157|5|4.0|1.0|0.0|16|48.0|5.0|21.0|0.0|105|11|1|0|0|0|1236|2025-09|Setembro|Baixada Fluminense|0|Centro|Nova Iguaçu|Metropolitana|2025-09-01|365
36674|53|9|2025|20|3|Mesquita|330285|Baixada Fluminense|3|0|0|3|1|0.0|4|1|0.0|63|7|1|15|68|24|0|92|18|6|2|0|0|0.0|0|0|0.0|5|123|20|7|3|12|2.0|43|87|0|6|0|91|16|2.0|11.0|3.0|13|43.0|1.0|7.0|1.0|77|5|0|0|0|0|688|2025-09|Setembro|Baixada Fluminense|0|Mesquita; Chatuba e Banco de Areia|Mesquita|Metropolitana|2025-09-01|365
36675|54|9|2025|39|3|Belford Roxo|330045|Baixada Fluminense|8|0|0|8|1|0.0|9|7|0.0|154|23|2|40|66|61|6|133|52|4|5|2|0|1.0|0|0|0.0|10|207|33|5|1|11|1.0|61|112|0|8|4|236|29|3.0|24.0|2.0|40|67.0|11.0|31.0|0.0|169|8|0|0|0|0|1453|2025-09|Setembro|Baixada Fluminense|0|Areia Branca; Jardim Redentor; Parque São José; Nova Aurora e Lote XV|Belford Roxo|Metropolitana|2025-09-01|365
36676|55|9|2025|24|3|Queimados|330414|Baixada Fluminense|2|0|0|2|2|0.0|4|2|0.0|54|14|1|19|12|11|2|25|3|0|0|1|0|0.0|0|0|0.0|0|29|5|6|1|7|3.0|43|65|0|4|0|83|9|3.0|4.0|2.0|13|32.0|0.0|14.0|0.0|63|6|0|0|0|0|528|2025-09|Setembro|Baixada Fluminense|0|Centro; Norte; Sul. Leste; Oeste e Nordeste|Queimados|Metropolitana|2025-09-01|365
36677|56|9|2025|20|3|Nova Iguaçu|330350|Baixada Fluminense|9|0|0|9|0|0.0|9|2|1.0|93|11|0|20|35|40|3|78|38|0|1|1|0|0.0|0|0|0.0|3|121|19|5|0|13|2.0|58|97|0|2|0|132|10|1.0|10.0|0.0|10|43.0|3.0|14.0|1.0|104|8|0|0|0|0|794|2025-09|Setembro|Baixada Fluminense|0|Comendador Soares; Cabuçú e Km32|Nova Iguaçu|Metropolitana|2025-09-01|365
36678|57|9|2025|20|3|Nilópolis|330320|Baixada Fluminense|1|0|0|1|0|0.0|1|0|0.0|49|2|1|13|26|28|1|55|19|0|2|0|0|0.0|0|1|0.0|11|88|30|6|2|39|3.0|88|168|0|3|0|127|6|2.0|3.0|1.0|15|20.0|2.0|11.0|0.0|80|3|0|0|0|0|792|2025-09|Setembro|Baixada Fluminense|0|Nilópolis e Olinda|Nilópolis|Metropolitana|2025-09-01|365
36679|58|9|2025|20|3|Nova Iguaçu|330350|Baixada Fluminense|6|0|0|6|1|0.0|7|11|0.0|142|13|9|45|50|69|0|119|41|5|3|6|0|0.0|0|1|1.0|12|188|25|2|2|15|2.0|59|105|0|5|0|199|8|4.0|4.0|0.0|14|36.0|0.0|18.0|0.0|150|16|1|0|0|0|1260|2025-09|Setembro|Baixada Fluminense|0|Posse; Austin; Miguel Couto; Vila de Cava e Tinguá|Nova Iguaçu|Metropolitana|2025-09-01|365
36680|59|9|2025|15|3|Duque de Caxias|330170|Baixada Fluminense|4|0|0|4|5|0.0|9|17|0.0|130|10|1|42|116|109|7|232|72|20|11|1|0|0.0|1|1|0.0|22|360|54|39|9|39|0.0|196|337|0|5|0|218|17|3.0|14.0|0.0|70|64.0|3.0|25.0|0.0|155|10|1|1|0|0|1857|2025-09|Setembro|Baixada Fluminense|0|Duque de Caxias (Centro)|Duque de Caxias|Metropolitana|2025-09-01|365
36681|60|9|2025|15|3|Duque de Caxias|330170|Baixada Fluminense|4|0|1|5|1|0.0|6|8|0.0|68|7|4|32|35|30|5|70|94|18|4|2|0|0.0|0|0|0.0|22|210|12|4|3|8|1.0|41|69|0|5|0|175|8|0.0|8.0|0.0|33|28.0|3.0|16.0|1.0|101|13|0|0|0|0|1004|2025-09|Setembro|Baixada Fluminense|0|Campos Elyseos|Duque de Caxias|Metropolitana|2025-09-01|365
36682|61|9|2025|15|3|Duque de Caxias|330170|Baixada Fluminense|2|0|0|2|0|0.0|2|3|0.0|14|3|1|6|0|0|0|0|6|1|0|0|0|0.0|0|0|0.0|0|7|5|0|0|2|1.0|7|15|0|1|0|24|3|3.0|0.0|0.0|5|4.0|0.0|3.0|0.0|25|2|0|0|0|0|161|2025-09|Setembro|Baixada Fluminense|0|Xerém|Duque de Caxias|Metropolitana|2025-09-01|365
36683|62|9|2025|15|3|Duque de Caxias|330170|Baixada Fluminense|2|0|0|2|0|0.0|2|2|0.0|39|5|1|12|21|13|0|34|51|7|1|1|0|0.0|0|0|0.0|4|98|13|2|2|6|2.0|31|56|0|1|0|63|7|0.0|6.0|1.0|13|27.0|0.0|5.0|0.0|44|6|1|0|0|0|460|2025-09|Setembro|Baixada Fluminense|0|Imbariê|Duque de Caxias|Metropolitana|2025-09-01|365
36684|63|9|2025|24|3|Japeri|330227|Baixada Fluminense|4|0|0|4|0|0.0|4|3|0.0|32|3|2|4|4|0|0|4|5|1|0|0|0|0.0|0|0|0.0|0|10|2|2|0|3|0.0|15|22|0|2|0|46|12|1.0|8.0|3.0|10|22.0|0.0|16.0|1.0|25|2|1|0|0|0|271|2025-09|Setembro|Baixada Fluminense|0|Japeri; Engenheiro Pedreira; Marajoara; Pedra Lisa e Rio D`Ouro|Japeri|Metropolitana|2025-09-01|365
36685|64|9|2025|21|3|São João de Meriti|330510|Baixada Fluminense|5|0|1|6|4|1.0|11|33|1.0|133|8|2|69|66|55|12|133|69|23|3|2|0|0.0|0|0|1.0|39|270|76|10|0|45|1.0|136|268|0|3|0|320|34|0.0|29.0|5.0|60|98.0|3.0|23.0|1.0|158|12|2|0|0|0|1814|2025-09|Setembro|Baixada Fluminense|0|São João de Meriti; Coelho da Rocha e São Mateus|São João de Meriti|Metropolitana|2025-09-01|365
36686|65|9|2025|34|3|Magé|330250|Baixada Fluminense|1|0|0|1|0|0.0|1|5|2.0|44|2|1|6|8|2|0|10|6|2|2|0|0|0.0|0|0|0.0|1|21|7|5|0|5|3.0|32|52|0|0|0|45|20|4.0|13.0|3.0|0|29.0|0.0|4.0|0.0|35|3|1|0|0|0|324|2025-09|Setembro|Baixada Fluminense|0|Magé; Santo Aleixo e Suruí|Magé|Metropolitana|2025-09-01|365
36687|66|9|2025|34|3|Magé|330250|Baixada Fluminense|0|0|0|0|0|0.0|0|4|1.0|80|2|1|23|9|1|0|10|9|0|1|2|0|0.0|0|0|0.0|1|23|9|5|3|9|4.0|50|80|0|2|0|115|23|19.0|4.0|0.0|5|20.0|3.0|10.0|0.0|111|9|0|0|0|0|616|2025-09|Setembro|Baixada Fluminense|0|Inhomirim e Guia de Copaíba|Magé|Metropolitana|2025-09-01|365
36688|67|9|2025|34|3|Guapimirim|330185|Baixada Fluminense|2|0|0|2|0|0.0|2|1|0.0|39|3|3|19|1|0|0|1|1|0|0|0|0|0.0|0|0|0.0|0|2|3|0|0|9|1.0|17|30|0|2|0|43|17|13.0|0.0|4.0|1|4.0|0.0|6.0|0.0|42|1|0|0|0|0|306|2025-09|Setembro|Baixada Fluminense|0|Guapimirim|Guapimirim|Metropolitana|2025-09-01|365
36689|70|9|2025|35|4|Tanguá|330575|Interior|1|0|0|1|0|0.0|1|0|0.0|13|1|1|0|1|0|0|1|0|0|0|0|0|0.0|0|0|1.0|2|4|2|0|0|2|0.0|6|10|0|0|0|10|5|1.0|2.0|2.0|1|3.0|1.0|4.0|0.0|11|1|0|0|0|0|107|2025-09|Setembro|Grande Niterói e Região dos Lagos|0|Tanguá|Tanguá|Metropolitana|2025-09-01|365
36690|71|9|2025|35|4|Itaboraí|330190|Interior|4|0|0|4|1|0.0|5|3|0.0|43|2|5|28|7|3|1|11|12|2|2|0|0|0.0|0|0|0.0|1|28|23|1|3|9|1.0|50|87|0|4|0|126|30|16.0|12.0|2.0|15|33.0|2.0|12.0|0.0|42|6|1|0|0|0|648|2025-09|Setembro|Grande Niterói e Região dos Lagos|0|Itaboraí; Cabuçú; Itambí; Porto das Caixas e Sambaetiba|Itaboraí|Metropolitana|2025-09-01|365
36691|72|9|2025|7|4|São Gonçalo|330490|Grande Niterói|2|0|0|2|1|0.0|3|0|0.0|52|8|1|19|32|13|4|49|20|0|2|1|0|0.0|0|0|0.0|8|80|33|22|6|41|2.0|137|241|0|5|1|160|20|2.0|14.0|5.0|38|39.0|1.0|4.0|0.0|65|2|0|0|0|0|964|2025-09|Setembro|Grande Niterói e Região dos Lagos|0|São Gonçalo|São Gonçalo|Metropolitana|2025-09-01|365
36692|73|9|2025|7|4|São Gonçalo|330490|Grande Niterói|1|0|0|1|0|0.0|1|2|0.0|46|3|1|5|27|8|1|36|11|1|1|0|0|0.0|0|0|0.0|3|52|46|3|1|9|0.0|45|104|0|3|0|79|9|1.0|8.0|0.0|13|24.0|2.0|18.0|3.0|31|5|0|0|0|0|520|2025-09|Setembro|Grande Niterói e Região dos Lagos|0|Neves|São Gonçalo|Metropolitana|2025-09-01|365
36693|74|9|2025|7|4|São Gonçalo|330490|Grande Niterói|5|0|1|6|0|0.0|6|5|1.0|60|7|5|27|31|14|2|47|23|1|1|0|0|0.0|0|0|0.0|4|76|29|5|3|24|1.0|61|123|0|2|0|93|13|2.0|8.0|3.0|8|23.0|2.0|12.0|0.0|48|4|0|0|0|0|652|2025-09|Setembro|Grande Niterói e Região dos Lagos|0|Monjolo|São Gonçalo|Metropolitana|2025-09-01|365
36694|75|9|2025|7|4|São Gonçalo|330490|Grande Niterói|2|0|0|2|0|0.0|2|1|0.0|40|5|1|17|4|3|1|8|17|1|1|0|0|0.0|0|0|0.0|3|30|20|5|4|8|0.0|25|62|0|2|0|78|16|3.0|12.0|1.0|7|15.0|0.0|1.0|0.0|25|3|0|0|0|0|385|2025-09|Setembro|Grande Niterói e Região dos Lagos|0|Ipiiba e Sete Pontes|São Gonçalo|Metropolitana|2025-09-01|365
36695|76|9|2025|12|4|Niterói|330330|Grande Niterói|0|0|0|0|0|0.0|0|0|0.0|44|2|1|23|14|8|0|22|2|0|2|0|0|0.0|0|0|0.0|1|27|4|18|8|73|10.0|103|216|0|4|0|150|3|0.0|3.0|0.0|18|37.0|0.0|28.0|2.0|45|5|0|0|0|0|875|2025-09|Setembro|Grande Niterói e Região dos Lagos|0|Centro; Ponta da Areia; Ilha da Conceição; São Lourenço; Fátima; Morro do Estado; Ingá; São Domingos; Gragoatá e Boa Viagem|Niterói|Metropolitana|2025-09-01|365
36696|77|9|2025|12|4|Niterói|330330|Grande Niterói|0|0|0|0|0|0.0|0|0|0.0|44|6|2|25|7|2|0|9|0|0|1|0|0|0.0|0|0|1.0|2|13|8|6|4|34|29.0|116|197|0|2|0|176|6|0.0|3.0|3.0|2|20.0|0.0|7.0|0.0|47|3|0|0|0|0|847|2025-09|Setembro|Grande Niterói e Região dos Lagos|0|Santa Rosa; Icaraí; Vital Brasil; Pé Pequeno; Viradouro e Cubango|Niterói|Metropolitana|2025-09-01|365
36697|78|9|2025|12|4|Niterói|330330|Grande Niterói|2|0|0|2|1|0.0|3|2|0.0|38|4|3|23|7|5|2|14|8|1|2|1|0|0.0|0|0|0.0|4|30|14|5|4|19|2.0|128|172|0|1|0|122|14|1.0|9.0|4.0|8|38.0|2.0|5.0|1.0|37|4|0|0|0|0|684|2025-09|Setembro|Grande Niterói e Região dos Lagos|0|Fonseca; Viçoso Jardim; Caramujo; Baldeador; Santa Bárbara; Tenente Jardim; Engenhoca; Santana e Barreto|Niterói|Metropolitana|2025-09-01|365
36698|79|9|2025|12|4|Niterói|330330|Grande Niterói|0|0|0|0|0|0.0|0|4|0.0|26|2|5|15|3|1|1|5|3|1|0|0|0|0.0|0|0|0.0|1|10|3|1|0|9|2.0|27|42|0|2|0|48|2|1.0|0.0|1.0|3|10.0|1.0|3.0|1.0|21|3|0|0|0|0|302|2025-09|Setembro|Grande Niterói e Região dos Lagos|0|Jurujuba; Charitas; São Francisco; Cachoeiras; Maceió; Largo da Batalha; Ititioca; Badu; Sapê; Matapaca; Vila Progresso; Muriqui; Maria Paula e Cantagalo|Niterói|Metropolitana|2025-09-01|365
36699|81|9|2025|12|4|Niterói|330330|Grande Niterói|1|0|0|1|0|0.0|1|3|0.0|29|5|2|30|3|3|1|7|1|0|1|0|0|0.0|0|0|0.0|1|10|12|2|6|6|13.0|47|86|0|3|0|80|6|0.0|5.0|1.0|4|14.0|1.0|11.0|0.0|35|1|0|0|0|0|472|2025-09|Setembro|Grande Niterói e Região dos Lagos|0|Itaipu; Camboinhas; Itacoatiara; Piratininga; Cafubá; Jacaré; Rio do Ouro; Engenho do Mato; Várzea das Moças e Jardim Imbuí|Niterói|Metropolitana|2025-09-01|365
36700|82|9|2025|12|4|Maricá|330270|Grande Niterói|3|0|0|3|0|1.0|4|1|2.0|109|8|3|41|9|2|0|11|2|0|0|1|0|0.0|0|0|0.0|0|14|9|2|4|23|1.0|100|139|0|4|0|166|14|1.0|10.0|3.0|13|42.0|2.0|15.0|0.0|123|9|0|0|0|0|1108|2025-09|Setembro|Grande Niterói e Região dos Lagos|0|Maricá e Inoã|Maricá|Metropolitana|2025-09-01|365
36701|88|9|2025|10|5|Barra do Pirai|330030|Interior|2|0|0|2|0|0.0|2|0|0.0|34|5|5|9|0|0|0|0|0|0|0|0|0|0.0|0|0|0.0|0|0|1|1|0|14|1.0|14|31|0|0|0|23|52|22.0|12.0|18.0|1|26.0|1.0|12.0|1.0|25|2|0|0|0|0|340|2025-09|Setembro|Sul Fluminense|0|Barra do Piraí; Dorandia; Ipiabas; São José do Turvo e Vargem Alegre|Barra do Piraí|Médio Paraíba|2025-09-01|365
36702|89|9|2025|37|5|Resende|330420|Interior|3|0|0|3|1|0.0|4|0|0.0|53|6|2|15|0|0|0|0|0|0|1|0|0|0.0|0|0|0.0|0|1|4|0|0|16|3.0|36|59|0|2|0|78|30|8.0|18.0|4.0|4|42.0|6.0|10.0|3.0|52|2|1|0|0|0|609|2025-09|Setembro|Sul Fluminense|0|Resende; Engenheiro Passos; Agulhas Negras; Pedra Selada e Fumaça|Resende|Médio Paraíba|2025-09-01|365
36703|90|9|2025|28|5|Barra Mansa|330040|Interior|9|0|0|9|0|0.0|9|4|0.0|44|5|0|8|0|0|0|0|0|0|0|0|0|0.0|0|0|0.0|0|0|2|2|0|2|0.0|36|42|0|2|0|127|36|4.0|24.0|9.0|3|43.0|2.0|14.0|2.0|66|4|1|0|0|0|628|2025-09|Setembro|Sul Fluminense|0|Antonio Rocha; Floriano; Nossa Senhora do Amparo; Rialto e Regiões Administrativas I; II; III; IV; V; VI; VII; VIII; IX; X; XI; XII; XIII; XIV|Barra Mansa|Médio Paraíba|2025-09-01|365
36704|91|9|2025|10|5|Valença|330610|Interior|0|0|0|0|0|0.0|0|4|0.0|25|5|2|4|0|0|0|0|0|0|1|0|0|0.0|0|0|0.0|1|2|0|0|0|5|0.0|15|20|0|0|0|30|23|14.0|9.0|0.0|0|19.0|3.0|8.0|1.0|46|0|0|0|0|0|241|2025-09|Setembro|Sul Fluminense|0|Valença; Barão de Juparana; Conservatória; Parapeúna; Pentagna e Santa Isabel do Rio Preto|Valença|Médio Paraíba|2025-09-01|365
36705|92|9|2025|10|5|Rio das Flores|330450|Interior|0|0|0|0|0|0.0|0|0|0.0|4|1|0|0|0|0|0|0|0|0|0|0|0|0.0|0|0|0.0|0|0|0|0|0|0|0.0|4|4|0|0|0|7|5|1.0|3.0|1.0|1|5.0|2.0|1.0|0.0|8|0|0|0|0|0|50|2025-09|Setembro|Sul Fluminense|0|Rio das Flores; Manuel Duarte; Abarracamento e Taboas|Rio das Flores|Médio Paraíba|2025-09-01|365
36706|93|9|2025|28|5|Volta Redonda|330630|Interior|5|0|0|5|0|0.0|5|12|0.0|88|5|2|28|2|3|0|5|2|0|1|1|0|0.0|0|0|0.0|0|9|4|3|1|6|2.0|157|173|0|11|0|234|85|53.0|25.0|7.0|4|72.0|8.0|11.0|3.0|157|4|0|0|0|0|1433|2025-09|Setembro|Sul Fluminense|0|Volta Redonda|Volta Redonda|Médio Paraíba|2025-09-01|365
36707|94|9|2025|10|5|Piraí|330400|Interior|3|0|0|3|0|0.0|3|2|0.0|19|4|0|5|0|0|0|0|0|0|0|0|0|0.0|0|0|0.0|0|0|1|0|0|1|1.0|7|10|0|1|0|9|15|6.0|5.0|4.0|1|15.0|0.0|2.0|0.0|22|3|0|0|0|0|130|2025-09|Setembro|Sul Fluminense|0|Piraí; Arrozal; Monumento e Santanésia|Piraí|Médio Paraíba|2025-09-01|365
36708|95|9|2025|10|5|Vassouras|330620|Interior|0|0|0|0|0|0.0|0|0|0.0|16|0|6|10|0|0|0|0|0|0|0|0|0|0.0|0|0|0.0|1|1|1|0|0|1|0.0|6|8|0|1|0|22|12|6.0|4.0|2.0|1|14.0|0.0|3.0|0.0|25|0|0|0|0|0|137|2025-09|Setembro|Sul Fluminense|0|Vassouras; Andrade Pinto; São Sebastião dos Ferreiros e Sebastião de Lacerda|Vassouras|Centro-Sul Fluminense|2025-09-01|365
36709|96|9|2025|10|5|Miguel Pereira;Paty dos Alferes|999999|Interior|1|0|0|1|0|0.0|1|2|0.0|24|3|1|9|0|0|0|0|0|0|1|0|0|0.0|0|0|0.0|0|1|1|0|0|3|0.0|18|22|0|2|0|35|29|23.0|2.0|4.0|0|23.0|0.0|2.0|0.0|44|1|1|0|0|0|356|2025-09|Setembro|Sul Fluminense|0|Miguel Pereira; Governador Portela e Conrado|Miguel Pereira|Centro-Sul Fluminense|2025-09-01|365
36710|97|9|2025|10|5|Mendes|330280|Interior|0|0|0|0|0|0.0|0|0|0.0|12|0|0|3|0|0|0|0|0|0|0|0|0|0.0|0|0|0.0|0|0|0|1|0|0|0.0|2|3|0|1|0|12|7|4.0|3.0|0.0|0|9.0|0.0|3.0|0.0|17|1|0|0|0|0|106|2025-09|Setembro|Sul Fluminense|0|Mendes|Mendes|Centro-Sul Fluminense|2025-09-01|365
36711|98|9|2025|10|5|Engenheiro Paulo de Frontin|330180|Interior|1|0|0|1|0|0.0|1|0|0.0|5|0|1|1|0|0|0|0|0|0|0|0|0|0.0|0|0|0.0|0|0|0|0|0|1|0.0|1|2|0|0|0|1|9|5.0|3.0|1.0|0|3.0|0.0|1.0|0.0|9|3|0|0|0|0|54|2025-09|Setembro|Sul Fluminense|0|Engenheiro Paulo de Frontin e Sacra Família do Tinguá|Engenheiro Paulo de Frontin|Centro-Sul Fluminense|2025-09-01|365
36712|99|9|2025|37|5|Itatiaia|330225|Interior|1|0|0|1|1|0.0|2|0|0.0|11|1|1|3|0|0|0|0|0|0|0|0|0|0.0|0|0|0.0|0|0|1|0|0|1|0.0|11|13|0|0|0|12|19|4.0|8.0|7.0|0|11.0|1.0|2.0|1.0|12|0|0|0|0|0|140|2025-09|Setembro|Sul Fluminense|0|Itatiaia|Itatiaia|Médio Paraíba|2025-09-01|365
36713|100|9|2025|37|5|Porto Real;Quatis|999999|Interior|1|0|0|1|0|0.0|1|0|0.0|9|0|0|4|0|0|0|0|0|0|0|0|0|0.0|0|0|0.0|1|1|0|0|0|1|1.0|12|14|0|0|0|18|10|1.0|9.0|0.0|1|17.0|2.0|3.0|0.0|11|0|0|0|0|0|112|2025-09|Setembro|Sul Fluminense|0|Porto Real|Porto Real|Médio Paraíba|2025-09-01|365
36714|101|9|2025|28|5|Pinheiral|330395|Interior|0|0|0|0|0|0.0|0|0|0.0|10|1|0|4|0|0|0|0|0|0|0|0|0|0.0|0|0|0.0|0|0|0|0|0|1|0.0|5|6|0|0|0|12|7|3.0|2.0|2.0|0|3.0|1.0|2.0|0.0|7|1|0|0|0|0|91|2025-09|Setembro|Sul Fluminense|0|Pinheiral|Pinheiral|Médio Paraíba|2025-09-01|365
36715|104|9|2025|30|7|São José do Vale do Rio Preto|330515|Interior|0|0|0|0|0|0.0|0|0|0.0|6|2|0|1|0|0|0|0|0|0|0|0|0|0.0|0|0|0.0|0|0|1|0|0|0|0.0|11|12|0|0|0|6|15|12.0|3.0|0.0|0|7.0|1.0|0.0|0.0|13|0|0|0|0|0|83|2025-09|Setembro|Região Serrana|0|São José do Vale do Rio Preto|São José do Vale do Rio Preto|Serrana|2025-09-01|365
36716|105|9|2025|26|7|Petrópolis|330390|Interior|1|1|1|3|0|0.0|3|5|1.0|76|7|1|20|3|4|0|7|0|0|2|1|0|0.0|0|0|0.0|2|12|5|4|1|5|1.0|77|93|0|2|0|146|50|13.0|23.0|15.0|8|52.0|9.0|25.0|1.0|72|6|1|0|0|0|841|2025-09|Setembro|Região Serrana|0|Petrópolis e Cascatinha|Petrópolis|Metropolitana|2025-09-01|365
36717|106|9|2025|26|7|Petrópolis|330390|Interior|1|0|0|1|0|0.0|1|0|0.0|32|4|1|15|0|1|0|1|4|0|1|0|0|0.0|0|0|0.0|0|6|0|1|1|7|0.0|25|34|0|1|0|65|13|1.0|9.0|4.0|5|27.0|2.0|8.0|1.0|56|1|0|0|0|0|407|2025-09|Setembro|Região Serrana|0|Itaipava; Pedro do Rio e Posse|Petrópolis|Metropolitana|2025-09-01|365
36718|107|9|2025|38|7|Paraíba do Sul|330370|Interior|0|0|0|0|0|0.0|0|1|0.0|24|0|0|1|0|0|0|0|0|0|0|0|0|0.0|0|0|0.0|0|0|0|0|0|1|0.0|16|17|0|0|0|22|32|14.0|9.0|9.0|1|13.0|2.0|5.0|1.0|36|1|0|0|0|0|176|2025-09|Setembro|Região Serrana|0|Paraíba do Sul; Werneck; Salutaris e Inconfidência|Paraíba do Sul|Centro-Sul Fluminense|2025-09-01|365
36719|108|9|2025|38|7|Comendador Levy Gasparian;Areal;Três Rios|999999|Interior|3|0|0|3|1|0.0|4|4|0.0|55|3|0|5|1|1|0|2|1|0|0|1|0|0.0|0|0|0.0|1|5|3|1|0|5|2.0|36|47|0|0|0|55|104|62.0|34.0|8.0|5|57.0|7.0|16.0|1.0|75|2|0|0|0|0|606|2025-09|Setembro|Região Serrana|0|Areal|Areal|Centro-Sul Fluminense|2025-09-01|365
36720|109|9|2025|38|7|Sapucaia|330540|Interior|0|0|0|0|0|0.0|0|0|0.0|14|1|3|5|0|0|0|0|0|0|0|0|0|0.0|0|0|0.0|0|0|1|0|0|3|0.0|7|11|0|0|0|13|13|10.0|2.0|1.0|0|2.0|0.0|2.0|0.0|7|0|0|0|0|0|86|2025-09|Setembro|Região Serrana|0|Sapucaia; Anta; Pião; Nossa Senhora Aparecida e Jamapara|Sapucaia|Centro-Sul Fluminense|2025-09-01|365
36721|110|9|2025|30|7|Teresópolis|330580|Interior|3|0|0|3|0|0.0|3|2|2.0|63|9|1|36|0|1|0|1|1|0|0|0|0|0.0|0|0|0.0|0|2|1|1|0|11|1.0|45|59|0|2|0|112|99|42.0|32.0|26.0|4|50.0|8.0|24.0|1.0|63|12|0|0|0|0|914|2025-09|Setembro|Região Serrana|0|Teresópolis; Vale do Bonsucesso e Vale do Paquequer|Teresópolis|Serrana|2025-09-01|365
36722|111|9|2025|30|7|Sumidouro|330570|Interior|0|0|0|0|0|0.0|0|0|0.0|4|0|0|0|0|0|0|0|0|0|0|0|0|0.0|0|0|0.0|0|0|0|0|0|0|0.0|6|6|0|2|0|6|4|3.0|2.0|0.0|1|1.0|0.0|3.0|0.0|6|0|0|0|0|0|49|2025-09|Setembro|Região Serrana|0|Sumidouro|Sumidouro|Serrana|2025-09-01|365
36723|112|9|2025|30|7|Carmo|330120|Interior|0|0|0|0|0|0.0|0|0|0.0|6|1|0|2|0|0|0|0|0|0|0|0|0|0.0|0|0|0.0|0|0|0|0|0|0|0.0|3|3|0|0|0|8|14|4.0|8.0|2.0|0|10.0|4.0|11.0|2.0|11|1|0|0|0|0|91|2025-09|Setembro|Região Serrana|0|Carmo; Córrego da Prata e Porto Velho do Cunha|Carmo|Serrana|2025-09-01|365
36724|118|9|2025|25|4|Araruama|330020|Interior|2|0|0|2|0|0.0|2|2|0.0|45|10|1|29|3|2|0|5|2|0|0|0|0|0.0|0|0|0.0|0|7|14|3|0|2|0.0|42|61|0|3|0|112|28|3.0|22.0|3.0|7|34.0|20.0|7.0|1.0|67|3|0|0|0|0|604|2025-09|Setembro|Grande Niterói e Região dos Lagos|0|Araruama; Morro Grande e São Vicente de Paula|Araruama|Baixadas Litorâneas|2025-09-01|365
36725|119|9|2025|35|4|Rio Bonito|330430|Interior|1|0|0|1|0|0.0|1|1|0.0|16|1|3|6|1|1|0|2|2|0|0|0|0|0.0|0|0|0.0|0|4|10|1|1|7|1.0|18|38|0|0|0|22|18|3.0|11.0|4.0|4|18.0|2.0|10.0|1.0|27|0|0|0|0|0|243|2025-09|Setembro|Grande Niterói e Região dos Lagos|0|Rio Bonito e Boa Esperança|Rio Bonito|Metropolitana|2025-09-01|365
36726|120|9|2025|35|4|Silva Jardim|330560|Interior|3|0|0|3|0|1.0|4|1|0.0|5|0|0|1|0|0|0|0|0|0|0|0|0|0.0|0|0|0.0|0|0|0|0|0|0|0.0|3|3|0|1|0|5|6|1.0|3.0|2.0|3|6.0|0.0|4.0|0.0|11|0|1|0|0|0|79|2025-09|Setembro|Grande Niterói e Região dos Lagos|0|Silva Jardim; Aldeia Velha; Correntezas e Gaviões|Silva Jardim|Baixadas Litorâneas|2025-09-01|365
36727|121|9|2025|32|6|Casimiro de Abreu|330130|Interior|0|0|0|0|0|0.0|0|0|0.0|8|3|0|4|0|3|0|3|0|0|0|0|0|0.0|0|0|0.0|1|4|5|0|0|1|4.0|13|23|0|0|0|13|10|1.0|8.0|1.0|0|18.0|0.0|6.0|0.0|19|2|0|0|0|0|143|2025-09|Setembro|Norte Fluminense e Noroeste|0|Casimiro de Abreu; Professor Souza; Barra de São João e Rio Dourado|Casimiro de Abreu|Baixadas Litorâneas|2025-09-01|365
36728|122|9|2025|32|6|Conceição de Macabú|330140|Interior|1|0|0|1|0|0.0|1|0|0.0|2|0|0|0|0|0|0|0|0|0|0|0|0|0.0|0|0|0.0|0|0|0|0|0|0|0.0|1|1|0|0|0|17|3|1.0|0.0|2.0|0|2.0|0.0|1.0|0.0|7|0|0|0|0|0|54|2025-09|Setembro|Norte Fluminense e Noroeste|0|Conceição de Macabú e Macabuzinho|Conceição de Macabú|Norte Fluminense|2025-09-01|365
36729|123|9|2025|32|6|Macaé|330240|Interior|1|2|0|3|0|0.0|3|9|0.0|75|8|8|46|3|0|0|3|2|0|0|0|0|0.0|0|0|0.0|1|6|9|6|3|9|2.0|71|100|0|9|0|251|61|7.0|42.0|13.0|10|77.0|25.0|20.0|2.0|103|4|0|0|0|0|1110|2025-09|Setembro|Norte Fluminense e Noroeste|0|Centro; Cabiúnas; Barra de Macaé; Aeroporto e Imboassica|Macaé|Norte Fluminense|2025-09-01|365
36730|124|9|2025|25|4|Saquarema|330550|Interior|5|0|0|5|0|0.0|5|2|0.0|45|5|3|23|1|0|0|1|1|0|0|1|0|0.0|0|0|0.0|0|3|0|1|0|6|4.0|37|48|0|3|0|77|18|4.0|9.0|5.0|3|17.0|3.0|9.0|0.0|57|1|0|0|0|0|632|2025-09|Setembro|Grande Niterói e Região dos Lagos|0|Saquarema; Bacaxá e Sampaio Correia|Saquarema|Baixadas Litorâneas|2025-09-01|365
36731|125|9|2025|25|4|São Pedro da Aldeia|330520|Interior|2|0|0|2|0|0.0|2|0|0.0|26|6|2|10|0|1|0|1|1|0|0|0|0|0.0|0|0|0.0|1|3|7|2|1|5|0.0|25|40|0|0|0|58|24|4.0|17.0|4.0|5|22.0|8.0|13.0|0.0|39|1|0|0|0|0|312|2025-09|Setembro|Grande Niterói e Região dos Lagos|0|São Pedro da Aldeia|São Pedro da Aldeia|Baixadas Litorâneas|2025-09-01|365
36732|126|9|2025|25|4|Cabo Frio|330070|Interior|6|0|0|6|1|0.0|7|10|0.0|66|15|1|23|9|3|2|14|4|0|2|3|0|0.0|0|1|1.0|4|29|13|8|4|16|5.0|104|150|0|10|0|215|72|8.0|64.0|1.0|10|78.0|16.0|13.0|2.0|96|6|1|0|0|0|1231|2025-09|Setembro|Grande Niterói e Região dos Lagos|0|Cabo Frio e Tamoios|Cabo Frio|Baixadas Litorâneas|2025-09-01|365
36733|127|9|2025|25|4|Armação dos Búzios|330023|Interior|0|0|0|0|0|0.0|0|0|0.0|22|4|0|7|3|2|0|5|0|0|1|0|0|0.0|0|0|0.0|1|7|3|0|0|6|1.0|17|27|0|1|0|32|33|9.0|14.0|12.0|3|31.0|3.0|1.0|0.0|37|2|0|0|0|0|296|2025-09|Setembro|Grande Niterói e Região dos Lagos|0|Armação dos Búzios|Armação dos Búzios|Baixadas Litorâneas|2025-09-01|365
36734|128|9|2025|32|6|Rio das Ostras|330452|Interior|1|0|0|1|0|1.0|2|2|0.0|46|5|1|41|8|4|0|12|1|0|1|0|0|0.0|0|0|0.0|3|17|16|2|1|8|5.0|74|106|0|3|0|124|33|1.0|25.0|8.0|10|52.0|11.0|14.0|2.0|73|4|0|0|0|0|666|2025-09|Setembro|Norte Fluminense e Noroeste|0|Rio das Ostras|Rio das Ostras|Baixadas Litorâneas|2025-09-01|365
36735|129|9|2025|25|4|Iguaba Grande|330187|Interior|0|0|0|0|0|0.0|0|0|0.0|9|2|0|8|0|0|0|0|0|0|0|0|0|0.0|0|0|0.0|0|0|1|0|0|1|1.0|19|22|0|0|0|13|2|0.0|2.0|0.0|0|8.0|1.0|2.0|0.0|21|1|0|0|0|0|118|2025-09|Setembro|Grande Niterói e Região dos Lagos|0|Iguaba Grande|Iguaba Grande|Baixadas Litorâneas|2025-09-01|365
36736|130|9|2025|32|6|Quissamã;Carapebus|999999|Interior|1|0|0|1|0|0.0|1|0|0.0|11|3|2|4|0|0|0|0|0|0|0|0|0|0.0|0|0|0.0|0|0|0|0|1|1|0.0|3|5|0|1|0|13|17|3.0|13.0|3.0|0|14.0|0.0|1.0|0.0|13|0|1|0|0|0|109|2025-09|Setembro|Norte Fluminense e Noroeste|0|Centro; UB-S; Rodagem; Carapebus e Praia de Carapebus|Carapebus|Norte Fluminense|2025-09-01|365
36737|132|9|2025|25|4|Arraial do Cabo|330025|Interior|0|0|0|0|0|0.0|0|0|0.0|11|2|0|6|0|0|0|0|0|0|0|0|0|0.0|0|0|0.0|0|0|0|0|0|5|0.0|10|15|0|1|0|20|14|7.0|4.0|4.0|1|18.0|1.0|4.0|0.0|13|3|0|0|0|0|166|2025-09|Setembro|Grande Niterói e Região dos Lagos|0|Arraial do Cabo|Arraial do Cabo|Baixadas Litorâneas|2025-09-01|365
36738|134|9|2025|8|6|Campos dos Goytacazes|330100|Interior|3|0|0|3|0|0.0|3|2|2.0|101|6|1|25|16|8|0|24|2|1|4|4|0|0.0|0|0|0.0|2|37|4|11|9|37|25.0|105|191|0|9|0|236|105|64.0|19.0|23.0|7|94.0|11.0|25.0|3.0|142|5|0|1|0|0|1359|2025-09|Setembro|Norte Fluminense e Noroeste|0|Campos dos Goytacazes (Primeiro Subdistrito; Segundo Subdistrito e Quarto Subdistrito); Ibitioca; Dores de Macabu; Morangaba; Mussurepe; Serrinha; Santo Amaro de Campos; São Sebastião de Campos e Tocos|Campos dos Goytacazes|Norte Fluminense|2025-09-01|365
36739|135|9|2025|36|6|Itaocara|330210|Interior|2|0|0|2|0|0.0|2|0|0.0|4|1|3|0|0|0|0|0|0|0|0|0|0|0.0|0|0|0.0|0|0|0|1|0|0|0.0|3|4|0|0|0|23|6|2.0|3.0|1.0|0|7.0|1.0|1.0|0.0|12|1|0|0|0|0|109|2025-09|Setembro|Norte Fluminense e Noroeste|0|Itaocara; Portela; Batatal; Laranjais; Jaguarembe e Estrada Nova|Itaocara|Noroeste Fluminense|2025-09-01|365
36740|136|9|2025|36|6|Santo Antônio de Pádua;Aperibé|999999|Interior|0|0|0|0|0|0.0|0|0|0.0|13|1|1|4|0|0|0|0|0|0|0|0|0|0.0|0|0|0.0|0|0|1|0|0|0|0.0|1|2|0|1|0|21|54|25.0|7.0|22.0|1|7.0|2.0|5.0|0.0|24|1|0|0|0|0|169|2025-09|Setembro|Norte Fluminense e Noroeste|0|Aperibé|Aperibé|Noroeste Fluminense|2025-09-01|365
36741|137|9|2025|36|6|Miracema|330300|Interior|0|0|0|0|0|0.0|0|4|0.0|9|1|0|0|0|0|0|0|0|0|0|0|0|0.0|0|0|0.0|0|0|1|0|0|0|1.0|6|8|0|0|0|10|23|8.0|12.0|3.0|1|9.0|3.0|2.0|2.0|12|0|0|0|0|0|100|2025-09|Setembro|Norte Fluminense e Noroeste|0|Miracema; Venda das Flores e Paraíso do Tobias|Miracema|Noroeste Fluminense|2025-09-01|365
36742|138|9|2025|29|6|Laje do Muriaé|330230|Interior|0|0|0|0|0|0.0|0|0|0.0|1|0|0|1|0|0|0|0|0|0|0|0|0|0.0|0|0|0.0|0|0|2|0|0|1|0.0|0|3|0|0|0|1|4|1.0|1.0|2.0|0|0.0|0.0|0.0|0.0|6|0|0|0|0|0|22|2025-09|Setembro|Norte Fluminense e Noroeste|0|Laje do Muriaé|Laje do Muriaé|Noroeste Fluminense|2025-09-01|365
36743|139|9|2025|29|6|Porciúncula|330410|Interior|0|0|0|0|0|0.0|0|0|0.0|6|1|0|0|0|0|0|0|0|0|0|0|0|0.0|0|0|0.0|0|0|0|0|0|1|0.0|4|5|0|0|0|3|3|3.0|0.0|0.0|0|4.0|0.0|1.0|0.0|17|0|0|0|0|0|52|2025-09|Setembro|Norte Fluminense e Noroeste|0|Porciúncula; Purilândia e Santa Clara|Porciúncula|Noroeste Fluminense|2025-09-01|365
36744|140|9|2025|29|6|Natividade;Varre-Sai|999999|Interior|0|0|0|0|0|1.0|1|0|0.0|6|1|1|3|0|0|0|0|0|0|0|0|0|0.0|0|0|0.0|0|0|0|0|0|1|0.0|2|3|0|0|0|7|13|9.0|4.0|0.0|1|10.0|5.0|2.0|0.0|15|0|0|0|0|0|86|2025-09|Setembro|Norte Fluminense e Noroeste|0|Natividade; Ourania e Bom Jesus do Querendo|Natividade|Noroeste Fluminense|2025-09-01|365
36745|141|9|2025|8|6|São Fidélis|330480|Interior|0|0|0|0|0|0.0|0|0|0.0|28|1|0|2|0|0|0|0|0|0|1|0|0|0.0|0|0|0.0|0|1|1|0|0|3|1.0|18|23|0|0|0|26|7|1.0|4.0|2.0|1|5.0|1.0|2.0|0.0|35|2|0|0|0|0|157|2025-09|Setembro|Norte Fluminense e Noroeste|0|São Fidelis; Cambiasca; Colonia; Ipuca e Pureza|São Fidélis|Norte Fluminense|2025-09-01|365
36746|142|9|2025|36|6|Cambuci|330090|Interior|0|0|0|0|0|1.0|1|0|0.0|3|0|0|0|0|0|0|0|0|0|0|0|0|0.0|0|0|0.0|1|1|0|0|0|30|0.0|9|39|0|0|0|5|6|4.0|2.0|0.0|0|6.0|0.0|2.0|0.0|5|1|0|0|0|0|81|2025-09|Setembro|Norte Fluminense e Noroeste|0|Cambuci; Três Irmãos; Funil; Monte Verde e São João do Paraíso|Cambuci|Noroeste Fluminense|2025-09-01|365
36747|143|9|2025|29|6|Itaperuna;São José de Ubá|999999|Interior|9|0|0|9|0|1.0|10|5|1.0|35|4|0|10|1|1|0|2|0|0|0|0|0|0.0|0|0|0.0|0|2|5|1|0|3|3.0|17|29|0|3|0|80|60|32.0|17.0|12.0|3|40.0|6.0|13.0|0.0|36|1|0|0|0|0|384|2025-09|Setembro|Norte Fluminense e Noroeste|0|Itaperuna; Boaventura; Nossa Senhora da Penha; Itajara; Retiro do Muriaé; Raposo e Comendador Venâncio|Itaperuna|Noroeste Fluminense|2025-09-01|365
36748|144|9|2025|29|6|Bom Jesus de Itabapoana|330060|Interior|3|0|0|3|0|0.0|3|0|0.0|10|2|0|0|0|0|0|0|0|0|0|0|0|0.0|0|0|0.0|0|0|1|0|0|2|0.0|10|13|0|0|0|8|24|17.0|7.0|0.0|0|20.0|1.0|3.0|1.0|16|0|0|0|0|0|134|2025-09|Setembro|Norte Fluminense e Noroeste|0|Bom Jesus de Itabapoana; Carabuçú; Calheiros; Pirapetinga de Bom Jesus; Rosal e Serrinha|Bom Jesus de Itabapoana|Noroeste Fluminense|2025-09-01|365
36749|145|9|2025|8|6|São João da Barra|330500|Interior|0|0|0|0|0|0.0|0|2|0.0|15|4|2|2|0|1|0|1|0|0|1|1|0|0.0|0|0|0.0|0|3|1|1|0|4|1.0|21|28|0|0|0|19|14|3.0|6.0|5.0|1|16.0|2.0|5.0|0.0|14|0|0|0|0|0|172|2025-09|Setembro|Norte Fluminense e Noroeste|0|Barcelos; Atafona; São João da Barra; Grussaí; Cajueiro e Pipeiras|São João da Barra|Norte Fluminense|2025-09-01|365
36750|146|9|2025|8|6|Campos dos Goytacazes|330100|Interior|3|0|0|3|0|0.0|3|5|0.0|37|3|5|10|4|1|0|5|3|0|1|1|0|0.0|0|0|0.0|1|11|4|1|1|3|1.0|39|49|0|4|0|52|65|12.0|22.0|31.0|2|53.0|11.0|12.0|2.0|47|3|1|0|0|0|453|2025-09|Setembro|Norte Fluminense e Noroeste|0|Campos dos Goytacazes (Terceiro Subdistrito); Santa Maria; Morro do Coco; Santo Eduardo; Travessão e Vila Nova de Campos|Campos dos Goytacazes|Norte Fluminense|2025-09-01|365
36751|147|9|2025|8|6|São Francisco de Itabapoana|330475|Interior|4|0|0|4|0|0.0|4|1|0.0|18|4|2|4|0|0|0|0|2|0|1|0|0|0.0|0|0|0.0|0|3|1|1|0|3|0.0|12|17|0|1|0|20|20|4.0|12.0|5.0|1|20.0|0.0|9.0|0.0|23|0|0|0|0|0|166|2025-09|Setembro|Norte Fluminense e Noroeste|0|São Francisco de Itabapoana; Maniva e Barra Seca|São Francisco de Itabapoana|Norte Fluminense|2025-09-01|365
36752|148|9|2025|29|6|Cardoso Moreira;Italva|999999|Interior|0|0|0|0|0|0.0|0|0|0.0|3|1|0|0|0|0|0|0|0|0|0|0|0|0.0|0|0|0.0|0|0|0|0|0|0|1.0|0|1|0|2|0|2|28|11.0|6.0|11.0|0|3.0|0.0|4.0|0.0|11|0|0|0|0|0|79|2025-09|Setembro|Norte Fluminense e Noroeste|0|Italva|Italva|Noroeste Fluminense|2025-09-01|365
36753|151|9|2025|11|7|Nova Friburgo|330340|Interior|1|0|0|1|0|0.0|1|0|0.0|72|2|2|40|0|1|0|1|0|0|0|0|0|0.0|0|0|0.0|1|2|3|2|3|13|1.0|41|63|0|6|0|135|47|5.0|35.0|8.0|9|53.0|19.0|10.0|2.0|68|4|1|0|0|0|829|2025-09|Setembro|Região Serrana|0|Nova Friburgo; São Pedro da Serra; Lumiar; Amparo; Riograndina; Conselheiro Paulino e Campo do Coelho|Nova Friburgo|Serrana|2025-09-01|365
36754|152|9|2025|11|7|Duas Barras|330160|Interior|0|0|0|0|0|0.0|0|0|0.0|3|0|0|0|0|0|0|0|0|0|0|0|0|0.0|0|0|0.0|0|0|0|0|0|0|0.0|4|4|0|0|0|4|5|2.0|3.0|0.0|0|2.0|0.0|0.0|0.0|3|0|0|0|0|0|41|2025-09|Setembro|Região Serrana|0|Duas Barras e Monnerat|Duas Barras|Serrana|2025-09-01|365
36755|153|9|2025|11|7|Cantagalo|330110|Interior|0|0|0|0|0|0.0|0|0|0.0|8|0|0|0|0|0|0|0|0|0|0|0|0|0.0|0|0|0.0|0|0|0|0|0|0|0.0|3|3|0|0|0|5|4|3.0|2.0|1.0|0|1.0|1.0|0.0|0.0|6|0|0|0|0|0|46|2025-09|Setembro|Região Serrana|0|Cantagalo; Santa Rita da Floresta; Boa Sorte; Euclidelândia e São Sebastião do Paraíba|Cantagalo|Serrana|2025-09-01|365
36756|154|9|2025|11|7|Cordeiro;Macuco|999999|Interior|0|0|0|0|0|1.0|1|0|0.0|23|1|1|4|0|0|0|0|0|0|0|0|0|0.0|0|0|0.0|0|0|0|1|0|8|1.0|11|21|0|1|0|16|7|3.0|4.0|0.0|0|14.0|0.0|2.0|0.0|15|0|0|0|0|0|135|2025-09|Setembro|Região Serrana|0|Cordeiro|Cordeiro|Serrana|2025-09-01|365
36757|155|9|2025|36|6|São Sebastião do Alto|330530|Interior|0|0|0|0|0|0.0|0|0|0.0|2|0|1|0|0|0|0|0|0|0|0|0|0|0.0|0|0|0.0|0|0|0|0|0|1|0.0|1|2|0|0|0|5|1|0.0|1.0|0.0|0|2.0|0.0|0.0|0.0|5|0|0|0|0|0|26|2025-09|Setembro|Norte Fluminense e Noroeste|0|São Sebastião do Alto; Valão do Barro e Ipituna|São Sebastião do Alto|Serrana|2025-09-01|365
36758|156|9|2025|11|7|Santa Maria Madalena|330460|Interior|0|0|0|0|0|0.0|0|0|0.0|5|1|0|7|0|0|0|0|0|0|0|0|0|0.0|0|0|0.0|0|0|0|0|0|0|0.0|3|3|0|1|0|2|1|1.0|0.0|0.0|0|1.0|0.0|1.0|0.0|6|0|0|0|0|0|36|2025-09|Setembro|Região Serrana|0|Santa Maria Madalena; Doutor Loreti; Renascença; Santo Antônio do Imbé; Sossego e Triunfo|Santa Maria Madalena|Serrana|2025-09-01|365
36759|157|9|2025|11|7|Trajano de Morais|330590|Interior|0|0|0|0|0|0.0|0|0|0.0|3|0|0|0|0|0|0|0|0|0|0|0|0|0.0|0|0|0.0|0|0|0|0|0|0|0.0|1|1|0|0|0|1|2|1.0|1.0|0.0|0|4.0|1.0|0.0|0.0|4|0|0|0|0|0|23|2025-09|Setembro|Região Serrana|0|Trajano de Moraes; Doutor Elias; Sodrelândia; Vila da Grama e Visconde de Imbé|Trajano de Moraes|Serrana|2025-09-01|365
36760|158|9|2025|11|7|Bom Jardim|330050|Interior|0|0|0|0|0|0.0|0|0|0.0|2|0|0|9|0|0|0|0|0|0|0|0|0|0.0|0|0|0.0|0|0|0|0|0|0|0.0|5|5|0|1|0|5|10|3.0|8.0|0.0|0|8.0|1.0|5.0|0.0|11|0|0|0|0|0|76|2025-09|Setembro|Região Serrana|0|Bom Jardim; Banquete; Barra Alegre e São José do Ribeirão|Bom Jardim|Serrana|2025-09-01|365
36761|159|9|2025|35|4|Cachoeiras de Macacu|330080|Interior|0|0|0|0|0|0.0|0|2|1.0|18|4|4|14|0|0|0|0|1|0|0|0|0|0.0|0|0|0.0|1|2|0|0|0|1|0.0|16|17|0|1|0|27|4|0.0|3.0|1.0|1|5.0|0.0|3.0|0.0|25|0|0|0|0|0|173|2025-09|Setembro|Grande Niterói e Região dos Lagos|0|Cachoeiras de Macacu; Japuíba e Subaio|Cachoeiras de Macacu|Metropolitana|2025-09-01|365
36762|165|9|2025|33|5|Mangaratiba|330260|Interior|0|0|0|0|0|0.0|0|0|1.0|29|3|5|2|0|0|0|0|0|0|0|0|0|0.0|0|0|0.0|0|0|2|0|0|1|0.0|17|20|0|0|0|36|17|13.0|3.0|1.0|8|14.0|1.0|4.0|0.0|30|0|0|0|0|0|226|2025-09|Setembro|Sul Fluminense|0|Mangaratiba; Conceição de Jacareí; Vila Muriquí; Itacuruçá|Mangaratiba|Costa Verde|2025-09-01|365
36763|166|9|2025|33|5|Angra dos Reis|330010|Interior|2|0|0|2|1|0.0|3|0|0.0|54|7|3|10|0|1|0|1|0|0|0|0|0|0.0|0|0|0.0|0|1|4|2|0|5|0.0|30|41|0|3|0|95|43|17.0|22.0|4.0|2|52.0|3.0|20.0|1.0|73|15|0|0|0|0|635|2025-09|Setembro|Sul Fluminense|0|Angra dos Reis; Jacuecanga; Cunhambebe; Mambucaba; Abraão e Praia de Araçatiba|Angra dos Reis|Costa Verde|2025-09-01|365
36764|167|9|2025|43|5|Paraty|330380|Interior|1|0|0|1|0|0.0|1|0|0.0|20|2|0|1|0|0|0|0|0|0|0|0|0|0.0|0|0|0.0|0|0|1|0|0|4|0.0|15|20|0|0|0|45|22|4.0|13.0|5.0|0|21.0|3.0|3.0|1.0|15|4|1|0|0|0|242|2025-09|Setembro|Sul Fluminense|0|Paraty; Paraty-Mirim e Tarituba|Paraty|Costa Verde|2025-09-01|365
36765|168|9|2025|28|5|Rio Claro|330440|Interior|0|0|0|0|0|0.0|0|0|0.0|7|1|1|3|0|0|0|0|0|0|0|0|0|0.0|0|0|0.0|0|0|0|0|0|1|0.0|1|2|0|0|0|6|6|4.0|2.0|0.0|0|2.0|1.0|0.0|0.0|7|0|0|0|0|0|64|2025-09|Setembro|Sul Fluminense|0|Rio Claro; Getulândia; Lídice; Passa Três e São João Marcos|Rio Claro|Médio Paraíba|2025-09-01|365
36766|1|10|2025|5|1|Rio de Janeiro|330455|Capital|0|0|0|0|0|0.0|0|0|0.0|9|1|0|1|57|33|1|91|0|2|1|0|0|0.0|0|0|1.0|3|98|2|61|43|86|6.0|91|289|0|1|0|127|3|0.0|3.0|0.0|0|28.0|2.0|15.0|0.0|13|2|0|0|0|0|786|2025-10|Outubro|Capital (Zona Sul, Centro e parte da Norte)|0|Centro (parte)|Rio de Janeiro|Metropolitana|2025-10-01|365
36767|4|10|2025|5|1|Rio de Janeiro|330455|Capital|2|0|0|2|1|0.0|3|0|0.0|28|2|3|9|20|26|0|46|4|3|1|0|0|0.0|0|0|0.0|0|54|7|33|18|112|4.0|53|227|0|0|0|41|2|1.0|1.0|0.0|4|24.0|3.0|12.0|1.0|14|4|0|0|0|0|647|2025-10|Outubro|Capital (Zona Sul, Centro e parte da Norte)|0|Centro (parte); Gamboa; Santo Cristo e Saúde|Rio de Janeiro|Metropolitana|2025-10-01|365
36768|5|10|2025|5|1|Rio de Janeiro|330455|Capital|0|0|0|0|0|0.0|0|0|1.0|46|3|0|16|66|53|7|126|7|4|0|1|0|0.0|0|0|0.0|6|144|6|52|8|299|19.0|216|600|0|4|0|174|9|3.0|6.0|0.0|4|39.0|12.0|21.0|11.0|41|5|0|0|0|0|1406|2025-10|Outubro|Capital (Zona Sul, Centro e parte da Norte)|0|Centro (parte); Lapa e Paquetá|Rio de Janeiro|Metropolitana|2025-10-01|365
36769|6|10|2025|4|1|Rio de Janeiro|330455|Capital|1|0|0|1|0|0.0|1|0|0.0|29|2|0|38|16|17|6|39|6|0|1|0|0|0.0|0|0|0.0|1|47|8|13|15|64|0.0|71|171|0|3|0|45|4|2.0|2.0|0.0|14|20.0|1.0|8.0|1.0|18|4|0|0|0|0|554|2025-10|Outubro|Capital (Zona Sul, Centro e parte da Norte)|0|Catumbi; Cidade Nova; Estácio; Rio Comprido e Centro (parte)|Rio de Janeiro|Metropolitana|2025-10-01|365
36770|7|10|2025|5|1|Rio de Janeiro|330455|Capital|0|0|0|0|0|0.0|0|2|0.0|8|1|0|2|8|5|1|14|4|0|0|1|0|0.0|0|0|0.0|4|23|10|4|4|15|0.0|35|68|0|0|1|31|4|1.0|3.0|1.0|1|4.0|0.0|0.0|0.0|16|0|0|0|0|0|238|2025-10|Outubro|Capital (Zona Sul, Centro e parte da Norte)|0|Santa Teresa|Rio de Janeiro|Metropolitana|2025-10-01|365
36771|9|10|2025|2|1|Rio de Janeiro|330455|Capital|0|0|0|0|0|0.0|0|0|0.0|26|2|1|20|47|51|4|102|3|0|0|1|0|0.0|0|0|5.0|4|115|25|66|24|131|17.0|128|391|0|3|0|143|3|1.0|1.0|1.0|1|17.0|13.0|2.0|2.0|24|3|0|0|0|0|1151|2025-10|Outubro|Capital (Zona Sul, Centro e parte da Norte)|0|Catete; Cosme Velho; Flamengo; Glória e Laranjeiras|Rio de Janeiro|Metropolitana|2025-10-01|365
36772|10|10|2025|2|1|Rio de Janeiro|330455|Capital|1|0|0|1|0|0.0|1|0|0.0|25|2|0|39|27|13|1|41|4|0|3|0|0|0.0|0|0|1.0|6|55|15|21|29|109|16.0|149|339|0|8|0|94|8|4.0|4.0|0.0|4|25.0|1.0|4.0|0.0|36|3|0|0|0|0|926|2025-10|Outubro|Capital (Zona Sul, Centro e parte da Norte)|0|Botafogo; Humaitá e Urca|Rio de Janeiro|Metropolitana|2025-10-01|365
36773|11|10|2025|23|1|Rio de Janeiro|330455|Capital|1|0|0|1|0|0.0|1|1|0.0|4|0|0|1|0|1|0|1|0|0|1|0|0|0.0|0|0|0.0|0|2|1|0|2|1|0.0|3|7|0|2|0|21|1|0.0|1.0|0.0|0|2.0|0.0|0.0|1.0|7|4|0|0|0|0|103|2025-10|Outubro|Capital (Zona Sul, Centro e parte da Norte)|0|Rocinha|Rio de Janeiro|Metropolitana|2025-10-01|365
36774|12|10|2025|19|1|Rio de Janeiro|330455|Capital|0|0|0|0|0|0.0|0|0|0.0|39|1|0|6|15|4|3|22|1|0|5|1|0|0.0|0|0|0.0|1|30|18|36|14|119|20.0|219|426|0|5|0|240|5|2.0|2.0|1.0|2|19.0|4.0|11.0|4.0|42|5|0|0|0|0|1128|2025-10|Outubro|Capital (Zona Sul, Centro e parte da Norte)|0|Copacabana (parte) e Leme|Rio de Janeiro|Metropolitana|2025-10-01|365
36775|13|10|2025|19|1|Rio de Janeiro|330455|Capital|0|0|0|0|0|0.0|0|0|0.0|24|0|0|11|13|4|0|17|0|0|3|0|0|0.0|0|0|0.0|1|21|9|14|2|45|11.0|112|193|0|2|0|86|3|1.0|2.0|0.0|0|16.0|0.0|3.0|1.0|16|1|0|0|0|0|551|2025-10|Outubro|Capital (Zona Sul, Centro e parte da Norte)|0|Copacabana (parte)|Rio de Janeiro|Metropolitana|2025-10-01|365
36776|14|10|2025|23|1|Rio de Janeiro|330455|Capital|1|0|0|1|0|0.0|1|1|0.0|22|4|2|12|15|25|0|40|0|1|5|0|0|0.0|0|1|1.0|2|50|7|49|6|247|29.0|196|534|0|8|0|231|5|2.0|2.0|1.0|4|37.0|11.0|8.0|4.0|30|7|0|0|0|0|1250|2025-10|Outubro|Capital (Zona Sul, Centro e parte da Norte)|0|Ipanema e Leblon|Rio de Janeiro|Metropolitana|2025-10-01|365
36777|15|10|2025|23|1|Rio de Janeiro|330455|Capital|0|0|0|0|0|0.0|0|0|0.0|20|3|0|8|12|10|1|23|3|0|5|0|0|0.0|0|0|1.0|3|35|5|22|26|60|7.0|106|226|0|1|0|139|3|2.0|1.0|0.0|5|14.0|1.0|4.0|3.0|11|2|0|0|0|0|716|2025-10|Outubro|Capital (Zona Sul, Centro e parte da Norte)|0|Gávea; Jardim Botânico; Lagoa; São Conrado e Vidigal|Rio de Janeiro|Metropolitana|2025-10-01|365
36778|16|10|2025|31|2|Rio de Janeiro|330455|Capital|2|1|0|3|0|0.0|3|2|0.0|56|5|1|65|56|47|18|121|9|1|14|0|0|0.0|0|2|0.0|26|173|25|18|56|275|3.0|251|628|0|18|0|435|7|3.0|4.0|0.0|7|48.0|23.0|14.0|8.0|69|6|0|0|0|0|2122|2025-10|Outubro|Capital (Zona Oeste e parte da Norte)|0|Barra da Tijuca; Itanhangá; Joá|Rio de Janeiro|Metropolitana|2025-10-01|365
36779|17|10|2025|4|1|Rio de Janeiro|330455|Capital|0|0|0|0|0|0.0|0|0|0.0|35|0|2|37|26|42|2|70|7|2|5|0|0|0.0|2|0|1.0|18|105|23|18|19|129|2.0|98|289|0|3|0|108|9|5.0|3.0|1.0|10|23.0|2.0|3.0|2.0|32|4|0|0|0|0|908|2025-10|Outubro|Capital (Zona Sul, Centro e parte da Norte)|0|Caju; Mangueira; São Cristóvão e Vasco da Gama|Rio de Janeiro|Metropolitana|2025-10-01|365
36780|18|10|2025|6|1|Rio de Janeiro|330455|Capital|0|0|0|0|0|0.0|0|4|0.0|30|3|0|35|33|114|6|153|23|1|2|0|0|0.0|0|0|0.0|8|187|12|33|19|353|9.0|152|578|0|6|0|77|4|3.0|0.0|1.0|3|33.0|6.0|2.0|1.0|20|0|0|0|0|0|1319|2025-10|Outubro|Capital (Zona Sul, Centro e parte da Norte)|0|Maracanã; Praça da Bandeira e Tijuca (parte)|Rio de Janeiro|Metropolitana|2025-10-01|365
36781|19|10|2025|6|1|Rio de Janeiro|330455|Capital|1|0|0|1|0|0.0|1|2|0.0|26|1|1|7|52|48|6|106|14|0|7|1|0|0.0|0|0|0.0|29|157|11|40|43|83|3.0|172|352|0|7|0|171|3|0.0|3.0|0.0|3|33.0|4.0|5.0|2.0|34|0|0|0|0|0|1145|2025-10|Outubro|Capital (Zona Sul, Centro e parte da Norte)|0|Alto da Boa Vista e Tijuca (parte)|Rio de Janeiro|Metropolitana|2025-10-01|365
36782|20|10|2025|6|1|Rio de Janeiro|330455|Capital|1|0|0|1|0|0.0|1|0|0.0|32|1|0|12|31|48|1|80|11|0|3|1|0|0.0|0|0|0.0|18|113|11|8|18|59|2.0|118|216|0|8|0|126|3|2.0|1.0|0.0|12|19.0|8.0|4.0|1.0|42|2|0|0|0|0|899|2025-10|Outubro|Capital (Zona Sul, Centro e parte da Norte)|0|Andaraí; Grajaú e Vila Isabel|Rio de Janeiro|Metropolitana|2025-10-01|365
36783|21|10|2025|22|1|Rio de Janeiro|330455|Capital|10|0|0|10|2|0.0|12|6|0.0|45|7|3|53|29|58|16|103|23|12|3|0|0|0.0|0|2|0.0|19|162|16|10|54|68|0.0|146|294|0|5|0|198|22|4.0|13.0|5.0|96|60.0|5.0|21.0|4.0|61|11|2|0|0|0|1465|2025-10|Outubro|Capital (Zona Sul, Centro e parte da Norte)|0|Benfica; Bonsucesso; Higienópolis; Manguinhos; Maré e Ramos|Rio de Janeiro|Metropolitana|2025-10-01|365
36784|22|10|2025|16|1|Rio de Janeiro|330455|Capital|4|0|0|4|118|0.0|122|10|0.0|42|6|3|21|18|22|1|41|28|14|1|1|0|0.0|0|1|0.0|6|92|34|7|5|20|1.0|95|162|0|7|0|99|28|1.0|20.0|7.0|30|91.0|8.0|21.0|1.0|43|5|0|0|2|2|908|2025-10|Outubro|Capital (Zona Sul, Centro e parte da Norte)|4|Brás de Pina (parte); Olaria; Penha e Penha Circular (parte)|Rio de Janeiro|Metropolitana|2025-10-01|365
36785|23|10|2025|3|1|Rio de Janeiro|330455|Capital|1|0|0|1|0|0.0|1|2|0.0|24|2|1|8|18|49|1|68|9|1|2|1|0|0.0|0|0|0.0|10|91|8|6|8|21|0.0|81|124|0|2|0|93|0|0.0|0.0|0.0|3|27.0|7.0|4.0|1.0|19|1|0|0|0|0|611|2025-10|Outubro|Capital (Zona Sul, Centro e parte da Norte)|0|Cachambi; Méier (parte) e Todos os Santos (parte)|Rio de Janeiro|Metropolitana|2025-10-01|365
36786|24|10|2025|3|1|Rio de Janeiro|330455|Capital|0|0|0|0|0|0.0|0|4|0.0|55|1|1|42|40|33|2|75|30|0|2|0|0|0.0|0|1|0.0|6|114|17|8|8|40|0.0|71|144|0|2|0|97|0|0.0|0.0|0.0|7|27.0|0.0|2.0|0.0|41|7|0|0|0|0|684|2025-10|Outubro|Capital (Zona Sul, Centro e parte da Norte)|0|Abolição; Água Santa (parte); Encantado; Engenho de Dentro (parte); Pilares e Piedade|Rio de Janeiro|Metropolitana|2025-10-01|365
36787|25|10|2025|3|1|Rio de Janeiro|330455|Capital|0|0|0|0|0|0.0|0|1|0.0|30|1|0|18|30|38|3|71|18|0|1|1|0|0.0|0|0|0.0|13|104|11|9|26|80|2.0|65|193|0|3|0|96|7|1.0|5.0|1.0|27|33.0|2.0|16.0|1.0|32|5|2|0|0|0|798|2025-10|Outubro|Capital (Zona Sul, Centro e parte da Norte)|0|Engenho Novo; Jacaré; Jacarezinho; Riachuelo; Rocha; Sampaio e São Francisco Xavier|Rio de Janeiro|Metropolitana|2025-10-01|365
36788|26|10|2025|3|1|Rio de Janeiro|330455|Capital|1|0|0|1|0|0.0|1|3|0.0|26|4|1|20|26|43|4|73|10|1|5|0|0|0.0|0|0|0.0|5|94|7|9|13|48|0.0|85|162|0|2|0|94|5|1.0|2.0|2.0|10|23.0|12.0|1.0|1.0|29|5|0|0|0|0|664|2025-10|Outubro|Capital (Zona Sul, Centro e parte da Norte)|0|Água Santa (parte); Engenho de Dentro (parte); Lins de Vasconcelos e Todos os Santos|Rio de Janeiro|Metropolitana|2025-10-01|365
36789|27|10|2025|41|2|Rio de Janeiro|330455|Capital|7|0|0|7|7|0.0|14|5|0.0|41|1|0|20|44|53|2|99|61|4|6|0|0|0.0|0|2|0.0|15|187|55|6|8|23|3.0|96|191|0|8|1|194|10|4.0|5.0|1.0|9|37.0|1.0|14.0|1.0|56|1|1|0|0|0|1085|2025-10|Outubro|Capital (Zona Oeste e parte da Norte)|0|Colégio (parte); Irajá; Vicente de Carvalho; Vila Kosmos; Vila da Penha e Vista Alegre|Rio de Janeiro|Metropolitana|2025-10-01|365
36790|28|10|2025|18|2|Rio de Janeiro|330455|Capital|1|0|0|1|3|0.0|4|1|0.0|31|1|1|15|32|25|1|58|27|0|6|1|0|0.0|0|0|0.0|9|101|4|8|11|21|3.0|63|110|0|4|0|136|1|1.0|0.0|0.0|5|13.0|0.0|6.0|0.0|58|5|0|0|0|0|738|2025-10|Outubro|Capital (Zona Oeste e parte da Norte)|0|Vila Valqueire; Praça Seca e Tanque (parte)|Rio de Janeiro|Metropolitana|2025-10-01|365
36791|29|10|2025|9|2|Rio de Janeiro|330455|Capital|8|0|0|8|2|0.0|10|5|0.0|56|5|2|30|71|69|13|153|91|4|6|1|0|0.0|0|0|0.0|14|269|28|51|26|68|2.0|115|290|0|4|0|155|8|1.0|5.0|2.0|58|30.0|1.0|10.0|0.0|63|6|0|0|0|0|1252|2025-10|Outubro|Capital (Zona Oeste e parte da Norte)|0|Cavalcanti; Engenheiro Leal; Madureira; Turiaçu; Vaz Lobo; Oswaldo Cruz (parte); Cascadura e Quintino Bocaiúva|Rio de Janeiro|Metropolitana|2025-10-01|365
36792|30|10|2025|9|2|Rio de Janeiro|330455|Capital|2|0|1|3|1|0.0|4|1|0.0|37|4|3|14|33|59|6|98|44|0|11|2|0|0.0|0|0|0.0|16|171|22|9|14|26|1.0|72|144|0|5|0|152|6|0.0|6.0|0.0|7|31.0|4.0|7.0|1.0|87|4|0|0|0|0|936|2025-10|Outubro|Capital (Zona Oeste e parte da Norte)|0|Bento Ribeiro; Campinho; Marechal Hermes e Oswaldo Cruz (parte)|Rio de Janeiro|Metropolitana|2025-10-01|365
36793|31|10|2025|41|2|Rio de Janeiro|330455|Capital|3|1|0|4|1|1.0|6|3|1.0|37|3|0|22|27|30|2|59|26|3|0|0|0|0.0|0|0|0.0|10|98|17|6|3|18|0.0|27|71|0|0|0|75|13|1.0|11.0|1.0|33|21.0|0.0|5.0|0.0|31|5|0|0|0|0|527|2025-10|Outubro|Capital (Zona Oeste e parte da Norte)|0|Anchieta; Guadalupe; Parque Anchieta e Ricardo de Albuquerque|Rio de Janeiro|Metropolitana|2025-10-01|365
36794|32|10|2025|18|2|Rio de Janeiro|330455|Capital|9|0|0|9|0|0.0|9|7|0.0|138|14|3|63|37|82|6|125|87|3|9|1|0|0.0|0|0|0.0|20|245|25|29|40|122|3.0|202|421|0|19|1|443|15|5.0|7.0|3.0|50|73.0|8.0|15.0|6.0|161|17|0|1|0|0|2403|2025-10|Outubro|Capital (Zona Oeste e parte da Norte)|0|Anil; Cidade de Deus; Curicica; Gardênia Azul; Jacarepaguá e Taquara|Rio de Janeiro|Metropolitana|2025-10-01|365
36795|33|10|2025|14|2|Rio de Janeiro|330455|Capital|4|1|0|5|2|1.0|8|12|1.0|74|5|3|54|16|40|0|56|34|4|2|2|0|0.0|0|0|1.0|14|113|40|6|8|35|1.0|91|181|0|3|1|106|11|2.0|7.0|2.0|35|53.0|5.0|6.0|0.0|65|7|0|0|0|0|1019|2025-10|Outubro|Capital (Zona Oeste e parte da Norte)|0|Campo dos Afonsos; Deodoro; Jardim Sulacap; Magalhães Bastos; Realengo e Vila Militar|Rio de Janeiro|Metropolitana|2025-10-01|365
36796|34|10|2025|14|2|Rio de Janeiro|330455|Capital|3|0|1|4|0|0.0|4|16|0.0|129|11|0|50|42|24|5|71|43|6|3|2|0|0.0|0|0|0.0|8|133|25|14|6|26|1.0|81|153|0|1|1|139|18|1.0|12.0|5.0|40|60.0|12.0|16.0|1.0|95|11|0|0|0|0|1155|2025-10|Outubro|Capital (Zona Oeste e parte da Norte)|0|Bangu; Gericinó; Padre Miguel e Senador Camará|Rio de Janeiro|Metropolitana|2025-10-01|365
36797|35|10|2025|40|2|Rio de Janeiro|330455|Capital|3|1|0|4|1|0.0|5|6|1.0|227|14|2|69|33|51|3|87|78|2|6|1|0|0.0|0|0|0.0|18|192|57|30|10|82|6.0|288|473|0|2|1|355|8|6.0|3.0|0.0|51|140.0|2.0|25.0|1.0|213|27|1|0|0|0|2582|2025-10|Outubro|Capital (Zona Oeste e parte da Norte)|0|Campo Grande; Cosmos; Inhoaíba; Santíssimo e Senador Vasconcelos|Rio de Janeiro|Metropolitana|2025-10-01|365
36798|36|10|2025|27|2|Rio de Janeiro|330455|Capital|5|0|0|5|0|0.0|5|3|1.0|130|14|6|25|23|28|0|51|14|2|0|0|0|0.0|0|0|0.0|5|72|10|5|9|21|3.0|73|121|0|5|0|176|5|4.0|1.0|0.0|15|37.0|0.0|7.0|1.0|90|13|0|0|0|0|1090|2025-10|Outubro|Capital (Zona Oeste e parte da Norte)|0|Paciência e Santa Cruz|Rio de Janeiro|Metropolitana|2025-10-01|365
36799|37|10|2025|17|1|Rio de Janeiro|330455|Capital|2|0|0|2|1|0.0|3|3|0.0|55|5|1|17|8|3|1|12|4|0|0|0|0|0.0|0|0|0.0|2|18|22|2|14|30|0.0|95|163|0|6|0|133|15|6.0|6.0|4.0|3|32.0|2.0|11.0|0.0|64|5|1|0|0|0|845|2025-10|Outubro|Capital (Zona Sul, Centro e parte da Norte)|0|Bancários; Cacuia; Cidade Universitária; Cocotá; Freguesia; Galeão; Jardim Carioca; Jardim Guanabara; Moneró; Pitangueiras; Portuguesa; Praia da Bandeira; Ribeira; Tauá e Zumbi|Rio de Janeiro|Metropolitana|2025-10-01|365
36800|38|10|2025|16|1|Rio de Janeiro|330455|Capital|2|0|0|2|3|0.0|5|3|0.0|43|4|1|31|25|29|1|55|38|6|2|0|0|0.0|0|2|0.0|16|119|27|7|9|19|1.0|67|130|0|2|0|117|17|2.0|12.0|3.0|18|40.0|3.0|6.0|0.0|42|8|0|0|0|0|786|2025-10|Outubro|Capital (Zona Sul, Centro e parte da Norte)|0|Brás de Pina (parte); Cordovil; Jardim América; Parada de Lucas;Penha Circular (parte) e Vigário Geral|Rio de Janeiro|Metropolitana|2025-10-01|365
36801|39|10|2025|41|2|Rio de Janeiro|330455|Capital|5|0|0|5|3|0.0|8|1|0.0|51|3|1|17|59|32|31|122|76|4|1|0|0|0.0|0|0|0.0|26|229|18|7|12|22|2.0|85|146|0|2|0|145|15|2.0|9.0|4.0|106|37.0|1.0|11.0|3.0|48|5|1|0|0|0|1076|2025-10|Outubro|Capital (Zona Oeste e parte da Norte)|0|Acari; Barros Filho; Costa Barros; Parque Colúmbia e Pavuna|Rio de Janeiro|Metropolitana|2025-10-01|365
36802|40|10|2025|9|2|Rio de Janeiro|330455|Capital|4|0|0|4|0|0.0|4|3|0.0|27|4|2|18|34|38|3|75|48|4|1|1|0|0.0|1|0|0.0|12|142|21|6|9|18|1.0|45|100|0|4|0|95|0|0.0|0.0|0.0|22|26.0|1.0|1.0|0.0|25|5|1|0|0|0|628|2025-10|Outubro|Capital (Zona Oeste e parte da Norte)|0|Coelho Neto; Colégio (parte); Honório Gurgel e Rocha Miranda|Rio de Janeiro|Metropolitana|2025-10-01|365
36803|41|10|2025|18|2|Rio de Janeiro|330455|Capital|0|0|0|0|2|0.0|2|3|0.0|38|0|1|35|22|26|0|48|21|0|6|0|0|0.0|0|0|0.0|6|81|14|7|8|35|2.0|91|157|0|5|0|158|2|1.0|1.0|0.0|12|19.0|0.0|0.0|0.0|49|0|0|0|0|0|856|2025-10|Outubro|Capital (Zona Oeste e parte da Norte)|0|Freguesia (Jacarepaguá); Pechincha e Tanque (parte)|Rio de Janeiro|Metropolitana|2025-10-01|365
36804|42|10|2025|31|2|Rio de Janeiro|330455|Capital|2|0|0|2|0|1.0|3|5|0.0|78|15|0|54|28|36|5|69|31|1|7|0|0|0.0|0|0|0.0|13|121|48|21|27|103|16.0|148|363|0|5|0|272|20|9.0|11.0|0.0|17|53.0|7.0|4.0|2.0|102|6|3|0|0|0|1450|2025-10|Outubro|Capital (Zona Oeste e parte da Norte)|0|Recreio dos Bandeirantes; Barra de Guaratiba; Camorim; Grumari; Vargem Grande e Vargem Pequena|Rio de Janeiro|Metropolitana|2025-10-01|365
36805|43|10|2025|27|2|Rio de Janeiro|330455|Capital|2|0|0|2|0|0.0|2|2|0.0|104|11|0|56|10|15|0|25|9|0|1|0|0|0.0|0|0|0.0|4|39|13|4|0|12|1.0|33|63|0|1|0|102|1|0.0|1.0|0.0|10|27.0|6.0|5.0|1.0|110|13|1|0|0|0|691|2025-10|Outubro|Capital (Zona Oeste e parte da Norte)|0|Guaratiba; Pedra de Guaratiba e Sepetiba|Rio de Janeiro|Metropolitana|2025-10-01|365
36806|44|10|2025|3|1|Rio de Janeiro|330455|Capital|1|0|0|1|0|0.0|1|2|1.0|45|7|2|24|36|46|2|84|31|2|4|0|0|0.0|0|0|0.0|9|130|14|3|10|33|1.0|91|152|0|2|0|67|8|0.0|6.0|2.0|8|31.0|1.0|4.0|1.0|32|6|0|0|0|0|776|2025-10|Outubro|Capital (Zona Sul, Centro e parte da Norte)|0|Del Castilho; Engenho da Rainha; Inhaúma; Maria da Graça e Tomás Coelho|Rio de Janeiro|Metropolitana|2025-10-01|365
36807|48|10|2025|24|3|Seropédica|330555|Baixada Fluminense|3|0|0|3|0|0.0|3|1|0.0|26|3|2|9|2|1|1|4|4|0|0|0|0|0.0|0|0|0.0|3|11|8|1|0|6|3.0|19|37|0|1|0|42|1|1.0|0.0|0.0|6|9.0|2.0|2.0|1.0|30|6|1|0|0|0|328|2025-10|Outubro|Baixada Fluminense|0|Seropédica|Seropédica|Metropolitana|2025-10-01|365
36808|50|10|2025|24|3|Itaguaí|330200|Baixada Fluminense|0|0|0|0|0|0.0|0|5|0.0|42|7|2|18|5|5|0|10|6|0|1|1|0|0.0|0|0|0.0|2|20|15|3|0|4|4.0|36|62|0|3|0|55|9|4.0|5.0|0.0|17|30.0|3.0|10.0|0.0|30|7|1|0|0|0|445|2025-10|Outubro|Baixada Fluminense|0|Itaguaí e Ibituporanga|Itaguaí|Metropolitana|2025-10-01|365
36809|51|10|2025|24|3|Paracambi|330360|Baixada Fluminense|0|0|0|0|0|0.0|0|4|0.0|16|0|1|4|0|0|0|0|2|1|0|1|0|0.0|1|0|0.0|0|5|1|0|0|4|0.0|7|12|0|1|0|18|11|6.0|4.0|1.0|3|9.0|8.0|4.0|0.0|29|1|0|0|0|0|182|2025-10|Outubro|Baixada Fluminense|0|Paracambi|Paracambi|Metropolitana|2025-10-01|365
36810|52|10|2025|20|3|Nova Iguaçu|330350|Baixada Fluminense|1|0|0|1|2|0.0|3|3|0.0|99|11|1|40|47|49|1|97|41|3|4|1|0|0.0|0|0|1.0|7|154|52|11|5|63|2.0|147|280|0|3|1|146|7|2.0|4.0|1.0|21|43.0|7.0|16.0|0.0|84|8|2|0|0|0|1235|2025-10|Outubro|Baixada Fluminense|0|Centro|Nova Iguaçu|Metropolitana|2025-10-01|365
36811|53|10|2025|20|3|Mesquita|330285|Baixada Fluminense|0|0|0|0|0|0.0|0|2|1.0|59|3|2|24|54|40|7|101|30|2|0|1|0|0.0|0|0|0.0|9|143|18|3|4|20|1.0|49|95|0|2|0|116|11|3.0|6.0|2.0|9|27.0|1.0|14.0|1.0|85|2|0|0|0|0|779|2025-10|Outubro|Baixada Fluminense|0|Mesquita; Chatuba e Banco de Areia|Mesquita|Metropolitana|2025-10-01|365
36812|54|10|2025|39|3|Belford Roxo|330045|Baixada Fluminense|11|0|0|11|1|0.0|12|12|0.0|168|19|4|24|54|80|2|136|103|3|3|2|0|0.0|0|0|0.0|13|260|26|6|3|12|2.0|44|93|0|6|0|140|27|0.0|22.0|5.0|61|106.0|10.0|24.0|2.0|140|22|0|0|0|0|1394|2025-10|Outubro|Baixada Fluminense|0|Areia Branca; Jardim Redentor; Parque São José; Nova Aurora e Lote XV|Belford Roxo|Metropolitana|2025-10-01|365
36813|55|10|2025|24|3|Queimados|330414|Baixada Fluminense|1|0|0|1|0|0.0|1|1|1.0|70|4|1|14|10|10|0|20|8|0|0|1|0|0.0|0|0|0.0|4|33|6|6|2|6|2.0|31|53|0|0|0|78|6|3.0|2.0|1.0|2|27.0|1.0|8.0|1.0|59|9|0|0|0|0|507|2025-10|Outubro|Baixada Fluminense|0|Centro; Norte; Sul. Leste; Oeste e Nordeste|Queimados|Metropolitana|2025-10-01|365
36814|56|10|2025|20|3|Nova Iguaçu|330350|Baixada Fluminense|6|0|0|6|1|0.0|7|4|0.0|84|8|3|28|34|28|2|64|48|0|1|1|0|0.0|0|1|0.0|4|119|16|3|3|15|1.0|52|90|0|2|0|108|6|1.0|4.0|1.0|14|23.0|0.0|7.0|0.0|103|11|0|0|0|0|801|2025-10|Outubro|Baixada Fluminense|0|Comendador Soares; Cabuçú e Km32|Nova Iguaçu|Metropolitana|2025-10-01|365
36815|57|10|2025|20|3|Nilópolis|330320|Baixada Fluminense|1|0|0|1|4|0.0|5|6|0.0|51|6|1|12|24|29|2|55|25|0|3|1|0|0.0|0|0|1.0|3|88|22|7|3|12|2.0|52|98|0|5|0|149|4|1.0|2.0|1.0|12|96.0|3.0|9.0|1.0|55|5|0|0|0|0|726|2025-10|Outubro|Baixada Fluminense|0|Nilópolis e Olinda|Nilópolis|Metropolitana|2025-10-01|365
36816|58|10|2025|20|3|Nova Iguaçu|330350|Baixada Fluminense|6|1|0|7|2|0.0|9|11|1.0|159|20|5|64|43|49|3|95|57|3|1|2|0|0.0|0|0|1.0|10|169|16|2|1|23|2.0|46|90|0|4|0|168|12|2.0|10.0|0.0|22|59.0|2.0|14.0|0.0|139|16|0|0|0|0|1238|2025-10|Outubro|Baixada Fluminense|0|Posse; Austin; Miguel Couto; Vila de Cava e Tinguá|Nova Iguaçu|Metropolitana|2025-10-01|365
36817|59|10|2025|15|3|Duque de Caxias|330170|Baixada Fluminense|3|0|0|3|3|0.0|6|13|0.0|115|14|3|42|82|99|3|184|94|31|4|2|0|1.0|0|0|0.0|28|344|65|32|8|42|1.0|147|295|0|3|0|163|23|0.0|20.0|3.0|86|69.0|1.0|18.0|0.0|93|12|0|0|0|0|1572|2025-10|Outubro|Baixada Fluminense|0|Duque de Caxias (Centro)|Duque de Caxias|Metropolitana|2025-10-01|365
36818|60|10|2025|15|3|Duque de Caxias|330170|Baixada Fluminense|8|0|0|8|0|0.0|8|4|1.0|66|7|14|28|39|41|4|84|101|13|1|2|0|0.0|0|0|0.0|11|212|24|6|8|15|2.0|41|96|0|9|0|161|9|1.0|8.0|0.0|23|56.0|3.0|14.0|4.0|99|10|0|0|0|0|1044|2025-10|Outubro|Baixada Fluminense|0|Campos Elyseos|Duque de Caxias|Metropolitana|2025-10-01|365
36819|61|10|2025|15|3|Duque de Caxias|330170|Baixada Fluminense|0|0|0|0|0|0.0|0|0|0.0|26|0|1|3|3|3|0|6|1|1|0|0|0|0.0|0|0|0.0|0|8|2|0|0|6|1.0|9|18|0|0|0|36|0|0.0|0.0|0.0|3|4.0|0.0|2.0|0.0|24|2|1|0|0|0|184|2025-10|Outubro|Baixada Fluminense|0|Xerém|Duque de Caxias|Metropolitana|2025-10-01|365
36820|62|10|2025|15|3|Duque de Caxias|330170|Baixada Fluminense|1|0|0|1|0|0.0|1|2|0.0|33|3|0|9|24|13|0|37|53|5|1|0|0|0.0|0|0|1.0|3|100|13|4|1|8|1.0|38|65|0|3|0|77|3|0.0|3.0|0.0|19|10.0|1.0|1.0|0.0|32|5|2|0|0|0|467|2025-10|Outubro|Baixada Fluminense|0|Imbariê|Duque de Caxias|Metropolitana|2025-10-01|365
36821|63|10|2025|24|3|Japeri|330227|Baixada Fluminense|2|0|0|2|0|0.0|2|2|1.0|28|4|2|5|5|0|0|5|2|2|0|0|0|0.0|0|0|0.0|2|11|6|0|1|5|0.0|5|17|0|0|0|29|9|2.0|7.0|0.0|2|34.0|0.0|15.0|0.0|21|3|0|0|0|0|238|2025-10|Outubro|Baixada Fluminense|0|Japeri; Engenheiro Pedreira; Marajoara; Pedra Lisa e Rio D`Ouro|Japeri|Metropolitana|2025-10-01|365
36822|64|10|2025|21|3|São João de Meriti|330510|Baixada Fluminense|4|0|0|4|3|1.0|8|12|0.0|144|10|3|63|88|64|20|172|108|19|7|0|0|0.0|0|0|1.0|37|344|67|15|6|55|0.0|159|302|0|10|0|349|22|0.0|19.0|3.0|65|90.0|9.0|24.0|0.0|144|28|2|0|0|0|1889|2025-10|Outubro|Baixada Fluminense|0|São João de Meriti; Coelho da Rocha e São Mateus|São João de Meriti|Metropolitana|2025-10-01|365
36823|65|10|2025|34|3|Magé|330250|Baixada Fluminense|3|0|0|3|0|0.0|3|1|0.0|39|9|1|15|2|0|0|2|3|0|0|0|0|0.0|0|0|0.0|1|6|7|0|1|10|2.0|27|47|0|1|0|46|12|3.0|7.0|2.0|2|9.0|6.0|10.0|0.0|46|2|0|0|0|0|344|2025-10|Outubro|Baixada Fluminense|0|Magé; Santo Aleixo e Suruí|Magé|Metropolitana|2025-10-01|365
36824|66|10|2025|34|3|Magé|330250|Baixada Fluminense|0|0|0|0|0|0.0|0|1|0.0|69|10|0|16|7|4|0|11|13|0|1|2|0|0.0|0|0|2.0|2|31|9|2|2|11|2.0|52|78|0|4|1|102|37|29.0|7.0|1.0|8|30.0|1.0|6.0|0.0|111|7|0|0|0|0|676|2025-10|Outubro|Baixada Fluminense|0|Inhomirim e Guia de Copaíba|Magé|Metropolitana|2025-10-01|365
36825|67|10|2025|34|3|Guapimirim|330185|Baixada Fluminense|1|0|0|1|0|0.0|1|3|0.0|27|7|2|19|3|0|0|3|1|0|0|0|0|0.0|0|0|0.0|0|4|3|0|0|4|0.0|9|16|0|5|0|36|8|2.0|6.0|0.0|3|13.0|0.0|7.0|3.0|31|6|0|0|0|0|261|2025-10|Outubro|Baixada Fluminense|0|Guapimirim|Guapimirim|Metropolitana|2025-10-01|365
36826|70|10|2025|35|4|Tanguá|330575|Interior|2|0|0|2|0|0.0|2|0|0.0|12|2|0|4|0|1|0|1|0|0|0|0|0|0.0|0|0|0.0|0|1|5|0|0|3|1.0|7|16|0|0|0|3|3|0.0|1.0|2.0|3|3.0|0.0|1.0|1.0|11|3|0|0|0|0|97|2025-10|Outubro|Grande Niterói e Região dos Lagos|0|Tanguá|Tanguá|Metropolitana|2025-10-01|365
36827|71|10|2025|35|4|Itaboraí|330190|Interior|0|0|0|0|1|0.0|1|0|0.0|44|6|3|24|11|12|0|23|13|1|0|0|0|0.0|0|1|0.0|2|40|22|2|5|32|3.0|47|111|0|3|0|84|35|12.0|19.0|4.0|14|40.0|3.0|5.0|1.0|46|7|0|0|0|0|694|2025-10|Outubro|Grande Niterói e Região dos Lagos|0|Itaboraí; Cabuçú; Itambí; Porto das Caixas e Sambaetiba|Itaboraí|Metropolitana|2025-10-01|365
36828|72|10|2025|7|4|São Gonçalo|330490|Grande Niterói|3|0|0|3|1|0.0|4|7|2.0|65|5|0|34|31|16|1|48|14|1|2|0|0|0.0|0|0|0.0|6|71|45|22|6|40|1.0|131|245|0|6|0|172|8|0.0|7.0|1.0|26|37.0|0.0|12.0|0.0|56|3|0|0|0|0|996|2025-10|Outubro|Grande Niterói e Região dos Lagos|0|São Gonçalo|São Gonçalo|Metropolitana|2025-10-01|365
36829|73|10|2025|7|4|São Gonçalo|330490|Grande Niterói|1|0|0|1|0|0.0|1|2|0.0|40|0|2|10|20|5|0|25|18|2|1|1|0|0.0|0|0|0.0|6|53|52|5|1|7|1.0|39|105|0|2|0|86|4|0.0|3.0|1.0|11|18.0|2.0|15.0|3.0|34|3|0|0|0|0|503|2025-10|Outubro|Grande Niterói e Região dos Lagos|0|Neves|São Gonçalo|Metropolitana|2025-10-01|365
36830|74|10|2025|7|4|São Gonçalo|330490|Grande Niterói|0|0|0|0|2|0.0|2|8|0.0|48|2|15|22|23|6|3|32|19|2|2|1|0|0.0|0|0|0.0|7|63|20|17|4|11|1.0|51|104|0|1|0|79|11|1.0|10.0|0.0|8|32.0|1.0|2.0|0.0|32|7|0|0|0|0|610|2025-10|Outubro|Grande Niterói e Região dos Lagos|0|Monjolo|São Gonçalo|Metropolitana|2025-10-01|365
36831|75|10|2025|7|4|São Gonçalo|330490|Grande Niterói|2|0|0|2|0|1.0|3|0|0.0|36|4|0|13|8|3|0|11|10|0|0|1|0|0.0|0|0|0.0|3|25|29|11|4|5|0.0|15|64|0|0|0|56|7|1.0|5.0|1.0|4|22.0|0.0|2.0|0.0|29|6|1|0|0|0|353|2025-10|Outubro|Grande Niterói e Região dos Lagos|0|Ipiiba e Sete Pontes|São Gonçalo|Metropolitana|2025-10-01|365
36832|76|10|2025|12|4|Niterói|330330|Grande Niterói|0|0|0|0|0|0.0|0|2|0.0|48|5|4|13|17|10|0|27|0|0|0|0|0|0.0|0|0|0.0|1|28|8|14|7|92|11.0|127|259|0|3|0|136|12|0.0|10.0|2.0|11|56.0|5.0|26.0|1.0|56|2|0|0|0|0|897|2025-10|Outubro|Grande Niterói e Região dos Lagos|0|Centro; Ponta da Areia; Ilha da Conceição; São Lourenço; Fátima; Morro do Estado; Ingá; São Domingos; Gragoatá e Boa Viagem|Niterói|Metropolitana|2025-10-01|365
36833|77|10|2025|12|4|Niterói|330330|Grande Niterói|0|0|0|0|1|0.0|1|2|0.0|35|3|0|18|5|2|1|8|0|0|3|0|0|0.0|0|0|1.0|1|13|5|4|4|34|25.0|157|229|0|5|0|152|2|0.0|2.0|0.0|2|13.0|0.0|9.0|0.0|38|4|0|0|0|0|842|2025-10|Outubro|Grande Niterói e Região dos Lagos|0|Santa Rosa; Icaraí; Vital Brasil; Pé Pequeno; Viradouro e Cubango|Niterói|Metropolitana|2025-10-01|365
36834|78|10|2025|12|4|Niterói|330330|Grande Niterói|2|0|0|2|0|0.0|2|2|0.0|41|8|2|26|10|7|1|18|7|0|2|1|0|0.0|0|0|0.0|10|38|24|4|3|25|1.0|102|159|0|4|0|86|8|0.0|6.0|2.0|16|24.0|2.0|8.0|1.0|37|2|0|0|0|0|624|2025-10|Outubro|Grande Niterói e Região dos Lagos|0|Fonseca; Viçoso Jardim; Caramujo; Baldeador; Santa Bárbara; Tenente Jardim; Engenhoca; Santana e Barreto|Niterói|Metropolitana|2025-10-01|365
36835|79|10|2025|12|4|Niterói|330330|Grande Niterói|1|0|0|1|0|0.0|1|0|0.0|26|4|1|22|5|5|0|10|0|1|0|1|0|0.0|0|0|0.0|1|13|10|1|1|9|2.0|44|67|0|2|0|54|4|0.0|2.0|2.0|5|9.0|1.0|2.0|0.0|19|3|0|0|0|0|309|2025-10|Outubro|Grande Niterói e Região dos Lagos|0|Jurujuba; Charitas; São Francisco; Cachoeiras; Maceió; Largo da Batalha; Ititioca; Badu; Sapê; Matapaca; Vila Progresso; Muriqui; Maria Paula e Cantagalo|Niterói|Metropolitana|2025-10-01|365
36836|81|10|2025|12|4|Niterói|330330|Grande Niterói|2|0|0|2|0|0.0|2|1|0.0|30|3|2|23|7|2|0|9|0|2|0|2|0|0.0|0|0|0.0|1|14|4|3|1|6|3.0|49|66|0|2|0|74|5|2.0|4.0|0.0|5|24.0|3.0|4.0|1.0|29|3|0|0|0|0|410|2025-10|Outubro|Grande Niterói e Região dos Lagos|0|Itaipu; Camboinhas; Itacoatiara; Piratininga; Cafubá; Jacaré; Rio do Ouro; Engenho do Mato; Várzea das Moças e Jardim Imbuí|Niterói|Metropolitana|2025-10-01|365
36837|82|10|2025|12|4|Maricá|330270|Grande Niterói|2|0|0|2|3|0.0|5|3|0.0|92|8|3|43|7|8|0|15|4|0|3|0|0|0.0|0|0|0.0|1|23|8|6|3|17|0.0|106|140|0|6|0|146|18|8.0|10.0|0.0|8|32.0|3.0|5.0|0.0|107|8|0|2|0|0|981|2025-10|Outubro|Grande Niterói e Região dos Lagos|0|Maricá e Inoã|Maricá|Metropolitana|2025-10-01|365
36838|88|10|2025|10|5|Barra do Pirai|330030|Interior|1|0|0|1|0|0.0|1|0|0.0|41|5|2|0|0|0|0|0|0|0|1|0|0|0.0|0|0|0.0|0|1|3|1|0|4|0.0|17|25|0|0|0|20|55|23.0|17.0|16.0|1|34.0|0.0|8.0|0.0|40|0|0|0|0|0|348|2025-10|Outubro|Sul Fluminense|0|Barra do Piraí; Dorandia; Ipiabas; São José do Turvo e Vargem Alegre|Barra do Piraí|Médio Paraíba|2025-10-01|365
36839|89|10|2025|37|5|Resende|330420|Interior|3|0|0|3|0|0.0|3|2|0.0|40|4|0|4|2|0|0|2|0|0|0|0|0|0.0|0|0|0.0|0|2|3|0|3|19|2.0|31|58|0|2|0|46|26|4.0|18.0|5.0|7|34.0|8.0|13.0|1.0|35|1|0|0|0|0|555|2025-10|Outubro|Sul Fluminense|0|Resende; Engenheiro Passos; Agulhas Negras; Pedra Selada e Fumaça|Resende|Médio Paraíba|2025-10-01|365
36840|90|10|2025|28|5|Barra Mansa|330040|Interior|4|0|0|4|0|0.0|4|2|0.0|28|5|1|17|0|2|0|2|0|0|1|0|0|0.0|0|0|0.0|0|3|3|1|0|3|0.0|53|60|0|0|0|76|39|5.0|29.0|5.0|4|42.0|12.0|11.0|0.0|81|8|2|0|0|0|589|2025-10|Outubro|Sul Fluminense|0|Antonio Rocha; Floriano; Nossa Senhora do Amparo; Rialto e Regiões Administrativas I; II; III; IV; V; VI; VII; VIII; IX; X; XI; XII; XIII; XIV|Barra Mansa|Médio Paraíba|2025-10-01|365
36841|91|10|2025|10|5|Valença|330610|Interior|0|0|0|0|0|0.0|0|3|0.0|30|3|1|2|0|0|0|0|0|0|0|0|0|0.0|0|0|0.0|1|1|0|0|0|9|0.0|11|20|0|0|0|29|20|4.0|15.0|1.0|0|31.0|2.0|8.0|3.0|31|3|1|0|0|0|227|2025-10|Outubro|Sul Fluminense|0|Valença; Barão de Juparana; Conservatória; Parapeúna; Pentagna e Santa Isabel do Rio Preto|Valença|Médio Paraíba|2025-10-01|365
36842|92|10|2025|10|5|Rio das Flores|330450|Interior|0|0|0|0|0|0.0|0|0|0.0|3|0|0|0|0|0|0|0|0|0|0|0|0|0.0|0|0|0.0|0|0|0|0|0|0|1.0|0|1|0|0|0|4|1|1.0|0.0|0.0|0|0.0|0.0|1.0|0.0|10|0|0|0|0|0|35|2025-10|Outubro|Sul Fluminense|0|Rio das Flores; Manuel Duarte; Abarracamento e Taboas|Rio das Flores|Médio Paraíba|2025-10-01|365
36843|93|10|2025|28|5|Volta Redonda|330630|Interior|7|0|0|7|1|1.0|9|4|0.0|76|3|2|32|5|3|0|8|2|0|0|0|0|0.0|0|0|0.0|0|10|6|4|0|12|1.0|154|177|0|5|0|219|79|45.0|29.0|6.0|9|83.0|7.0|23.0|0.0|142|7|1|1|0|0|1482|2025-10|Outubro|Sul Fluminense|0|Volta Redonda|Volta Redonda|Médio Paraíba|2025-10-01|365
36844|94|10|2025|10|5|Piraí|330400|Interior|1|0|0|1|1|0.0|2|1|0.0|10|0|0|2|1|1|0|2|1|0|0|0|0|0.0|0|0|0.0|0|3|0|0|0|5|0.0|15|20|0|1|0|8|11|6.0|5.0|0.0|1|25.0|0.0|13.0|0.0|14|0|0|0|0|0|152|2025-10|Outubro|Sul Fluminense|0|Piraí; Arrozal; Monumento e Santanésia|Piraí|Médio Paraíba|2025-10-01|365
36845|95|10|2025|10|5|Vassouras|330620|Interior|1|0|0|1|0|0.0|1|2|0.0|11|2|0|2|0|0|0|0|0|0|0|0|0|0.0|0|0|0.0|0|0|0|0|1|0|0.0|5|6|0|0|0|20|17|11.0|5.0|1.0|1|15.0|3.0|1.0|0.0|15|2|0|0|0|0|139|2025-10|Outubro|Sul Fluminense|0|Vassouras; Andrade Pinto; São Sebastião dos Ferreiros e Sebastião de Lacerda|Vassouras|Centro-Sul Fluminense|2025-10-01|365
36846|96|10|2025|10|5|Miguel Pereira;Paty dos Alferes|999999|Interior|1|0|0|1|0|0.0|1|0|0.0|44|2|1|6|0|0|0|0|0|0|0|0|0|0.0|0|0|0.0|0|0|1|0|0|0|0.0|14|15|0|3|0|30|28|25.0|2.0|1.0|0|23.0|0.0|2.0|0.0|45|0|0|0|0|0|365|2025-10|Outubro|Sul Fluminense|0|Miguel Pereira; Governador Portela e Conrado|Miguel Pereira|Centro-Sul Fluminense|2025-10-01|365
36847|97|10|2025|10|5|Mendes|330280|Interior|0|0|0|0|0|0.0|0|0|0.0|11|1|0|2|0|0|0|0|0|0|0|0|0|0.0|0|0|0.0|0|0|0|0|0|1|0.0|2|3|0|0|0|5|11|7.0|2.0|2.0|0|6.0|0.0|3.0|0.0|15|0|0|0|0|0|95|2025-10|Outubro|Sul Fluminense|0|Mendes|Mendes|Centro-Sul Fluminense|2025-10-01|365
36848|98|10|2025|10|5|Engenheiro Paulo de Frontin|330180|Interior|0|0|0|0|0|0.0|0|0|0.0|1|1|1|0|0|0|0|0|0|0|0|0|0|0.0|0|0|0.0|0|0|0|0|0|0|0.0|0|0|0|0|0|3|6|4.0|0.0|2.0|1|3.0|0.0|2.0|0.0|9|1|0|0|0|0|58|2025-10|Outubro|Sul Fluminense|0|Engenheiro Paulo de Frontin e Sacra Família do Tinguá|Engenheiro Paulo de Frontin|Centro-Sul Fluminense|2025-10-01|365
36849|99|10|2025|37|5|Itatiaia|330225|Interior|0|0|0|0|0|0.0|0|2|0.0|5|4|0|0|0|0|0|0|0|0|0|0|0|0.0|0|0|0.0|0|0|0|0|0|2|2.0|9|13|0|0|0|11|12|1.0|8.0|3.0|2|12.0|2.0|1.0|0.0|10|0|0|0|0|0|138|2025-10|Outubro|Sul Fluminense|0|Itatiaia|Itatiaia|Médio Paraíba|2025-10-01|365
36850|100|10|2025|37|5|Porto Real;Quatis|999999|Interior|1|0|0|1|0|0.0|1|3|0.0|10|0|0|1|0|0|0|0|1|0|0|0|0|0.0|0|0|0.0|0|1|1|1|0|0|0.0|7|9|0|0|0|15|12|6.0|6.0|0.0|2|9.0|4.0|2.0|0.0|9|1|0|0|0|0|97|2025-10|Outubro|Sul Fluminense|0|Porto Real|Porto Real|Médio Paraíba|2025-10-01|365
36851|101|10|2025|28|5|Pinheiral|330395|Interior|0|0|0|0|0|0.0|0|0|0.0|11|0|0|6|0|0|0|0|0|0|0|0|0|0.0|0|0|0.0|0|0|1|0|0|1|0.0|7|9|0|1|0|13|10|6.0|3.0|2.0|0|9.0|0.0|2.0|1.0|11|2|0|0|0|0|111|2025-10|Outubro|Sul Fluminense|0|Pinheiral|Pinheiral|Médio Paraíba|2025-10-01|365
36852|104|10|2025|30|7|São José do Vale do Rio Preto|330515|Interior|0|0|0|0|0|0.0|0|0|0.0|5|2|0|3|0|0|0|0|0|0|1|0|0|0.0|0|0|0.0|0|1|0|0|0|0|0.0|7|7|0|1|0|10|13|11.0|1.0|1.0|0|12.0|0.0|1.0|0.0|6|1|0|0|0|0|76|2025-10|Outubro|Região Serrana|0|São José do Vale do Rio Preto|São José do Vale do Rio Preto|Serrana|2025-10-01|365
36853|105|10|2025|26|7|Petrópolis|330390|Interior|1|0|0|1|0|0.0|1|1|1.0|68|9|4|25|0|0|0|0|0|0|1|0|0|0.0|0|0|0.0|0|1|4|6|1|6|0.0|83|100|0|4|0|159|62|12.0|35.0|16.0|4|70.0|9.0|13.0|0.0|89|5|0|0|0|0|845|2025-10|Outubro|Região Serrana|0|Petrópolis e Cascatinha|Petrópolis|Metropolitana|2025-10-01|365
36854|106|10|2025|26|7|Petrópolis|330390|Interior|0|0|0|0|0|0.0|0|0|0.0|46|2|3|10|3|1|0|4|1|0|1|0|0|0.0|0|0|0.0|0|6|6|0|0|9|0.0|41|56|0|1|0|87|16|2.0|8.0|6.0|4|29.0|1.0|17.0|0.0|56|4|0|0|0|0|474|2025-10|Outubro|Região Serrana|0|Itaipava; Pedro do Rio e Posse|Petrópolis|Metropolitana|2025-10-01|365
36855|107|10|2025|38|7|Paraíba do Sul|330370|Interior|0|0|0|0|0|0.0|0|0|0.0|9|3|0|4|0|0|0|0|0|0|0|0|0|0.0|0|0|0.0|0|0|0|0|0|0|2.0|11|13|0|0|0|12|26|8.0|9.0|9.0|1|10.0|3.0|6.0|0.0|18|0|0|0|0|0|142|2025-10|Outubro|Região Serrana|0|Paraíba do Sul; Werneck; Salutaris e Inconfidência|Paraíba do Sul|Centro-Sul Fluminense|2025-10-01|365
36856|108|10|2025|38|7|Comendador Levy Gasparian;Areal;Três Rios|999999|Interior|3|0|0|3|0|0.0|3|4|0.0|52|4|2|12|0|0|1|1|0|0|0|0|0|0.0|0|0|0.0|1|2|1|1|0|6|1.0|33|42|0|0|0|61|91|65.0|17.0|9.0|3|34.0|11.0|29.0|0.0|79|3|0|0|0|0|613|2025-10|Outubro|Região Serrana|0|Areal|Areal|Centro-Sul Fluminense|2025-10-01|365
36857|109|10|2025|38|7|Sapucaia|330540|Interior|0|0|0|0|0|0.0|0|0|0.0|8|0|1|1|0|0|0|0|0|0|0|0|0|0.0|0|0|0.0|0|0|0|0|0|3|1.0|8|12|0|0|0|8|17|13.0|4.0|0.0|2|8.0|0.0|2.0|0.0|14|0|0|0|0|0|97|2025-10|Outubro|Região Serrana|0|Sapucaia; Anta; Pião; Nossa Senhora Aparecida e Jamapara|Sapucaia|Centro-Sul Fluminense|2025-10-01|365
36858|110|10|2025|30|7|Teresópolis|330580|Interior|1|0|0|1|0|0.0|1|4|2.0|66|16|3|48|2|0|0|2|0|0|1|0|0|0.0|0|0|0.0|1|4|1|1|0|7|0.0|51|60|0|2|0|111|90|35.0|34.0|24.0|2|51.0|23.0|19.0|0.0|87|3|0|0|0|0|873|2025-10|Outubro|Região Serrana|0|Teresópolis; Vale do Bonsucesso e Vale do Paquequer|Teresópolis|Serrana|2025-10-01|365
36859|111|10|2025|30|7|Sumidouro|330570|Interior|0|0|0|0|0|0.0|0|0|0.0|6|2|0|0|0|0|0|0|0|0|0|0|0|0.0|0|0|0.0|0|0|1|0|0|0|0.0|2|3|0|0|0|5|4|1.0|2.0|1.0|2|4.0|0.0|3.0|0.0|4|1|0|0|0|0|47|2025-10|Outubro|Região Serrana|0|Sumidouro|Sumidouro|Serrana|2025-10-01|365
36860|112|10|2025|30|7|Carmo|330120|Interior|0|0|0|0|0|0.0|0|2|0.0|12|1|2|2|0|0|0|0|0|0|0|0|0|0.0|0|0|0.0|0|0|1|0|0|1|0.0|5|7|0|1|0|10|6|3.0|2.0|1.0|1|4.0|1.0|2.0|0.0|8|0|0|0|0|0|76|2025-10|Outubro|Região Serrana|0|Carmo; Córrego da Prata e Porto Velho do Cunha|Carmo|Serrana|2025-10-01|365
36861|118|10|2025|25|4|Araruama|330020|Interior|1|0|0|1|0|0.0|1|0|0.0|37|5|4|25|3|1|0|4|2|0|0|0|0|0.0|0|0|0.0|0|6|10|1|0|10|2.0|69|92|0|4|0|88|24|4.0|10.0|10.0|2|54.0|6.0|8.0|0.0|60|6|0|0|0|0|594|2025-10|Outubro|Grande Niterói e Região dos Lagos|0|Araruama; Morro Grande e São Vicente de Paula|Araruama|Baixadas Litorâneas|2025-10-01|365
36862|119|10|2025|35|4|Rio Bonito|330430|Interior|2|0|0|2|0|0.0|2|0|0.0|11|4|0|4|3|0|0|3|0|0|0|0|0|0.0|0|0|0.0|2|5|8|2|0|2|1.0|22|35|0|1|0|29|21|4.0|8.0|9.0|4|16.0|0.0|4.0|1.0|15|3|1|0|0|0|231|2025-10|Outubro|Grande Niterói e Região dos Lagos|0|Rio Bonito e Boa Esperança|Rio Bonito|Metropolitana|2025-10-01|365
36863|120|10|2025|35|4|Silva Jardim|330560|Interior|0|0|0|0|0|0.0|0|0|0.0|5|1|0|0|0|0|0|0|0|0|0|0|0|0.0|0|0|0.0|0|0|1|0|0|0|0.0|2|3|0|0|0|8|2|0.0|1.0|1.0|0|3.0|1.0|1.0|0.0|14|1|0|0|0|0|55|2025-10|Outubro|Grande Niterói e Região dos Lagos|0|Silva Jardim; Aldeia Velha; Correntezas e Gaviões|Silva Jardim|Baixadas Litorâneas|2025-10-01|365
36864|121|10|2025|32|6|Casimiro de Abreu|330130|Interior|0|0|0|0|0|0.0|0|0|0.0|5|0|0|0|0|0|0|0|0|0|0|0|0|0.0|0|0|0.0|1|1|1|0|0|3|2.0|15|21|0|0|0|13|19|3.0|9.0|7.0|2|24.0|2.0|4.0|0.0|10|3|1|0|0|0|128|2025-10|Outubro|Norte Fluminense e Noroeste|0|Casimiro de Abreu; Professor Souza; Barra de São João e Rio Dourado|Casimiro de Abreu|Baixadas Litorâneas|2025-10-01|365
36865|122|10|2025|32|6|Conceição de Macabú|330140|Interior|0|0|0|0|0|0.0|0|0|0.0|9|3|3|5|0|0|0|0|0|0|0|0|0|0.0|0|0|0.0|0|0|1|1|0|0|1.0|1|4|0|0|0|12|4|2.0|3.0|0.0|0|7.0|1.0|1.0|0.0|10|0|0|0|0|0|76|2025-10|Outubro|Norte Fluminense e Noroeste|0|Conceição de Macabú e Macabuzinho|Conceição de Macabú|Norte Fluminense|2025-10-01|365
36866|123|10|2025|32|6|Macaé|330240|Interior|3|0|0|3|0|0.0|3|9|0.0|74|11|4|41|3|1|0|4|2|0|0|0|0|0.0|0|0|0.0|0|6|7|9|3|13|3.0|86|121|0|7|0|248|64|14.0|39.0|13.0|6|67.0|12.0|16.0|3.0|91|11|0|0|0|0|1094|2025-10|Outubro|Norte Fluminense e Noroeste|0|Centro; Cabiúnas; Barra de Macaé; Aeroporto e Imboassica|Macaé|Norte Fluminense|2025-10-01|365
36867|124|10|2025|25|4|Saquarema|330550|Interior|6|0|0|6|1|0.0|7|1|0.0|30|10|1|44|1|2|0|3|2|0|0|0|0|0.0|0|0|1.0|0|6|8|5|1|11|3.0|45|73|0|3|0|76|14|1.0|8.0|5.0|5|20.0|1.0|5.0|0.0|62|2|0|0|0|0|616|2025-10|Outubro|Grande Niterói e Região dos Lagos|0|Saquarema; Bacaxá e Sampaio Correia|Saquarema|Baixadas Litorâneas|2025-10-01|365
36868|125|10|2025|25|4|São Pedro da Aldeia|330520|Interior|2|0|0|2|0|0.0|2|0|0.0|21|2|1|11|3|1|0|4|3|0|0|0|0|0.0|0|0|0.0|0|7|5|1|1|6|3.0|23|39|0|0|0|48|14|2.0|11.0|1.0|3|28.0|8.0|5.0|0.0|32|1|1|1|0|0|338|2025-10|Outubro|Grande Niterói e Região dos Lagos|0|São Pedro da Aldeia|São Pedro da Aldeia|Baixadas Litorâneas|2025-10-01|365
36869|126|10|2025|25|4|Cabo Frio|330070|Interior|5|0|0|5|0|0.0|5|6|0.0|91|12|3|31|7|6|0|13|4|1|1|0|0|0.0|0|0|0.0|4|23|15|6|1|25|6.0|109|162|0|4|0|196|67|7.0|56.0|4.0|13|68.0|20.0|21.0|1.0|109|12|0|0|0|0|1242|2025-10|Outubro|Grande Niterói e Região dos Lagos|0|Cabo Frio e Tamoios|Cabo Frio|Baixadas Litorâneas|2025-10-01|365
36870|127|10|2025|25|4|Armação dos Búzios|330023|Interior|1|0|0|1|0|0.0|1|0|0.0|24|1|0|2|1|1|0|2|0|0|0|0|0|0.0|0|0|0.0|3|5|3|0|2|2|1.0|32|40|0|1|0|37|27|2.0|16.0|9.0|0|25.0|5.0|2.0|0.0|23|2|0|0|0|0|281|2025-10|Outubro|Grande Niterói e Região dos Lagos|0|Armação dos Búzios|Armação dos Búzios|Baixadas Litorâneas|2025-10-01|365
36871|128|10|2025|32|6|Rio das Ostras|330452|Interior|2|1|0|3|0|0.0|3|3|1.0|46|4|5|40|6|0|0|6|1|0|0|0|0|0.0|0|1|0.0|1|9|4|2|0|9|3.0|61|79|0|2|0|82|92|47.0|38.0|8.0|6|84.0|4.0|9.0|1.0|62|6|0|0|0|0|633|2025-10|Outubro|Norte Fluminense e Noroeste|0|Rio das Ostras|Rio das Ostras|Baixadas Litorâneas|2025-10-01|365
36872|129|10|2025|25|4|Iguaba Grande|330187|Interior|1|0|0|1|0|0.0|1|2|0.0|14|1|0|0|2|0|0|2|0|0|0|0|0|0.0|0|0|0.0|0|2|1|0|0|4|2.0|13|20|0|1|0|14|6|2.0|3.0|1.0|0|7.0|1.0|1.0|0.0|13|0|0|0|0|0|119|2025-10|Outubro|Grande Niterói e Região dos Lagos|0|Iguaba Grande|Iguaba Grande|Baixadas Litorâneas|2025-10-01|365
36873|130|10|2025|32|6|Quissamã;Carapebus|999999|Interior|0|0|0|0|0|0.0|0|5|0.0|7|1|0|1|0|0|0|0|3|0|0|0|0|0.0|0|0|0.0|0|3|0|0|0|2|0.0|5|7|0|0|0|11|8|1.0|4.0|3.0|3|10.0|6.0|3.0|2.0|12|0|0|0|0|0|116|2025-10|Outubro|Norte Fluminense e Noroeste|0|Centro; UB-S; Rodagem; Carapebus e Praia de Carapebus|Carapebus|Norte Fluminense|2025-10-01|365
36874|132|10|2025|25|4|Arraial do Cabo|330025|Interior|0|0|0|0|0|0.0|0|1|0.0|24|2|0|1|0|0|0|0|0|0|0|0|0|0.0|0|0|0.0|1|1|1|1|0|4|0.0|11|17|0|0|0|22|16|6.0|8.0|2.0|1|16.0|1.0|5.0|0.0|19|4|1|0|0|0|190|2025-10|Outubro|Grande Niterói e Região dos Lagos|0|Arraial do Cabo|Arraial do Cabo|Baixadas Litorâneas|2025-10-01|365
36875|134|10|2025|8|6|Campos dos Goytacazes|330100|Interior|0|0|0|0|0|0.0|0|4|1.0|79|15|3|21|17|12|0|29|8|1|1|5|0|0.0|0|0|1.0|5|50|11|10|13|31|22.0|122|209|0|9|0|244|109|67.0|20.0|22.0|13|101.0|12.0|26.0|1.0|144|10|1|0|0|0|1386|2025-10|Outubro|Norte Fluminense e Noroeste|0|Campos dos Goytacazes (Primeiro Subdistrito; Segundo Subdistrito e Quarto Subdistrito); Ibitioca; Dores de Macabu; Morangaba; Mussurepe; Serrinha; Santo Amaro de Campos; São Sebastião de Campos e Tocos|Campos dos Goytacazes|Norte Fluminense|2025-10-01|365
36876|135|10|2025|36|6|Itaocara|330210|Interior|0|0|0|0|0|0.0|0|0|0.0|11|2|0|1|0|0|0|0|0|0|0|0|0|0.0|0|0|0.0|0|0|1|0|0|1|1.0|4|7|0|0|0|21|12|6.0|1.0|5.0|0|3.0|0.0|4.0|0.0|22|0|0|0|0|0|110|2025-10|Outubro|Norte Fluminense e Noroeste|0|Itaocara; Portela; Batatal; Laranjais; Jaguarembe e Estrada Nova|Itaocara|Noroeste Fluminense|2025-10-01|365
36877|136|10|2025|36|6|Santo Antônio de Pádua;Aperibé|999999|Interior|1|0|2|3|0|0.0|3|0|0.0|13|0|2|14|0|0|0|0|0|0|2|0|0|0.0|0|0|0.0|3|5|0|0|0|2|0.0|7|9|0|0|0|23|60|25.0|14.0|21.0|1|16.0|0.0|10.0|1.0|16|0|0|0|0|0|211|2025-10|Outubro|Norte Fluminense e Noroeste|0|Aperibé|Aperibé|Noroeste Fluminense|2025-10-01|365
36878|137|10|2025|36|6|Miracema|330300|Interior|1|0|0|1|0|0.0|1|1|0.0|15|1|0|3|0|0|0|0|0|0|0|0|0|0.0|0|0|0.0|0|0|0|0|0|1|0.0|9|10|0|1|0|11|23|14.0|8.0|2.0|0|9.0|0.0|4.0|1.0|14|0|1|0|0|0|118|2025-10|Outubro|Norte Fluminense e Noroeste|0|Miracema; Venda das Flores e Paraíso do Tobias|Miracema|Noroeste Fluminense|2025-10-01|365
36879|138|10|2025|29|6|Laje do Muriaé|330230|Interior|1|0|0|1|0|0.0|1|0|0.0|3|0|0|0|0|0|0|0|0|0|0|0|0|0.0|0|0|0.0|0|0|1|0|0|0|0.0|1|2|0|0|0|5|1|0.0|1.0|0.0|1|0.0|0.0|0.0|0.0|1|0|0|0|0|0|23|2025-10|Outubro|Norte Fluminense e Noroeste|0|Laje do Muriaé|Laje do Muriaé|Noroeste Fluminense|2025-10-01|365
36880|139|10|2025|29|6|Porciúncula|330410|Interior|0|0|0|0|0|0.0|0|0|0.0|5|0|0|0|0|0|0|0|0|0|0|0|0|0.0|0|0|0.0|0|0|2|0|0|2|2.0|3|9|0|0|0|3|5|4.0|1.0|0.0|0|5.0|0.0|3.0|0.0|21|0|0|0|0|0|79|2025-10|Outubro|Norte Fluminense e Noroeste|0|Porciúncula; Purilândia e Santa Clara|Porciúncula|Noroeste Fluminense|2025-10-01|365
36881|140|10|2025|29|6|Natividade;Varre-Sai|999999|Interior|1|0|0|1|0|0.0|1|1|0.0|12|1|0|2|0|0|0|0|0|0|0|0|0|0.0|0|0|0.0|0|0|0|0|0|0|0.0|2|2|0|0|0|6|10|9.0|1.0|0.0|0|4.0|0.0|2.0|0.0|16|0|0|0|0|0|71|2025-10|Outubro|Norte Fluminense e Noroeste|0|Natividade; Ourania e Bom Jesus do Querendo|Natividade|Noroeste Fluminense|2025-10-01|365
36882|141|10|2025|8|6|São Fidélis|330480|Interior|0|0|0|0|0|0.0|0|0|0.0|23|1|0|4|0|0|0|0|1|0|0|0|0|0.0|0|0|0.0|0|1|0|0|0|1|2.0|15|18|0|0|0|24|5|4.0|0.0|1.0|2|4.0|0.0|3.0|0.0|34|4|0|0|0|0|174|2025-10|Outubro|Norte Fluminense e Noroeste|0|São Fidelis; Cambiasca; Colonia; Ipuca e Pureza|São Fidélis|Norte Fluminense|2025-10-01|365
36883|142|10|2025|36|6|Cambuci|330090|Interior|2|0|0|2|0|0.0|2|0|0.0|6|0|0|1|0|0|0|0|0|0|0|0|0|0.0|0|0|0.0|0|0|0|0|0|0|0.0|3|3|0|0|0|5|2|1.0|1.0|0.0|0|2.0|0.0|1.0|0.0|8|0|0|0|0|0|42|2025-10|Outubro|Norte Fluminense e Noroeste|0|Cambuci; Três Irmãos; Funil; Monte Verde e São João do Paraíso|Cambuci|Noroeste Fluminense|2025-10-01|365
36884|143|10|2025|29|6|Itaperuna;São José de Ubá|999999|Interior|5|0|0|5|0|0.0|5|5|0.0|27|6|2|3|0|0|0|0|0|0|0|0|0|0.0|0|0|0.0|1|1|1|0|0|3|3.0|14|21|0|0|0|44|74|31.0|27.0|17.0|2|29.0|4.0|7.0|3.0|50|0|0|0|0|0|354|2025-10|Outubro|Norte Fluminense e Noroeste|0|Itaperuna; Boaventura; Nossa Senhora da Penha; Itajara; Retiro do Muriaé; Raposo e Comendador Venâncio|Itaperuna|Noroeste Fluminense|2025-10-01|365
36885|144|10|2025|29|6|Bom Jesus de Itabapoana|330060|Interior|0|0|0|0|0|0.0|0|0|0.0|14|0|1|4|0|0|0|0|0|0|0|0|0|0.0|0|0|0.0|0|0|4|0|0|2|1.0|11|18|0|0|0|15|26|13.0|14.0|0.0|3|11.0|1.0|4.0|1.0|10|1|0|0|0|0|176|2025-10|Outubro|Norte Fluminense e Noroeste|0|Bom Jesus de Itabapoana; Carabuçú; Calheiros; Pirapetinga de Bom Jesus; Rosal e Serrinha|Bom Jesus de Itabapoana|Noroeste Fluminense|2025-10-01|365
36886|145|10|2025|8|6|São João da Barra|330500|Interior|0|0|0|0|0|0.0|0|0|0.0|11|1|0|2|1|0|0|1|1|0|0|1|0|0.0|0|0|0.0|0|3|1|2|0|0|2.0|24|29|0|0|0|20|13|2.0|3.0|8.0|0|8.0|3.0|2.0|0.0|24|0|0|0|0|0|160|2025-10|Outubro|Norte Fluminense e Noroeste|0|Barcelos; Atafona; São João da Barra; Grussaí; Cajueiro e Pipeiras|São João da Barra|Norte Fluminense|2025-10-01|365
36887|146|10|2025|8|6|Campos dos Goytacazes|330100|Interior|9|0|0|9|0|0.0|9|5|0.0|38|4|3|19|3|1|0|4|2|0|2|1|0|0.0|0|0|0.0|0|9|5|1|0|7|0.0|37|50|0|1|0|35|66|17.0|21.0|28.0|4|75.0|5.0|16.0|2.0|50|2|0|0|0|0|431|2025-10|Outubro|Norte Fluminense e Noroeste|0|Campos dos Goytacazes (Terceiro Subdistrito); Santa Maria; Morro do Coco; Santo Eduardo; Travessão e Vila Nova de Campos|Campos dos Goytacazes|Norte Fluminense|2025-10-01|365
36888|147|10|2025|8|6|São Francisco de Itabapoana|330475|Interior|2|0|0|2|0|0.0|2|1|0.0|17|2|1|3|1|0|1|2|0|0|1|0|0|0.0|0|0|0.0|1|4|1|0|0|2|0.0|23|26|0|0|0|21|22|2.0|14.0|6.0|0|28.0|6.0|5.0|1.0|24|0|0|0|0|0|165|2025-10|Outubro|Norte Fluminense e Noroeste|0|São Francisco de Itabapoana; Maniva e Barra Seca|São Francisco de Itabapoana|Norte Fluminense|2025-10-01|365
36889|148|10|2025|29|6|Cardoso Moreira;Italva|999999|Interior|0|0|0|0|0|0.0|0|0|0.0|6|2|1|2|0|0|0|0|0|0|0|1|0|0.0|0|0|0.0|0|1|1|0|0|0|0.0|3|4|0|0|0|6|34|14.0|6.0|14.0|2|3.0|1.0|5.0|2.0|10|0|0|0|0|0|94|2025-10|Outubro|Norte Fluminense e Noroeste|0|Italva|Italva|Noroeste Fluminense|2025-10-01|365
36890|151|10|2025|11|7|Nova Friburgo|330340|Interior|3|0|0|3|0|1.0|4|0|0.0|64|8|1|48|0|0|0|0|0|0|0|0|0|0.0|0|0|0.0|0|0|5|3|1|9|1.0|60|79|0|2|0|170|56|8.0|44.0|4.0|5|65.0|24.0|6.0|3.0|95|4|0|0|0|0|853|2025-10|Outubro|Região Serrana|0|Nova Friburgo; São Pedro da Serra; Lumiar; Amparo; Riograndina; Conselheiro Paulino e Campo do Coelho|Nova Friburgo|Serrana|2025-10-01|365
36891|152|10|2025|11|7|Duas Barras|330160|Interior|0|0|0|0|0|0.0|0|0|0.0|2|1|0|0|0|0|0|0|0|0|0|0|0|0.0|0|0|0.0|0|0|0|0|0|0|0.0|1|1|0|0|0|8|2|0.0|2.0|0.0|0|3.0|1.0|1.0|0.0|3|0|0|0|0|0|39|2025-10|Outubro|Região Serrana|0|Duas Barras e Monnerat|Duas Barras|Serrana|2025-10-01|365
36892|153|10|2025|11|7|Cantagalo|330110|Interior|0|0|0|0|0|0.0|0|0|0.0|6|0|0|1|0|0|0|0|0|0|0|0|0|0.0|0|0|0.0|0|0|2|0|1|1|0.0|2|6|0|0|0|14|4|0.0|4.0|0.0|0|9.0|0.0|1.0|0.0|10|1|0|0|0|0|78|2025-10|Outubro|Região Serrana|0|Cantagalo; Santa Rita da Floresta; Boa Sorte; Euclidelândia e São Sebastião do Paraíba|Cantagalo|Serrana|2025-10-01|365
36893|154|10|2025|11|7|Cordeiro;Macuco|999999|Interior|0|0|1|1|0|0.0|1|0|0.0|8|1|0|4|0|0|0|0|0|0|0|0|0|0.0|0|0|0.0|1|1|1|0|0|2|0.0|4|7|0|1|0|12|6|4.0|2.0|0.0|3|3.0|0.0|0.0|0.0|24|0|0|0|0|0|112|2025-10|Outubro|Região Serrana|0|Cordeiro|Cordeiro|Serrana|2025-10-01|365
36894|155|10|2025|36|6|São Sebastião do Alto|330530|Interior|0|0|0|0|0|0.0|0|0|0.0|3|0|0|0|0|0|0|0|0|0|0|0|0|0.0|0|0|0.0|0|0|0|0|0|0|0.0|1|1|0|0|0|4|1|1.0|0.0|0.0|0|1.0|0.0|1.0|0.0|1|0|0|0|0|0|19|2025-10|Outubro|Norte Fluminense e Noroeste|0|São Sebastião do Alto; Valão do Barro e Ipituna|São Sebastião do Alto|Serrana|2025-10-01|365
36895|156|10|2025|11|7|Santa Maria Madalena|330460|Interior|0|0|0|0|0|0.0|0|0|0.0|1|0|0|6|0|0|0|0|0|0|0|0|0|0.0|0|0|0.0|0|0|0|0|0|0|0.0|2|2|0|0|0|6|0|0.0|0.0|0.0|1|0.0|0.0|0.0|0.0|1|0|0|0|0|0|32|2025-10|Outubro|Região Serrana|0|Santa Maria Madalena; Doutor Loreti; Renascença; Santo Antônio do Imbé; Sossego e Triunfo|Santa Maria Madalena|Serrana|2025-10-01|365
36896|157|10|2025|11|7|Trajano de Morais|330590|Interior|0|0|0|0|0|0.0|0|0|0.0|4|0|0|0|0|0|0|0|0|0|0|0|0|0.0|0|0|0.0|0|0|0|0|0|0|0.0|1|1|0|0|0|1|0|0.0|0.0|0.0|1|1.0|0.0|0.0|0.0|7|0|0|0|0|0|21|2025-10|Outubro|Região Serrana|0|Trajano de Moraes; Doutor Elias; Sodrelândia; Vila da Grama e Visconde de Imbé|Trajano de Moraes|Serrana|2025-10-01|365
36897|158|10|2025|11|7|Bom Jardim|330050|Interior|0|0|0|0|0|0.0|0|0|0.0|5|0|1|10|0|0|0|0|0|0|0|0|0|0.0|0|0|0.0|0|0|1|0|0|0|0.0|3|4|0|2|0|7|6|1.0|4.0|1.0|2|8.0|0.0|0.0|0.0|15|0|0|0|0|0|70|2025-10|Outubro|Região Serrana|0|Bom Jardim; Banquete; Barra Alegre e São José do Ribeirão|Bom Jardim|Serrana|2025-10-01|365
36898|159|10|2025|35|4|Cachoeiras de Macacu|330080|Interior|1|0|0|1|0|0.0|1|3|0.0|15|2|1|8|1|0|0|1|0|0|0|0|0|0.0|0|0|0.0|1|2|1|0|1|1|0.0|10|13|0|0|0|25|7|4.0|3.0|0.0|1|3.0|1.0|4.0|0.0|37|2|0|0|0|0|163|2025-10|Outubro|Grande Niterói e Região dos Lagos|0|Cachoeiras de Macacu; Japuíba e Subaio|Cachoeiras de Macacu|Metropolitana|2025-10-01|365
36899|165|10|2025|33|5|Mangaratiba|330260|Interior|1|0|0|1|0|0.0|1|0|1.0|33|3|3|1|0|0|0|0|0|0|0|0|0|0.0|0|0|0.0|0|0|4|0|0|4|1.0|10|19|0|0|0|32|14|9.0|3.0|2.0|5|8.0|0.0|4.0|0.0|21|0|0|0|0|0|196|2025-10|Outubro|Sul Fluminense|0|Mangaratiba; Conceição de Jacareí; Vila Muriquí; Itacuruçá|Mangaratiba|Costa Verde|2025-10-01|365
36900|166|10|2025|33|5|Angra dos Reis|330010|Interior|3|0|0|3|1|0.0|4|2|0.0|59|7|2|14|0|0|0|0|0|0|1|0|0|0.0|0|0|0.0|1|2|4|2|0|4|1.0|37|48|0|2|0|134|28|6.0|15.0|8.0|4|39.0|3.0|12.0|0.0|82|8|0|1|0|0|682|2025-10|Outubro|Sul Fluminense|0|Angra dos Reis; Jacuecanga; Cunhambebe; Mambucaba; Abraão e Praia de Araçatiba|Angra dos Reis|Costa Verde|2025-10-01|365
36901|167|10|2025|43|5|Paraty|330380|Interior|1|0|0|1|0|0.0|1|1|0.0|22|4|2|2|0|0|0|0|0|0|0|0|0|0.0|0|0|0.0|0|0|3|1|0|3|0.0|13|20|0|0|2|27|26|8.0|14.0|4.0|2|13.0|9.0|2.0|1.0|11|1|0|0|0|0|195|2025-10|Outubro|Sul Fluminense|0|Paraty; Paraty-Mirim e Tarituba|Paraty|Costa Verde|2025-10-01|365
36902|168|10|2025|28|5|Rio Claro|330440|Interior|0|0|0|0|0|0.0|0|1|0.0|3|0|1|3|0|0|0|0|0|0|0|0|0|0.0|0|0|0.0|0|0|0|0|0|0|0.0|1|1|0|0|0|7|7|7.0|0.0|0.0|0|3.0|0.0|0.0|0.0|3|1|0|0|0|0|66|2025-10|Outubro|Sul Fluminense|0|Rio Claro; Getulândia; Lídice; Passa Três e São João Marcos|Rio Claro|Médio Paraíba|2025-10-01|365
36903|1|11|2025|5|1|Rio de Janeiro|330455|Capital|1|0|0|1|0|0.0|1|1|0.0|10|1|0|3|30|37|3|70|6|1|2|0|0|0.0|0|0|0.0|5|84|3|64|29|191|2.0|107|396|0|4|1|84|2|2.0|0.0|0.0|0|26.0|2.0|5.0|0.0|10|0|0|0|0|0|755|2025-11|Novembro|Capital (Zona Sul, Centro e parte da Norte)|0|Centro (parte)|Rio de Janeiro|Metropolitana|2025-11-01|365
36904|4|11|2025|5|1|Rio de Janeiro|330455|Capital|0|1|0|1|0|0.0|1|0|0.0|22|0|1|7|28|30|2|60|4|2|1|0|0|0.0|0|0|0.0|2|69|6|35|14|126|0.0|49|230|0|2|0|53|8|5.0|3.0|0.0|2|24.0|0.0|9.0|1.0|16|8|0|0|0|0|628|2025-11|Novembro|Capital (Zona Sul, Centro e parte da Norte)|0|Centro (parte); Gamboa; Santo Cristo e Saúde|Rio de Janeiro|Metropolitana|2025-11-01|365
36905|5|11|2025|5|1|Rio de Janeiro|330455|Capital|0|1|0|1|0|0.0|1|0|1.0|39|2|0|11|58|52|4|114|8|1|1|0|0|0.0|0|0|0.0|5|129|18|54|8|284|9.0|176|549|0|3|0|156|8|1.0|5.0|2.0|4|32.0|11.0|21.0|9.0|24|3|1|0|0|0|1260|2025-11|Novembro|Capital (Zona Sul, Centro e parte da Norte)|0|Centro (parte); Lapa e Paquetá|Rio de Janeiro|Metropolitana|2025-11-01|365
36906|6|11|2025|4|1|Rio de Janeiro|330455|Capital|1|0|0|1|0|0.0|1|0|0.0|30|3|3|32|16|13|4|33|20|1|0|0|0|0.0|0|0|0.0|6|60|11|14|13|81|0.0|95|214|0|2|0|39|2|1.0|1.0|0.0|19|12.0|1.0|8.0|0.0|24|2|0|0|0|0|602|2025-11|Novembro|Capital (Zona Sul, Centro e parte da Norte)|0|Catumbi; Cidade Nova; Estácio; Rio Comprido e Centro (parte)|Rio de Janeiro|Metropolitana|2025-11-01|365
36907|7|11|2025|5|1|Rio de Janeiro|330455|Capital|0|0|0|0|0|0.0|0|0|1.0|18|2|0|6|10|1|0|11|3|0|0|0|0|0.0|0|0|0.0|1|15|10|2|2|9|1.0|18|42|0|0|0|34|0|0.0|0.0|0.0|1|3.0|0.0|0.0|0.0|14|1|0|0|0|0|197|2025-11|Novembro|Capital (Zona Sul, Centro e parte da Norte)|0|Santa Teresa|Rio de Janeiro|Metropolitana|2025-11-01|365
36908|9|11|2025|2|1|Rio de Janeiro|330455|Capital|0|0|0|0|0|0.0|0|0|0.0|27|2|1|16|44|30|1|75|14|1|3|0|0|0.0|0|0|0.0|5|98|27|63|12|127|15.0|137|381|0|1|0|145|4|2.0|2.0|0.0|4|22.0|6.0|5.0|1.0|29|4|2|0|0|0|1083|2025-11|Novembro|Capital (Zona Sul, Centro e parte da Norte)|0|Catete; Cosme Velho; Flamengo; Glória e Laranjeiras|Rio de Janeiro|Metropolitana|2025-11-01|365
36909|10|11|2025|2|1|Rio de Janeiro|330455|Capital|0|0|0|0|1|0.0|1|0|0.0|26|0|1|33|28|26|0|54|15|0|1|0|0|0.0|0|0|3.0|6|79|21|20|39|96|15.0|147|338|0|2|0|78|3|0.0|2.0|1.0|6|17.0|2.0|3.0|4.0|26|3|0|0|0|0|833|2025-11|Novembro|Capital (Zona Sul, Centro e parte da Norte)|0|Botafogo; Humaitá e Urca|Rio de Janeiro|Metropolitana|2025-11-01|365
36910|11|11|2025|23|1|Rio de Janeiro|330455|Capital|0|0|0|0|0|0.0|0|0|0.0|5|1|0|0|0|0|0|0|1|0|0|0|0|0.0|0|0|0.0|0|1|1|0|1|2|0.0|4|8|0|1|0|17|2|0.0|2.0|0.0|0|0.0|0.0|0.0|0.0|4|3|0|0|0|0|81|2025-11|Novembro|Capital (Zona Sul, Centro e parte da Norte)|0|Rocinha|Rio de Janeiro|Metropolitana|2025-11-01|365
36911|12|11|2025|19|1|Rio de Janeiro|330455|Capital|1|0|0|1|0|0.0|1|0|0.0|28|4|0|10|13|11|1|25|1|0|2|1|0|0.0|0|1|0.0|1|31|16|45|15|137|25.0|174|412|0|10|0|253|7|7.0|0.0|0.0|1|26.0|5.0|7.0|3.0|52|1|1|0|0|1|1114|2025-11|Novembro|Capital (Zona Sul, Centro e parte da Norte)|1|Copacabana (parte) e Leme|Rio de Janeiro|Metropolitana|2025-11-01|365
36912|13|11|2025|19|1|Rio de Janeiro|330455|Capital|0|0|0|0|0|0.0|0|0|0.0|9|2|0|10|9|10|2|21|1|0|1|0|0|0.0|1|0|2.0|1|27|10|32|5|69|9.0|96|221|0|3|0|80|2|2.0|0.0|0.0|0|14.0|2.0|3.0|0.0|17|2|0|0|0|0|553|2025-11|Novembro|Capital (Zona Sul, Centro e parte da Norte)|0|Copacabana (parte)|Rio de Janeiro|Metropolitana|2025-11-01|365
36913|14|11|2025|23|1|Rio de Janeiro|330455|Capital|1|0|0|1|0|0.0|1|0|0.0|20|0|1|9|22|9|1|32|1|0|2|0|0|0.0|0|0|0.0|2|37|13|73|9|229|49.0|173|546|0|5|0|199|2|2.0|0.0|0.0|3|20.0|7.0|5.0|4.0|26|4|0|0|0|0|1167|2025-11|Novembro|Capital (Zona Sul, Centro e parte da Norte)|0|Ipanema e Leblon|Rio de Janeiro|Metropolitana|2025-11-01|365
36914|15|11|2025|23|1|Rio de Janeiro|330455|Capital|0|0|0|0|0|0.0|0|2|0.0|23|2|0|13|14|13|1|28|4|0|1|0|0|0.0|0|0|1.0|1|35|6|12|20|98|11.0|85|232|0|4|0|129|2|2.0|0.0|0.0|5|11.0|0.0|7.0|1.0|26|1|0|0|0|0|698|2025-11|Novembro|Capital (Zona Sul, Centro e parte da Norte)|0|Gávea; Jardim Botânico; Lagoa; São Conrado e Vidigal|Rio de Janeiro|Metropolitana|2025-11-01|365
36915|16|11|2025|31|2|Rio de Janeiro|330455|Capital|1|0|0|1|0|0.0|1|1|0.0|58|4|9|79|46|54|15|115|10|0|5|1|0|0.0|0|1|1.0|31|164|35|27|42|234|10.0|276|624|0|11|1|376|6|3.0|3.0|0.0|11|53.0|16.0|15.0|12.0|73|5|0|0|0|0|2011|2025-11|Novembro|Capital (Zona Oeste e parte da Norte)|0|Barra da Tijuca; Itanhangá; Joá|Rio de Janeiro|Metropolitana|2025-11-01|365
36916|17|11|2025|4|1|Rio de Janeiro|330455|Capital|1|0|0|1|0|0.0|1|2|0.0|49|1|2|33|35|55|2|92|32|7|1|0|0|0.0|0|1|0.0|20|153|33|23|28|187|2.0|116|389|0|1|0|102|12|4.0|5.0|3.0|8|21.0|0.0|10.0|1.0|31|4|0|0|0|0|998|2025-11|Novembro|Capital (Zona Sul, Centro e parte da Norte)|0|Caju; Mangueira; São Cristóvão e Vasco da Gama|Rio de Janeiro|Metropolitana|2025-11-01|365
36917|18|11|2025|6|1|Rio de Janeiro|330455|Capital|0|0|0|0|0|2.0|2|4|0.0|23|2|1|17|38|82|3|123|44|0|4|0|0|0.0|0|0|0.0|11|182|10|37|12|264|2.0|112|437|0|3|0|88|10|8.0|2.0|0.0|0|20.0|2.0|1.0|1.0|12|2|0|0|0|0|1080|2025-11|Novembro|Capital (Zona Sul, Centro e parte da Norte)|0|Maracanã; Praça da Bandeira e Tijuca (parte)|Rio de Janeiro|Metropolitana|2025-11-01|365
36918|19|11|2025|6|1|Rio de Janeiro|330455|Capital|0|0|0|0|0|0.0|0|0|1.0|28|2|0|9|47|38|3|88|27|1|3|0|0|0.0|0|0|1.0|26|146|11|63|24|127|4.0|161|390|0|8|0|156|6|5.0|0.0|1.0|2|25.0|12.0|9.0|2.0|36|5|1|0|0|0|1069|2025-11|Novembro|Capital (Zona Sul, Centro e parte da Norte)|0|Alto da Boa Vista e Tijuca (parte)|Rio de Janeiro|Metropolitana|2025-11-01|365
36919|20|11|2025|6|1|Rio de Janeiro|330455|Capital|0|0|0|0|0|0.0|0|0|0.0|19|3|0|11|28|31|2|61|28|0|5|1|0|0.0|0|0|1.0|15|111|16|13|20|52|3.0|114|218|0|3|0|125|1|1.0|0.0|0.0|4|17.0|3.0|2.0|2.0|34|2|0|0|0|0|820|2025-11|Novembro|Capital (Zona Sul, Centro e parte da Norte)|0|Andaraí; Grajaú e Vila Isabel|Rio de Janeiro|Metropolitana|2025-11-01|365
36920|21|11|2025|22|1|Rio de Janeiro|330455|Capital|1|0|0|1|3|0.0|4|1|0.0|55|4|7|61|30|69|18|117|69|30|0|0|0|0.0|0|1|2.0|25|244|36|12|67|83|1.0|149|348|0|4|0|213|56|3.0|53.0|0.0|64|57.0|0.0|25.0|3.0|53|17|1|0|0|0|1586|2025-11|Novembro|Capital (Zona Sul, Centro e parte da Norte)|0|Benfica; Bonsucesso; Higienópolis; Manguinhos; Maré e Ramos|Rio de Janeiro|Metropolitana|2025-11-01|365
36921|22|11|2025|16|1|Rio de Janeiro|330455|Capital|1|0|0|1|0|0.0|1|5|0.0|36|7|1|29|20|26|3|49|44|8|1|1|0|0.0|0|0|0.0|17|120|33|8|20|25|0.0|97|183|0|7|0|81|7|1.0|5.0|1.0|48|32.0|3.0|5.0|1.0|32|5|0|0|0|0|863|2025-11|Novembro|Capital (Zona Sul, Centro e parte da Norte)|0|Brás de Pina (parte); Olaria; Penha e Penha Circular (parte)|Rio de Janeiro|Metropolitana|2025-11-01|365
36922|23|11|2025|3|1|Rio de Janeiro|330455|Capital|0|0|0|0|0|0.0|0|0|0.0|23|4|2|16|12|30|2|44|26|0|1|0|0|0.0|0|0|0.0|8|79|11|6|8|22|1.0|80|128|0|3|0|82|1|1.0|0.0|0.0|4|9.0|3.0|4.0|0.0|40|2|0|0|0|0|558|2025-11|Novembro|Capital (Zona Sul, Centro e parte da Norte)|0|Cachambi; Méier (parte) e Todos os Santos (parte)|Rio de Janeiro|Metropolitana|2025-11-01|365
36923|24|11|2025|3|1|Rio de Janeiro|330455|Capital|2|0|0|2|0|0.0|2|0|0.0|35|3|0|26|21|30|2|53|36|1|1|1|0|0.0|0|1|1.0|8|102|23|8|9|40|1.0|74|155|0|6|0|93|3|0.0|1.0|2.0|9|29.0|6.0|3.0|0.0|60|2|0|0|0|0|677|2025-11|Novembro|Capital (Zona Sul, Centro e parte da Norte)|0|Abolição; Água Santa (parte); Encantado; Engenho de Dentro (parte); Pilares e Piedade|Rio de Janeiro|Metropolitana|2025-11-01|365
36924|25|11|2025|3|1|Rio de Janeiro|330455|Capital|0|0|0|0|0|0.0|0|0|0.0|27|3|1|18|15|25|7|47|27|2|2|0|0|0.0|0|0|0.0|20|98|10|10|28|65|0.0|85|198|0|2|0|111|3|3.0|0.0|0.0|17|10.0|1.0|6.0|1.0|24|2|1|0|0|0|734|2025-11|Novembro|Capital (Zona Sul, Centro e parte da Norte)|0|Engenho Novo; Jacaré; Jacarezinho; Riachuelo; Rocha; Sampaio e São Francisco Xavier|Rio de Janeiro|Metropolitana|2025-11-01|365
36925|26|11|2025|3|1|Rio de Janeiro|330455|Capital|0|0|0|0|0|0.0|0|1|0.0|30|4|0|20|34|29|3|66|36|1|2|0|0|0.0|0|0|0.0|8|113|12|9|16|42|0.0|89|168|0|3|0|111|6|3.0|3.0|1.0|18|13.0|2.0|0.0|1.0|33|2|1|0|0|0|720|2025-11|Novembro|Capital (Zona Sul, Centro e parte da Norte)|0|Água Santa (parte); Engenho de Dentro (parte); Lins de Vasconcelos e Todos os Santos|Rio de Janeiro|Metropolitana|2025-11-01|365
36926|27|11|2025|41|2|Rio de Janeiro|330455|Capital|2|0|1|3|0|0.0|3|6|0.0|52|4|2|18|64|53|4|121|63|4|1|0|0|0.0|0|0|0.0|16|205|38|5|8|29|0.0|67|147|0|6|1|160|3|0.0|3.0|0.0|5|35.0|1.0|14.0|2.0|52|3|1|0|0|0|1011|2025-11|Novembro|Capital (Zona Oeste e parte da Norte)|0|Colégio (parte); Irajá; Vicente de Carvalho; Vila Kosmos; Vila da Penha e Vista Alegre|Rio de Janeiro|Metropolitana|2025-11-01|365
36927|28|11|2025|18|2|Rio de Janeiro|330455|Capital|0|0|0|0|0|0.0|0|2|0.0|30|1|1|15|17|25|1|43|9|1|7|0|0|0.0|0|1|0.0|2|63|6|1|9|26|1.0|35|78|0|4|0|122|5|0.0|5.0|0.0|6|21.0|1.0|5.0|0.0|33|5|1|0|0|0|548|2025-11|Novembro|Capital (Zona Oeste e parte da Norte)|0|Vila Valqueire; Praça Seca e Tanque (parte)|Rio de Janeiro|Metropolitana|2025-11-01|365
36928|29|11|2025|9|2|Rio de Janeiro|330455|Capital|3|0|0|3|6|0.0|9|8|0.0|46|2|4|34|72|64|16|152|90|2|6|3|0|0.0|0|0|0.0|16|269|48|49|17|85|0.0|177|376|0|2|0|158|16|0.0|16.0|0.0|22|40.0|1.0|3.0|0.0|52|7|2|0|0|0|1302|2025-11|Novembro|Capital (Zona Oeste e parte da Norte)|0|Cavalcanti; Engenheiro Leal; Madureira; Turiaçu; Vaz Lobo; Oswaldo Cruz (parte); Cascadura e Quintino Bocaiúva|Rio de Janeiro|Metropolitana|2025-11-01|365
36929|30|11|2025|9|2|Rio de Janeiro|330455|Capital|7|0|0|7|0|0.0|7|6|0.0|56|1|1|26|41|53|2|96|37|1|1|0|0|0.0|0|0|0.0|7|142|16|13|10|21|0.0|42|102|0|2|0|172|4|1.0|3.0|0.0|8|22.0|2.0|3.0|0.0|53|4|0|0|0|0|792|2025-11|Novembro|Capital (Zona Oeste e parte da Norte)|0|Bento Ribeiro; Campinho; Marechal Hermes e Oswaldo Cruz (parte)|Rio de Janeiro|Metropolitana|2025-11-01|365
36930|31|11|2025|41|2|Rio de Janeiro|330455|Capital|3|0|0|3|0|0.0|3|8|0.0|24|2|0|12|21|29|2|52|62|7|1|0|0|0.0|0|0|0.0|7|129|18|0|1|26|1.0|25|71|0|2|0|61|2|1.0|1.0|0.0|64|3.0|0.0|1.0|0.0|30|7|0|0|0|0|548|2025-11|Novembro|Capital (Zona Oeste e parte da Norte)|0|Anchieta; Guadalupe; Parque Anchieta e Ricardo de Albuquerque|Rio de Janeiro|Metropolitana|2025-11-01|365
36931|32|11|2025|18|2|Rio de Janeiro|330455|Capital|7|0|0|7|1|1.0|9|6|0.0|126|8|3|75|56|90|5|151|38|1|12|0|0|0.0|0|0|1.0|8|211|24|19|41|98|6.0|227|415|0|6|0|364|12|3.0|7.0|2.0|26|62.0|1.0|23.0|0.0|131|16|3|0|0|0|2129|2025-11|Novembro|Capital (Zona Oeste e parte da Norte)|0|Anil; Cidade de Deus; Curicica; Gardênia Azul; Jacarepaguá e Taquara|Rio de Janeiro|Metropolitana|2025-11-01|365
36932|33|11|2025|14|2|Rio de Janeiro|330455|Capital|2|0|0|2|0|0.0|2|1|0.0|83|3|2|42|10|18|2|30|40|3|1|2|0|0.0|0|0|0.0|6|82|23|9|8|24|1.0|59|124|0|1|2|87|9|5.0|2.0|2.0|21|23.0|2.0|6.0|1.0|64|3|2|0|0|0|812|2025-11|Novembro|Capital (Zona Oeste e parte da Norte)|0|Campo dos Afonsos; Deodoro; Jardim Sulacap; Magalhães Bastos; Realengo e Vila Militar|Rio de Janeiro|Metropolitana|2025-11-01|365
36933|34|11|2025|14|2|Rio de Janeiro|330455|Capital|6|0|0|6|3|0.0|9|29|1.0|116|8|5|42|21|29|2|52|43|9|3|1|0|0.0|0|2|0.0|9|119|22|10|2|16|1.0|97|148|0|3|1|114|25|0.0|14.0|11.0|24|88.0|5.0|22.0|1.0|105|12|0|0|0|0|1095|2025-11|Novembro|Capital (Zona Oeste e parte da Norte)|0|Bangu; Gericinó; Padre Miguel e Senador Camará|Rio de Janeiro|Metropolitana|2025-11-01|365
36934|35|11|2025|40|2|Rio de Janeiro|330455|Capital|2|0|2|4|0|0.0|4|7|1.0|235|14|7|86|33|54|1|88|59|11|7|2|0|1.0|0|0|0.0|20|188|61|12|10|75|7.0|252|417|0|7|0|297|10|7.0|3.0|1.0|43|113.0|3.0|19.0|2.0|225|21|0|0|0|0|2344|2025-11|Novembro|Capital (Zona Oeste e parte da Norte)|0|Campo Grande; Cosmos; Inhoaíba; Santíssimo e Senador Vasconcelos|Rio de Janeiro|Metropolitana|2025-11-01|365
36935|36|11|2025|27|2|Rio de Janeiro|330455|Capital|3|1|0|4|0|0.0|4|4|2.0|135|9|1|26|15|23|2|40|19|1|2|0|0|0.0|0|0|0.0|6|68|18|12|7|17|7.0|86|147|0|4|0|165|0|0.0|0.0|0.0|9|21.0|1.0|5.0|1.0|110|11|0|0|0|0|1051|2025-11|Novembro|Capital (Zona Oeste e parte da Norte)|0|Paciência e Santa Cruz|Rio de Janeiro|Metropolitana|2025-11-01|365
36936|37|11|2025|17|1|Rio de Janeiro|330455|Capital|1|1|0|2|0|0.0|2|8|0.0|53|5|1|24|6|7|1|14|2|0|2|1|0|0.0|0|0|1.0|3|23|24|2|12|22|1.0|92|153|0|2|0|131|15|13.0|0.0|2.0|7|32.0|0.0|8.0|0.0|52|4|0|0|0|0|805|2025-11|Novembro|Capital (Zona Sul, Centro e parte da Norte)|0|Bancários; Cacuia; Cidade Universitária; Cocotá; Freguesia; Galeão; Jardim Carioca; Jardim Guanabara; Moneró; Pitangueiras; Portuguesa; Praia da Bandeira; Ribeira; Tauá e Zumbi|Rio de Janeiro|Metropolitana|2025-11-01|365
36937|38|11|2025|16|1|Rio de Janeiro|330455|Capital|2|0|0|2|0|0.0|2|0|0.0|33|1|0|23|32|36|3|71|44|14|5|0|0|0.0|0|0|0.0|19|153|18|1|17|23|1.0|45|105|0|2|0|87|12|0.0|10.0|2.0|40|19.0|1.0|10.0|3.0|54|8|0|0|0|0|754|2025-11|Novembro|Capital (Zona Sul, Centro e parte da Norte)|0|Brás de Pina (parte); Cordovil; Jardim América; Parada de Lucas;Penha Circular (parte) e Vigário Geral|Rio de Janeiro|Metropolitana|2025-11-01|365
36938|39|11|2025|41|2|Rio de Janeiro|330455|Capital|6|1|1|8|1|1.0|10|11|0.0|58|9|1|17|57|37|29|123|129|12|1|1|0|0.0|0|0|0.0|31|297|17|13|5|16|1.0|79|131|0|5|0|104|9|4.0|3.0|2.0|76|30.0|2.0|7.0|0.0|42|2|0|0|0|0|982|2025-11|Novembro|Capital (Zona Oeste e parte da Norte)|0|Acari; Barros Filho; Costa Barros; Parque Colúmbia e Pavuna|Rio de Janeiro|Metropolitana|2025-11-01|365
36939|40|11|2025|9|2|Rio de Janeiro|330455|Capital|1|0|0|1|0|0.0|1|1|0.0|43|1|1|16|24|58|3|85|80|3|2|0|0|0.0|0|0|0.0|13|183|15|13|7|23|0.0|63|121|0|3|0|75|0|0.0|0.0|0.0|23|13.0|0.0|1.0|0.0|31|2|0|0|0|0|606|2025-11|Novembro|Capital (Zona Oeste e parte da Norte)|0|Coelho Neto; Colégio (parte); Honório Gurgel e Rocha Miranda|Rio de Janeiro|Metropolitana|2025-11-01|365
36940|41|11|2025|18|2|Rio de Janeiro|330455|Capital|0|0|0|0|2|0.0|2|2|0.0|36|2|0|35|22|28|0|50|15|0|11|1|0|0.0|0|0|0.0|5|82|12|5|22|18|0.0|63|120|0|5|0|163|1|0.0|1.0|0.0|10|27.0|0.0|2.0|0.0|44|4|0|0|0|0|784|2025-11|Novembro|Capital (Zona Oeste e parte da Norte)|0|Freguesia (Jacarepaguá); Pechincha e Tanque (parte)|Rio de Janeiro|Metropolitana|2025-11-01|365
36941|42|11|2025|31|2|Rio de Janeiro|330455|Capital|5|0|0|5|2|0.0|7|3|0.0|83|9|0|41|42|20|4|66|20|0|9|0|0|0.0|0|0|0.0|22|117|35|14|12|75|15.0|131|282|0|4|0|225|24|12.0|9.0|3.0|28|46.0|8.0|8.0|3.0|86|13|0|0|1|0|1306|2025-11|Novembro|Capital (Zona Oeste e parte da Norte)|1|Recreio dos Bandeirantes; Barra de Guaratiba; Camorim; Grumari; Vargem Grande e Vargem Pequena|Rio de Janeiro|Metropolitana|2025-11-01|365
36942|43|11|2025|27|2|Rio de Janeiro|330455|Capital|1|0|0|1|0|0.0|1|1|0.0|93|11|5|39|11|17|0|28|17|0|0|0|0|0.0|0|0|0.0|5|50|3|1|0|16|3.0|35|58|0|1|0|124|0|0.0|0.0|0.0|12|18.0|3.0|9.0|2.0|103|12|1|0|0|0|680|2025-11|Novembro|Capital (Zona Oeste e parte da Norte)|0|Guaratiba; Pedra de Guaratiba e Sepetiba|Rio de Janeiro|Metropolitana|2025-11-01|365
36943|44|11|2025|3|1|Rio de Janeiro|330455|Capital|2|0|0|2|0|0.0|2|1|0.0|50|5|1|27|31|30|4|65|29|3|0|0|0|0.0|0|1|0.0|11|109|14|6|11|28|1.0|77|137|0|1|0|82|8|2.0|5.0|1.0|7|22.0|0.0|5.0|0.0|32|1|0|0|0|0|728|2025-11|Novembro|Capital (Zona Sul, Centro e parte da Norte)|0|Del Castilho; Engenho da Rainha; Inhaúma; Maria da Graça e Tomás Coelho|Rio de Janeiro|Metropolitana|2025-11-01|365
36944|48|11|2025|24|3|Seropédica|330555|Baixada Fluminense|0|0|0|0|0|0.0|0|0|0.0|21|3|1|6|2|3|0|5|4|0|0|0|0|0.0|0|0|0.0|0|9|1|0|0|4|6.0|24|35|0|0|0|44|1|0.0|1.0|0.0|6|17.0|0.0|2.0|0.0|18|2|0|0|0|0|278|2025-11|Novembro|Baixada Fluminense|0|Seropédica|Seropédica|Metropolitana|2025-11-01|365
36945|50|11|2025|24|3|Itaguaí|330200|Baixada Fluminense|2|0|0|2|0|0.0|2|0|0.0|49|5|1|13|0|1|1|2|8|0|1|0|0|0.0|0|0|0.0|3|14|19|2|0|13|0.0|48|82|0|2|0|62|11|7.0|3.0|1.0|6|23.0|0.0|4.0|0.0|31|12|1|0|0|0|411|2025-11|Novembro|Baixada Fluminense|0|Itaguaí e Ibituporanga|Itaguaí|Metropolitana|2025-11-01|365
36946|51|11|2025|24|3|Paracambi|330360|Baixada Fluminense|1|0|0|1|0|0.0|1|5|0.0|28|3|0|5|2|0|0|2|0|0|0|1|0|0.0|0|0|1.0|1|5|2|0|0|5|4.0|18|29|0|0|0|29|20|12.0|3.0|5.0|1|12.0|4.0|3.0|0.0|24|0|0|0|0|0|193|2025-11|Novembro|Baixada Fluminense|0|Paracambi|Paracambi|Metropolitana|2025-11-01|365
36947|52|11|2025|20|3|Nova Iguaçu|330350|Baixada Fluminense|0|0|0|0|2|0.0|2|3|0.0|82|5|1|46|35|43|3|81|76|2|6|0|0|0.0|0|2|1.0|9|177|51|17|2|46|8.0|100|224|0|3|0|160|2|1.0|1.0|0.0|24|38.0|1.0|24.0|2.0|63|14|0|0|0|0|1154|2025-11|Novembro|Baixada Fluminense|0|Centro|Nova Iguaçu|Metropolitana|2025-11-01|365
36948|53|11|2025|20|3|Mesquita|330285|Baixada Fluminense|2|0|0|2|0|0.0|2|12|1.0|65|6|1|29|34|30|0|64|50|1|2|0|0|0.0|0|0|0.0|15|132|16|7|2|12|1.0|50|88|0|8|0|109|15|2.0|11.0|2.0|11|39.0|2.0|6.0|0.0|60|5|1|0|0|0|724|2025-11|Novembro|Baixada Fluminense|0|Mesquita; Chatuba e Banco de Areia|Mesquita|Metropolitana|2025-11-01|365
36949|54|11|2025|39|3|Belford Roxo|330045|Baixada Fluminense|12|0|1|13|2|0.0|15|9|0.0|136|14|2|41|51|36|2|89|122|3|2|4|0|0.0|0|0|0.0|8|228|46|4|2|9|3.0|41|105|0|5|0|109|37|2.0|30.0|5.0|41|90.0|18.0|24.0|3.0|127|17|2|0|0|0|1217|2025-11|Novembro|Baixada Fluminense|0|Areia Branca; Jardim Redentor; Parque São José; Nova Aurora e Lote XV|Belford Roxo|Metropolitana|2025-11-01|365
36950|55|11|2025|24|3|Queimados|330414|Baixada Fluminense|0|0|0|0|1|0.0|1|2|1.0|61|4|0|12|7|6|0|13|3|0|2|0|0|0.0|0|0|0.0|1|19|5|3|1|12|1.0|37|59|0|3|0|50|11|4.0|4.0|4.0|5|24.0|0.0|3.0|1.0|44|4|0|0|0|0|439|2025-11|Novembro|Baixada Fluminense|0|Centro; Norte; Sul. Leste; Oeste e Nordeste|Queimados|Metropolitana|2025-11-01|365
36951|56|11|2025|20|3|Nova Iguaçu|330350|Baixada Fluminense|5|0|0|5|0|0.0|5|1|1.0|107|15|1|25|33|33|0|66|46|1|2|2|0|0.0|0|0|0.0|6|123|9|1|0|9|3.0|28|50|0|1|1|85|3|1.0|2.0|0.0|15|15.0|0.0|2.0|0.0|87|10|0|0|0|0|677|2025-11|Novembro|Baixada Fluminense|0|Comendador Soares; Cabuçú e Km32|Nova Iguaçu|Metropolitana|2025-11-01|365
36952|57|11|2025|20|3|Nilópolis|330320|Baixada Fluminense|1|0|0|1|0|0.0|1|4|0.0|58|1|0|14|13|22|0|35|39|1|0|0|0|0.0|0|0|1.0|10|86|26|10|4|48|0.0|70|158|0|8|0|104|6|2.0|4.0|0.0|20|20.0|0.0|5.0|0.0|61|3|0|0|0|0|709|2025-11|Novembro|Baixada Fluminense|0|Nilópolis e Olinda|Nilópolis|Metropolitana|2025-11-01|365
36953|58|11|2025|20|3|Nova Iguaçu|330350|Baixada Fluminense|12|0|0|12|0|0.0|12|5|2.0|172|13|4|36|35|50|1|86|84|4|2|0|0|0.0|0|0|2.0|6|184|26|5|0|21|0.0|50|102|0|10|0|149|5|2.0|3.0|0.0|13|34.0|3.0|12.0|1.0|152|8|2|0|0|0|1201|2025-11|Novembro|Baixada Fluminense|0|Posse; Austin; Miguel Couto; Vila de Cava e Tinguá|Nova Iguaçu|Metropolitana|2025-11-01|365
36954|59|11|2025|15|3|Duque de Caxias|330170|Baixada Fluminense|8|0|0|8|4|1.0|13|21|1.0|148|12|4|63|68|68|4|140|166|31|3|2|0|0.0|0|0|0.0|27|369|55|19|3|53|0.0|89|219|0|3|0|130|18|1.0|16.0|1.0|101|87.0|8.0|14.0|1.0|98|12|1|0|0|0|1443|2025-11|Novembro|Baixada Fluminense|0|Duque de Caxias (Centro)|Duque de Caxias|Metropolitana|2025-11-01|365
36955|60|11|2025|15|3|Duque de Caxias|330170|Baixada Fluminense|3|1|0|4|6|0.0|10|7|2.0|72|1|6|24|22|30|2|54|122|24|2|0|0|0.0|0|0|0.0|9|211|23|2|1|14|2.0|40|82|0|3|0|161|12|0.0|11.0|1.0|34|46.0|4.0|22.0|1.0|73|6|0|0|0|0|926|2025-11|Novembro|Baixada Fluminense|0|Campos Elyseos|Duque de Caxias|Metropolitana|2025-11-01|365
36956|61|11|2025|15|3|Duque de Caxias|330170|Baixada Fluminense|0|0|0|0|0|0.0|0|2|0.0|21|3|1|3|1|1|0|2|6|4|0|1|0|0.0|0|0|0.0|1|14|6|0|0|4|0.0|10|20|0|1|0|21|4|2.0|2.0|0.0|3|8.0|0.0|5.0|0.0|14|2|0|0|0|0|156|2025-11|Novembro|Baixada Fluminense|0|Xerém|Duque de Caxias|Metropolitana|2025-11-01|365
36957|62|11|2025|15|3|Duque de Caxias|330170|Baixada Fluminense|3|0|1|4|0|0.0|4|1|0.0|53|9|1|8|15|13|1|29|65|13|1|1|0|0.0|0|0|0.0|11|120|12|3|2|9|4.0|36|66|0|2|0|59|5|1.0|3.0|1.0|11|13.0|3.0|6.0|0.0|35|6|0|0|0|0|483|2025-11|Novembro|Baixada Fluminense|0|Imbariê|Duque de Caxias|Metropolitana|2025-11-01|365
36958|63|11|2025|24|3|Japeri|330227|Baixada Fluminense|1|0|0|1|0|0.0|1|4|0.0|31|3|2|1|0|7|0|7|1|1|0|0|0|0.0|0|0|0.0|1|10|9|0|1|3|1.0|18|32|0|2|0|33|7|0.0|6.0|1.0|4|16.0|1.0|5.0|0.0|32|1|0|0|0|0|256|2025-11|Novembro|Baixada Fluminense|0|Japeri; Engenheiro Pedreira; Marajoara; Pedra Lisa e Rio D`Ouro|Japeri|Metropolitana|2025-11-01|365
36959|64|11|2025|21|3|São João de Meriti|330510|Baixada Fluminense|9|0|0|9|1|0.0|10|4|0.0|152|7|2|46|64|33|3|100|188|13|6|0|0|1.0|0|1|0.0|26|335|55|7|3|19|0.0|74|158|3|1|0|129|25|2.0|22.0|1.0|89|97.0|12.0|27.0|0.0|106|18|1|0|0|0|1333|2025-11|Novembro|Baixada Fluminense|0|São João de Meriti; Coelho da Rocha e São Mateus|São João de Meriti|Metropolitana|2025-11-01|365
36960|65|11|2025|34|3|Magé|330250|Baixada Fluminense|0|0|0|0|1|0.0|1|5|0.0|33|3|1|12|2|2|0|4|3|0|1|0|0|0.0|0|0|0.0|3|11|8|3|1|4|1.0|21|38|0|3|2|50|9|1.0|6.0|2.0|8|10.0|0.0|10.0|0.0|56|4|1|0|0|0|349|2025-11|Novembro|Baixada Fluminense|0|Magé; Santo Aleixo e Suruí|Magé|Metropolitana|2025-11-01|365
36961|66|11|2025|34|3|Magé|330250|Baixada Fluminense|1|0|0|1|0|0.0|1|3|0.0|82|4|1|24|7|5|0|12|12|4|0|2|0|0.0|0|0|1.0|1|32|15|1|1|7|3.0|38|65|0|2|0|82|61|53.0|8.0|1.0|9|22.0|1.0|7.0|1.0|88|3|0|0|0|0|636|2025-11|Novembro|Baixada Fluminense|0|Inhomirim e Guia de Copaíba|Magé|Metropolitana|2025-11-01|365
36962|67|11|2025|34|3|Guapimirim|330185|Baixada Fluminense|0|0|0|0|0|0.0|0|0|0.0|31|3|1|16|2|1|0|3|5|0|0|0|0|0.0|0|0|0.0|2|10|0|0|0|1|7.0|13|21|0|0|0|43|7|4.0|3.0|0.0|1|9.0|2.0|9.0|0.0|31|3|0|0|0|0|254|2025-11|Novembro|Baixada Fluminense|0|Guapimirim|Guapimirim|Metropolitana|2025-11-01|365
36963|70|11|2025|35|4|Tanguá|330575|Interior|0|0|0|0|0|0.0|0|0|0.0|8|1|1|2|1|0|0|1|1|0|1|0|0|0.0|0|0|0.0|0|3|1|0|1|0|1.0|6|9|0|0|0|2|1|0.0|0.0|1.0|2|2.0|0.0|1.0|1.0|3|2|0|0|0|0|68|2025-11|Novembro|Grande Niterói e Região dos Lagos|0|Tanguá|Tanguá|Metropolitana|2025-11-01|365
36964|71|11|2025|35|4|Itaboraí|330190|Interior|3|0|0|3|4|0.0|7|4|0.0|44|2|2|10|11|7|0|18|37|4|3|0|0|0.0|0|0|0.0|3|65|11|3|9|15|2.0|51|91|0|5|0|83|30|9.0|16.0|5.0|25|36.0|7.0|10.0|1.0|31|9|0|0|0|0|659|2025-11|Novembro|Grande Niterói e Região dos Lagos|0|Itaboraí; Cabuçú; Itambí; Porto das Caixas e Sambaetiba|Itaboraí|Metropolitana|2025-11-01|365
36965|72|11|2025|7|4|São Gonçalo|330490|Grande Niterói|2|0|0|2|1|0.0|3|6|1.0|71|7|2|24|32|18|2|52|64|18|3|0|0|0.0|0|0|0.0|14|151|35|26|7|53|6.0|108|235|0|2|1|156|6|1.0|4.0|1.0|46|30.0|2.0|9.0|0.0|90|5|0|0|0|0|1077|2025-11|Novembro|Grande Niterói e Região dos Lagos|0|São Gonçalo|São Gonçalo|Metropolitana|2025-11-01|365
36966|73|11|2025|7|4|São Gonçalo|330490|Grande Niterói|0|0|0|0|3|0.0|3|12|0.0|25|2|0|15|21|4|0|25|92|11|2|1|0|0.0|0|0|1.0|14|146|33|3|1|6|2.0|35|80|0|0|0|63|4|0.0|4.0|0.0|16|29.0|1.0|14.0|2.0|28|0|0|0|0|0|511|2025-11|Novembro|Grande Niterói e Região dos Lagos|0|Neves|São Gonçalo|Metropolitana|2025-11-01|365
36967|74|11|2025|7|4|São Gonçalo|330490|Grande Niterói|1|0|0|1|1|0.0|2|2|0.0|45|4|4|30|19|12|0|31|89|13|2|0|0|0.0|0|0|1.0|11|147|15|7|1|12|1.0|60|96|0|6|0|74|14|1.0|12.0|1.0|5|39.0|1.0|9.0|0.0|34|9|0|0|0|0|656|2025-11|Novembro|Grande Niterói e Região dos Lagos|0|Monjolo|São Gonçalo|Metropolitana|2025-11-01|365
36968|75|11|2025|7|4|São Gonçalo|330490|Grande Niterói|0|0|0|0|2|0.0|2|4|0.0|31|4|5|33|8|9|0|17|31|8|4|0|0|0.0|0|0|0.0|6|66|21|5|0|7|1.0|17|51|0|0|0|61|9|1.0|7.0|1.0|4|18.0|1.0|6.0|0.0|22|8|1|0|0|0|391|2025-11|Novembro|Grande Niterói e Região dos Lagos|0|Ipiiba e Sete Pontes|São Gonçalo|Metropolitana|2025-11-01|365
36969|76|11|2025|12|4|Niterói|330330|Grande Niterói|0|0|0|0|0|0.0|0|1|0.0|23|5|0|12|13|3|0|16|0|1|2|1|0|0.0|0|0|0.0|0|20|7|28|7|70|12.0|107|231|0|6|0|135|5|1.0|3.0|1.0|10|29.0|0.0|17.0|1.0|48|8|2|0|0|0|823|2025-11|Novembro|Grande Niterói e Região dos Lagos|0|Centro; Ponta da Areia; Ilha da Conceição; São Lourenço; Fátima; Morro do Estado; Ingá; São Domingos; Gragoatá e Boa Viagem|Niterói|Metropolitana|2025-11-01|365
36970|77|11|2025|12|4|Niterói|330330|Grande Niterói|0|0|0|0|0|0.0|0|0|0.0|22|0|0|25|7|7|1|15|4|1|1|0|0|0.0|0|0|2.0|0|23|2|5|9|52|14.0|92|174|0|2|0|173|2|0.0|2.0|0.0|2|6.0|0.0|2.0|0.0|37|2|0|0|0|0|700|2025-11|Novembro|Grande Niterói e Região dos Lagos|0|Santa Rosa; Icaraí; Vital Brasil; Pé Pequeno; Viradouro e Cubango|Niterói|Metropolitana|2025-11-01|365
36971|78|11|2025|12|4|Niterói|330330|Grande Niterói|2|0|0|2|0|0.0|2|0|0.0|26|5|3|21|12|7|1|20|18|0|2|0|0|0.0|0|0|0.0|4|44|10|6|0|27|2.0|138|183|0|2|0|88|6|2.0|3.0|1.0|13|9.0|0.0|5.0|0.0|31|3|1|0|0|0|615|2025-11|Novembro|Grande Niterói e Região dos Lagos|0|Fonseca; Viçoso Jardim; Caramujo; Baldeador; Santa Bárbara; Tenente Jardim; Engenhoca; Santana e Barreto|Niterói|Metropolitana|2025-11-01|365
36972|79|11|2025|12|4|Niterói|330330|Grande Niterói|2|0|0|2|0|0.0|2|0|0.0|41|1|0|20|4|2|0|6|0|0|2|0|0|0.0|0|0|0.0|2|10|0|0|3|11|1.0|34|49|0|0|0|56|2|0.0|1.0|1.0|2|3.0|0.0|4.0|0.0|24|1|0|0|0|0|301|2025-11|Novembro|Grande Niterói e Região dos Lagos|0|Jurujuba; Charitas; São Francisco; Cachoeiras; Maceió; Largo da Batalha; Ititioca; Badu; Sapê; Matapaca; Vila Progresso; Muriqui; Maria Paula e Cantagalo|Niterói|Metropolitana|2025-11-01|365
36973|81|11|2025|12|4|Niterói|330330|Grande Niterói|0|0|0|0|0|0.0|0|0|0.0|28|3|3|23|1|1|1|3|2|0|1|0|0|0.0|0|0|0.0|1|7|6|2|1|12|4.0|60|85|0|2|0|52|9|3.0|6.0|0.0|0|17.0|0.0|3.0|1.0|32|1|0|0|0|0|406|2025-11|Novembro|Grande Niterói e Região dos Lagos|0|Itaipu; Camboinhas; Itacoatiara; Piratininga; Cafubá; Jacaré; Rio do Ouro; Engenho do Mato; Várzea das Moças e Jardim Imbuí|Niterói|Metropolitana|2025-11-01|365
36974|82|11|2025|12|4|Maricá|330270|Grande Niterói|2|0|0|2|0|0.0|2|5|0.0|106|12|1|66|7|13|0|20|7|0|0|0|0|0.0|0|0|0.0|4|31|11|7|4|32|3.0|97|154|0|7|0|131|15|4.0|10.0|1.0|4|33.0|1.0|8.0|0.0|119|10|0|0|0|0|973|2025-11|Novembro|Grande Niterói e Região dos Lagos|0|Maricá e Inoã|Maricá|Metropolitana|2025-11-01|365
36975|88|11|2025|10|5|Barra do Pirai|330030|Interior|0|0|0|0|0|0.0|0|0|0.0|35|2|2|10|0|0|0|0|0|0|1|1|0|0.0|0|0|0.0|0|2|4|0|0|3|4.0|17|28|0|1|0|20|51|25.0|8.0|20.0|2|23.0|5.0|1.0|2.0|31|1|0|0|0|0|333|2025-11|Novembro|Sul Fluminense|0|Barra do Piraí; Dorandia; Ipiabas; São José do Turvo e Vargem Alegre|Barra do Piraí|Médio Paraíba|2025-11-01|365
36976|89|11|2025|37|5|Resende|330420|Interior|4|0|0|4|0|1.0|5|0|1.0|32|2|1|5|0|0|0|0|1|0|0|0|0|0.0|0|0|0.0|0|1|1|0|0|9|3.0|22|35|0|0|0|56|24|2.0|18.0|4.0|2|33.0|13.0|11.0|2.0|34|2|2|0|0|0|480|2025-11|Novembro|Sul Fluminense|0|Resende; Engenheiro Passos; Agulhas Negras; Pedra Selada e Fumaça|Resende|Médio Paraíba|2025-11-01|365
36977|90|11|2025|28|5|Barra Mansa|330040|Interior|3|0|0|3|0|1.0|4|5|0.0|46|5|0|5|0|3|0|3|1|1|1|0|0|0.0|0|0|0.0|0|6|1|2|0|3|1.0|35|42|0|2|0|112|43|4.0|36.0|4.0|4|62.0|13.0|10.0|1.0|69|2|0|0|0|0|549|2025-11|Novembro|Sul Fluminense|0|Antonio Rocha; Floriano; Nossa Senhora do Amparo; Rialto e Regiões Administrativas I; II; III; IV; V; VI; VII; VIII; IX; X; XI; XII; XIII; XIV|Barra Mansa|Médio Paraíba|2025-11-01|365
36978|91|11|2025|10|5|Valença|330610|Interior|0|0|0|0|0|0.0|0|0|0.0|32|4|0|5|0|0|0|0|0|0|0|0|0|0.0|0|0|0.0|1|1|0|1|0|5|0.0|14|20|0|0|0|15|26|6.0|17.0|3.0|2|30.0|1.0|11.0|0.0|51|1|0|0|0|0|232|2025-11|Novembro|Sul Fluminense|0|Valença; Barão de Juparana; Conservatória; Parapeúna; Pentagna e Santa Isabel do Rio Preto|Valença|Médio Paraíba|2025-11-01|365
36979|92|11|2025|10|5|Rio das Flores|330450|Interior|0|0|0|0|0|0.0|0|0|0.0|3|0|0|0|0|0|0|0|0|0|0|0|0|0.0|0|0|0.0|0|0|0|0|0|0|0.0|5|5|0|0|0|5|0|0.0|0.0|0.0|0|0.0|0.0|0.0|0.0|3|0|0|0|0|0|32|2025-11|Novembro|Sul Fluminense|0|Rio das Flores; Manuel Duarte; Abarracamento e Taboas|Rio das Flores|Médio Paraíba|2025-11-01|365
36980|93|11|2025|28|5|Volta Redonda|330630|Interior|1|0|0|1|0|0.0|1|12|1.0|96|7|4|20|2|0|0|2|2|0|0|2|0|0.0|0|0|0.0|1|7|13|7|0|6|2.0|114|142|0|6|0|196|80|39.0|39.0|6.0|15|69.0|10.0|18.0|2.0|132|11|0|0|0|0|1392|2025-11|Novembro|Sul Fluminense|0|Volta Redonda|Volta Redonda|Médio Paraíba|2025-11-01|365
36981|94|11|2025|10|5|Piraí|330400|Interior|0|0|0|0|0|0.0|0|0|0.0|12|1|0|0|0|0|0|0|0|0|0|0|0|0.0|0|0|0.0|0|0|2|1|0|2|0.0|6|11|0|1|0|9|29|26.0|3.0|0.0|1|4.0|2.0|2.0|0.0|15|1|0|0|0|0|149|2025-11|Novembro|Sul Fluminense|0|Piraí; Arrozal; Monumento e Santanésia|Piraí|Médio Paraíba|2025-11-01|365
36982|95|11|2025|10|5|Vassouras|330620|Interior|1|0|0|1|0|0.0|1|2|1.0|20|4|2|3|0|0|0|0|1|0|0|0|0|0.0|0|0|0.0|1|2|0|0|0|2|0.0|2|4|0|0|0|25|20|12.0|6.0|2.0|1|11.0|0.0|2.0|0.0|19|1|0|0|0|0|140|2025-11|Novembro|Sul Fluminense|0|Vassouras; Andrade Pinto; São Sebastião dos Ferreiros e Sebastião de Lacerda|Vassouras|Centro-Sul Fluminense|2025-11-01|365
36983|96|11|2025|10|5|Miguel Pereira;Paty dos Alferes|999999|Interior|2|0|0|2|0|1.0|3|2|1.0|20|2|1|10|0|0|0|0|0|0|0|0|0|0.0|0|0|0.0|1|1|2|0|0|1|1.0|17|21|0|2|0|36|43|32.0|7.0|4.0|1|19.0|5.0|1.0|0.0|22|1|0|0|0|0|350|2025-11|Novembro|Sul Fluminense|0|Miguel Pereira; Governador Portela e Conrado|Miguel Pereira|Centro-Sul Fluminense|2025-11-01|365
36984|97|11|2025|10|5|Mendes|330280|Interior|0|0|0|0|0|0.0|0|0|0.0|10|3|0|2|0|0|0|0|0|0|0|0|0|0.0|0|0|0.0|0|0|2|0|0|4|0.0|4|10|0|1|0|8|17|14.0|3.0|0.0|0|4.0|0.0|1.0|1.0|13|0|0|0|0|0|115|2025-11|Novembro|Sul Fluminense|0|Mendes|Mendes|Centro-Sul Fluminense|2025-11-01|365
36985|98|11|2025|10|5|Engenheiro Paulo de Frontin|330180|Interior|0|0|0|0|0|0.0|0|0|0.0|2|0|0|0|0|0|0|0|0|0|0|0|0|0.0|0|0|0.0|0|0|0|0|0|0|0.0|2|2|0|0|0|3|6|6.0|0.0|0.0|0|1.0|0.0|0.0|0.0|4|2|0|0|0|0|37|2025-11|Novembro|Sul Fluminense|0|Engenheiro Paulo de Frontin e Sacra Família do Tinguá|Engenheiro Paulo de Frontin|Centro-Sul Fluminense|2025-11-01|365
36986|99|11|2025|37|5|Itatiaia|330225|Interior|4|0|0|4|0|0.0|4|1|0.0|8|0|4|16|0|0|0|0|0|0|0|0|0|0.0|0|0|0.0|0|0|0|0|0|1|0.0|6|7|0|0|0|7|11|2.0|6.0|3.0|2|6.0|5.0|3.0|1.0|8|0|0|0|0|0|137|2025-11|Novembro|Sul Fluminense|0|Itatiaia|Itatiaia|Médio Paraíba|2025-11-01|365
36987|100|11|2025|37|5|Porto Real;Quatis|999999|Interior|0|0|0|0|0|0.0|0|0|0.0|11|1|0|4|1|0|0|1|1|0|0|1|0|0.0|0|0|0.0|0|3|0|2|0|13|0.0|8|23|0|0|0|15|9|3.0|6.0|0.0|1|9.0|0.0|1.0|0.0|16|2|0|0|0|0|127|2025-11|Novembro|Sul Fluminense|0|Porto Real|Porto Real|Médio Paraíba|2025-11-01|365
36988|101|11|2025|28|5|Pinheiral|330395|Interior|0|0|0|0|0|0.0|0|0|0.0|11|0|0|0|0|0|0|0|0|0|0|0|0|0.0|0|0|0.0|0|0|0|0|0|3|0.0|4|7|0|2|0|12|1|1.0|0.0|0.0|1|6.0|0.0|4.0|1.0|22|0|0|0|0|0|102|2025-11|Novembro|Sul Fluminense|0|Pinheiral|Pinheiral|Médio Paraíba|2025-11-01|365
36989|104|11|2025|30|7|São José do Vale do Rio Preto|330515|Interior|0|0|0|0|0|0.0|0|0|0.0|4|1|0|6|0|0|0|0|0|0|0|0|0|0.0|0|0|0.0|1|1|0|0|0|0|0.0|2|2|0|0|0|2|15|13.0|3.0|0.0|0|6.0|0.0|0.0|0.0|13|0|0|0|0|0|75|2025-11|Novembro|Região Serrana|0|São José do Vale do Rio Preto|São José do Vale do Rio Preto|Serrana|2025-11-01|365
36990|105|11|2025|26|7|Petrópolis|330390|Interior|1|0|0|1|0|0.0|1|1|1.0|81|4|0|14|3|1|0|4|0|0|0|0|0|0.0|0|0|0.0|0|4|5|3|2|19|0.0|66|95|0|3|0|138|54|10.0|29.0|16.0|14|75.0|8.0|18.0|1.0|100|2|1|0|0|0|827|2025-11|Novembro|Região Serrana|0|Petrópolis e Cascatinha|Petrópolis|Metropolitana|2025-11-01|365
36991|106|11|2025|26|7|Petrópolis|330390|Interior|0|0|0|0|0|0.0|0|1|0.0|48|3|1|11|3|3|0|6|0|0|0|0|0|0.0|0|0|0.0|0|6|1|1|0|270|0.0|43|315|0|1|0|83|14|1.0|11.0|2.0|3|28.0|2.0|8.0|0.0|70|0|0|0|0|0|704|2025-11|Novembro|Região Serrana|0|Itaipava; Pedro do Rio e Posse|Petrópolis|Metropolitana|2025-11-01|365
36992|107|11|2025|38|7|Paraíba do Sul|330370|Interior|1|0|0|1|0|0.0|1|0|0.0|26|0|0|1|0|0|0|0|0|0|0|0|0|0.0|0|0|0.0|0|0|0|0|0|2|1.0|7|10|0|0|0|27|21|8.0|4.0|9.0|1|9.0|3.0|10.0|1.0|22|1|0|0|0|0|171|2025-11|Novembro|Região Serrana|0|Paraíba do Sul; Werneck; Salutaris e Inconfidência|Paraíba do Sul|Centro-Sul Fluminense|2025-11-01|365
36993|108|11|2025|38|7|Comendador Levy Gasparian;Areal;Três Rios|999999|Interior|4|0|0|4|0|0.0|4|1|1.0|43|4|1|8|1|1|0|2|1|0|0|1|0|0.0|0|0|0.0|0|4|2|2|0|8|2.0|47|61|0|3|0|45|84|62.0|12.0|10.0|5|55.0|5.0|18.0|3.0|74|1|0|0|0|0|576|2025-11|Novembro|Região Serrana|0|Areal|Areal|Centro-Sul Fluminense|2025-11-01|365
36994|109|11|2025|38|7|Sapucaia|330540|Interior|1|0|0|1|0|0.0|1|0|0.0|11|0|0|1|0|0|0|0|0|0|0|0|0|0.0|0|0|0.0|0|0|1|0|0|1|0.0|4|6|0|1|0|10|17|15.0|1.0|1.0|1|5.0|0.0|1.0|0.0|7|0|0|0|0|0|77|2025-11|Novembro|Região Serrana|0|Sapucaia; Anta; Pião; Nossa Senhora Aparecida e Jamapara|Sapucaia|Centro-Sul Fluminense|2025-11-01|365
36995|110|11|2025|30|7|Teresópolis|330580|Interior|3|0|0|3|0|0.0|3|1|0.0|106|4|0|24|0|0|0|0|0|0|0|0|0|0.0|0|0|0.0|0|0|5|2|1|6|2.0|62|78|0|6|0|137|78|22.0|34.0|24.0|4|50.0|12.0|27.0|0.0|112|4|0|0|0|0|933|2025-11|Novembro|Região Serrana|0|Teresópolis; Vale do Bonsucesso e Vale do Paquequer|Teresópolis|Serrana|2025-11-01|365
36996|111|11|2025|30|7|Sumidouro|330570|Interior|0|0|0|0|0|0.0|0|0|0.0|10|1|0|0|0|0|0|0|0|0|0|0|0|0.0|0|0|0.0|0|0|0|0|0|0|0.0|4|4|0|0|0|4|2|0.0|2.0|0.0|0|3.0|0.0|1.0|0.0|7|0|0|0|0|0|50|2025-11|Novembro|Região Serrana|0|Sumidouro|Sumidouro|Serrana|2025-11-01|365
36997|112|11|2025|30|7|Carmo|330120|Interior|0|0|0|0|0|0.0|0|0|0.0|9|0|0|3|0|0|0|0|0|0|0|0|0|0.0|0|0|0.0|0|0|0|1|0|0|0.0|2|3|0|0|0|3|1|0.0|1.0|0.0|1|9.0|0.0|1.0|0.0|16|2|0|0|0|0|62|2025-11|Novembro|Região Serrana|0|Carmo; Córrego da Prata e Porto Velho do Cunha|Carmo|Serrana|2025-11-01|365
36998|118|11|2025|25|4|Araruama|330020|Interior|1|0|0|1|0|0.0|1|1|2.0|65|4|9|27|4|5|0|9|3|0|0|1|0|0.0|0|1|0.0|3|17|12|1|1|10|1.0|52|77|0|5|0|88|37|3.0|25.0|9.0|5|39.0|17.0|8.0|0.0|56|2|2|0|0|0|551|2025-11|Novembro|Grande Niterói e Região dos Lagos|0|Araruama; Morro Grande e São Vicente de Paula|Araruama|Baixadas Litorâneas|2025-11-01|365
36999|119|11|2025|35|4|Rio Bonito|330430|Interior|1|0|0|1|0|0.0|1|1|0.0|21|1|1|9|3|0|0|3|2|1|2|0|0|0.0|0|0|0.0|2|10|8|0|0|1|1.0|14|24|0|2|0|25|9|1.0|8.0|0.0|1|12.0|0.0|5.0|0.0|34|2|0|0|0|0|209|2025-11|Novembro|Grande Niterói e Região dos Lagos|0|Rio Bonito e Boa Esperança|Rio Bonito|Metropolitana|2025-11-01|365
37000|120|11|2025|35|4|Silva Jardim|330560|Interior|0|0|0|0|0|0.0|0|2|0.0|15|0|0|3|0|0|0|0|0|0|0|0|0|0.0|0|0|0.0|0|0|0|0|0|3|0.0|2|5|0|0|0|10|1|0.0|0.0|1.0|0|4.0|0.0|0.0|0.0|12|0|0|0|0|0|66|2025-11|Novembro|Grande Niterói e Região dos Lagos|0|Silva Jardim; Aldeia Velha; Correntezas e Gaviões|Silva Jardim|Baixadas Litorâneas|2025-11-01|365
37001|121|11|2025|32|6|Casimiro de Abreu|330130|Interior|0|0|0|0|0|0.0|0|0|0.0|14|3|0|1|1|0|0|1|0|0|0|0|0|0.0|0|0|0.0|1|2|0|0|0|2|1.0|10|13|0|0|0|15|15|3.0|5.0|7.0|2|12.0|4.0|2.0|0.0|11|0|0|0|0|0|122|2025-11|Novembro|Norte Fluminense e Noroeste|0|Casimiro de Abreu; Professor Souza; Barra de São João e Rio Dourado|Casimiro de Abreu|Baixadas Litorâneas|2025-11-01|365
37002|122|11|2025|32|6|Conceição de Macabú|330140|Interior|1|0|0|1|0|0.0|1|0|0.0|3|1|0|1|0|0|0|0|1|0|0|0|0|0.0|0|0|0.0|0|1|1|0|0|1|1.0|1|4|0|1|0|7|6|1.0|2.0|3.0|0|10.0|0.0|2.0|0.0|13|0|0|0|0|0|64|2025-11|Novembro|Norte Fluminense e Noroeste|0|Conceição de Macabú e Macabuzinho|Conceição de Macabú|Norte Fluminense|2025-11-01|365
37003|123|11|2025|32|6|Macaé|330240|Interior|0|0|0|0|0|0.0|0|1|1.0|96|11|3|33|6|2|0|8|3|0|1|0|0|0.0|0|0|0.0|2|14|8|7|5|14|2.0|65|101|0|6|0|198|67|21.0|40.0|7.0|9|82.0|13.0|14.0|4.0|100|3|0|0|0|0|990|2025-11|Novembro|Norte Fluminense e Noroeste|0|Centro; Cabiúnas; Barra de Macaé; Aeroporto e Imboassica|Macaé|Norte Fluminense|2025-11-01|365
37004|124|11|2025|25|4|Saquarema|330550|Interior|3|0|0|3|0|0.0|3|0|0.0|42|7|1|25|1|1|0|2|2|0|0|0|0|0.0|0|0|0.0|1|5|4|1|0|12|5.0|54|76|0|1|0|90|10|2.0|5.0|3.0|3|11.0|1.0|10.0|0.0|64|6|0|0|0|0|545|2025-11|Novembro|Grande Niterói e Região dos Lagos|0|Saquarema; Bacaxá e Sampaio Correia|Saquarema|Baixadas Litorâneas|2025-11-01|365
37005|125|11|2025|25|4|São Pedro da Aldeia|330520|Interior|3|0|0|3|0|0.0|3|1|0.0|31|1|1|18|1|0|0|1|3|0|0|0|0|0.0|0|0|0.0|1|5|0|1|1|1|1.0|25|29|0|0|0|36|20|2.0|16.0|2.0|6|28.0|6.0|4.0|1.0|31|1|0|0|0|0|284|2025-11|Novembro|Grande Niterói e Região dos Lagos|0|São Pedro da Aldeia|São Pedro da Aldeia|Baixadas Litorâneas|2025-11-01|365
37006|126|11|2025|25|4|Cabo Frio|330070|Interior|4|0|0|4|1|0.0|5|5|2.0|72|10|5|25|13|1|0|14|3|1|2|2|0|0.0|0|0|0.0|4|26|12|7|1|12|4.0|114|150|0|7|0|244|81|5.0|76.0|2.0|7|76.0|26.0|23.0|0.0|97|7|0|0|0|0|1188|2025-11|Novembro|Grande Niterói e Região dos Lagos|0|Cabo Frio e Tamoios|Cabo Frio|Baixadas Litorâneas|2025-11-01|365
37007|127|11|2025|25|4|Armação dos Búzios|330023|Interior|0|0|0|0|0|0.0|0|0|0.0|15|1|1|3|2|0|0|2|0|0|0|0|0|0.0|0|0|0.0|1|3|0|2|0|4|0.0|17|23|0|0|0|44|22|2.0|14.0|7.0|0|20.0|9.0|7.0|0.0|23|1|1|0|0|0|271|2025-11|Novembro|Grande Niterói e Região dos Lagos|0|Armação dos Búzios|Armação dos Búzios|Baixadas Litorâneas|2025-11-01|365
37008|128|11|2025|32|6|Rio das Ostras|330452|Interior|5|0|0|5|1|0.0|6|3|0.0|68|2|0|25|4|0|0|4|2|0|0|2|0|0.0|0|0|0.0|4|12|13|1|0|10|4.0|63|91|0|17|0|171|111|70.0|30.0|13.0|3|65.0|11.0|8.0|2.0|76|8|1|0|0|0|898|2025-11|Novembro|Norte Fluminense e Noroeste|0|Rio das Ostras|Rio das Ostras|Baixadas Litorâneas|2025-11-01|365
37009|129|11|2025|25|4|Iguaba Grande|330187|Interior|0|0|0|0|0|0.0|0|0|0.0|9|2|0|9|0|0|0|0|2|0|0|0|0|0.0|0|0|0.0|0|2|1|0|0|1|2.0|18|22|0|0|0|13|3|2.0|1.0|0.0|0|3.0|0.0|3.0|0.0|15|0|0|0|0|0|106|2025-11|Novembro|Grande Niterói e Região dos Lagos|0|Iguaba Grande|Iguaba Grande|Baixadas Litorâneas|2025-11-01|365
37010|130|11|2025|32|6|Quissamã;Carapebus|999999|Interior|0|0|0|0|0|0.0|0|0|0.0|10|2|0|7|0|0|0|0|0|0|0|0|0|0.0|0|0|0.0|0|0|1|0|0|1|0.0|5|7|0|0|0|10|10|3.0|7.0|0.0|0|8.0|2.0|4.0|0.0|17|0|0|0|0|0|100|2025-11|Novembro|Norte Fluminense e Noroeste|0|Centro; UB-S; Rodagem; Carapebus e Praia de Carapebus|Carapebus|Norte Fluminense|2025-11-01|365
37011|132|11|2025|25|4|Arraial do Cabo|330025|Interior|1|0|0|1|0|0.0|1|0|0.0|17|1|2|5|0|0|0|0|0|0|0|0|0|0.0|0|0|0.0|0|0|1|4|0|1|0.0|21|27|0|1|0|26|8|3.0|3.0|2.0|1|7.0|0.0|6.0|0.0|21|1|0|0|0|0|193|2025-11|Novembro|Grande Niterói e Região dos Lagos|0|Arraial do Cabo|Arraial do Cabo|Baixadas Litorâneas|2025-11-01|365
37012|134|11|2025|8|6|Campos dos Goytacazes|330100|Interior|0|0|0|0|0|0.0|0|1|1.0|92|8|5|29|14|15|0|29|7|0|0|3|0|0.0|0|0|1.0|0|40|4|9|13|17|31.0|137|211|0|3|0|190|104|48.0|22.0|34.0|10|111.0|10.0|25.0|0.0|108|5|1|1|0|0|1317|2025-11|Novembro|Norte Fluminense e Noroeste|0|Campos dos Goytacazes (Primeiro Subdistrito; Segundo Subdistrito e Quarto Subdistrito); Ibitioca; Dores de Macabu; Morangaba; Mussurepe; Serrinha; Santo Amaro de Campos; São Sebastião de Campos e Tocos|Campos dos Goytacazes|Norte Fluminense|2025-11-01|365
37013|135|11|2025|36|6|Itaocara|330210|Interior|0|0|0|0|0|0.0|0|0|1.0|8|3|0|0|0|0|0|0|0|0|0|0|0|0.0|0|0|0.0|1|1|0|0|0|3|0.0|10|13|0|0|0|20|6|3.0|1.0|2.0|0|4.0|0.0|7.0|0.0|10|0|0|0|0|0|113|2025-11|Novembro|Norte Fluminense e Noroeste|0|Itaocara; Portela; Batatal; Laranjais; Jaguarembe e Estrada Nova|Itaocara|Noroeste Fluminense|2025-11-01|365
37014|136|11|2025|36|6|Santo Antônio de Pádua;Aperibé|999999|Interior|0|0|0|0|0|0.0|0|0|0.0|12|1|1|5|1|0|0|1|1|0|0|0|0|0.0|0|0|0.0|0|2|1|0|0|2|1.0|8|12|0|0|0|20|46|28.0|10.0|9.0|0|11.0|5.0|3.0|1.0|28|0|0|0|0|0|184|2025-11|Novembro|Norte Fluminense e Noroeste|0|Aperibé|Aperibé|Noroeste Fluminense|2025-11-01|365
37015|137|11|2025|36|6|Miracema|330300|Interior|0|0|0|0|0|0.0|0|0|0.0|8|2|0|1|0|0|0|0|0|0|0|0|0|0.0|0|0|0.0|0|0|1|1|0|0|1.0|6|9|0|0|0|7|31|18.0|9.0|4.0|0|3.0|0.0|5.0|0.0|4|0|0|0|0|0|98|2025-11|Novembro|Norte Fluminense e Noroeste|0|Miracema; Venda das Flores e Paraíso do Tobias|Miracema|Noroeste Fluminense|2025-11-01|365
37016|138|11|2025|29|6|Laje do Muriaé|330230|Interior|0|0|0|0|0|0.0|0|0|0.0|4|0|0|0|0|0|0|0|0|0|0|0|0|0.0|0|0|0.0|0|0|0|0|0|0|0.0|2|2|0|0|0|2|4|1.0|1.0|2.0|1|6.0|0.0|1.0|0.0|4|0|0|0|0|0|26|2025-11|Novembro|Norte Fluminense e Noroeste|0|Laje do Muriaé|Laje do Muriaé|Noroeste Fluminense|2025-11-01|365
37017|139|11|2025|29|6|Porciúncula|330410|Interior|0|0|0|0|0|0.0|0|0|0.0|14|0|0|0|0|0|0|0|0|0|0|0|0|0.0|0|0|0.0|0|0|1|0|0|2|1.0|7|11|0|2|0|5|7|6.0|2.0|0.0|1|5.0|0.0|2.0|0.0|17|0|0|0|0|0|95|2025-11|Novembro|Norte Fluminense e Noroeste|0|Porciúncula; Purilândia e Santa Clara|Porciúncula|Noroeste Fluminense|2025-11-01|365
37018|140|11|2025|29|6|Natividade;Varre-Sai|999999|Interior|3|0|0|3|0|0.0|3|1|0.0|13|1|2|0|0|0|0|0|0|0|0|0|0|0.0|0|0|0.0|1|1|0|0|0|1|0.0|3|4|0|0|0|6|9|5.0|4.0|0.0|0|9.0|0.0|2.0|0.0|8|0|0|0|0|0|78|2025-11|Novembro|Norte Fluminense e Noroeste|0|Natividade; Ourania e Bom Jesus do Querendo|Natividade|Noroeste Fluminense|2025-11-01|365
37019|141|11|2025|8|6|São Fidélis|330480|Interior|0|0|0|0|0|0.0|0|0|0.0|17|0|2|7|0|1|0|1|0|0|0|0|0|0.0|0|0|0.0|0|1|0|0|0|3|0.0|10|13|0|0|0|12|9|4.0|5.0|1.0|0|15.0|2.0|2.0|0.0|25|0|0|0|0|0|137|2025-11|Novembro|Norte Fluminense e Noroeste|0|São Fidelis; Cambiasca; Colonia; Ipuca e Pureza|São Fidélis|Norte Fluminense|2025-11-01|365
37020|142|11|2025|36|6|Cambuci|330090|Interior|0|0|0|0|0|0.0|0|0|0.0|6|0|0|1|0|0|0|0|0|0|0|0|0|0.0|0|0|0.0|0|0|0|0|0|0|0.0|0|0|0|0|0|5|8|6.0|1.0|1.0|0|0.0|0.0|1.0|0.0|7|0|0|0|0|0|41|2025-11|Novembro|Norte Fluminense e Noroeste|0|Cambuci; Três Irmãos; Funil; Monte Verde e São João do Paraíso|Cambuci|Noroeste Fluminense|2025-11-01|365
37021|143|11|2025|29|6|Itaperuna;São José de Ubá|999999|Interior|4|0|0|4|0|0.0|4|1|0.0|31|1|3|4|0|0|0|0|0|0|2|0|0|0.0|0|0|0.0|1|3|0|0|0|5|1.0|11|17|0|2|0|57|60|34.0|19.0|7.0|0|40.0|5.0|10.0|1.0|37|1|0|0|0|0|349|2025-11|Novembro|Norte Fluminense e Noroeste|0|Itaperuna; Boaventura; Nossa Senhora da Penha; Itajara; Retiro do Muriaé; Raposo e Comendador Venâncio|Itaperuna|Noroeste Fluminense|2025-11-01|365
37022|144|11|2025|29|6|Bom Jesus de Itabapoana|330060|Interior|1|0|0|1|0|0.0|1|0|0.0|20|2|0|1|0|1|0|1|1|0|0|0|0|0.0|0|0|0.0|1|3|0|0|1|3|1.0|10|15|0|1|0|24|31|15.0|10.0|6.0|1|13.0|4.0|1.0|0.0|14|0|0|0|0|0|164|2025-11|Novembro|Norte Fluminense e Noroeste|0|Bom Jesus de Itabapoana; Carabuçú; Calheiros; Pirapetinga de Bom Jesus; Rosal e Serrinha|Bom Jesus de Itabapoana|Noroeste Fluminense|2025-11-01|365
37023|145|11|2025|8|6|São João da Barra|330500|Interior|0|0|0|0|0|0.0|0|0|0.0|27|4|1|4|0|0|0|0|2|0|0|0|0|0.0|0|0|0.0|0|2|3|0|0|0|0.0|27|30|0|0|0|14|14|3.0|5.0|6.0|1|11.0|1.0|4.0|1.0|18|0|0|0|0|0|161|2025-11|Novembro|Norte Fluminense e Noroeste|0|Barcelos; Atafona; São João da Barra; Grussaí; Cajueiro e Pipeiras|São João da Barra|Norte Fluminense|2025-11-01|365
37024|146|11|2025|8|6|Campos dos Goytacazes|330100|Interior|7|0|0|7|0|0.0|7|4|1.0|31|3|0|8|5|3|0|8|3|0|0|2|0|0.0|0|0|0.0|0|13|3|1|1|5|2.0|26|38|0|2|0|44|65|21.0|22.0|23.0|3|55.0|12.0|12.0|1.0|44|1|0|0|0|0|381|2025-11|Novembro|Norte Fluminense e Noroeste|0|Campos dos Goytacazes (Terceiro Subdistrito); Santa Maria; Morro do Coco; Santo Eduardo; Travessão e Vila Nova de Campos|Campos dos Goytacazes|Norte Fluminense|2025-11-01|365
37025|147|11|2025|8|6|São Francisco de Itabapoana|330475|Interior|3|0|0|3|0|0.0|3|0|0.0|8|1|0|2|0|0|0|0|1|0|0|0|0|0.0|0|0|0.0|0|1|0|1|0|0|0.0|15|16|0|0|0|13|27|6.0|9.0|12.0|0|17.0|9.0|5.0|0.0|9|0|1|0|0|0|116|2025-11|Novembro|Norte Fluminense e Noroeste|0|São Francisco de Itabapoana; Maniva e Barra Seca|São Francisco de Itabapoana|Norte Fluminense|2025-11-01|365
37026|148|11|2025|29|6|Cardoso Moreira;Italva|999999|Interior|0|0|0|0|0|0.0|0|2|0.0|9|2|0|1|0|1|0|1|0|0|0|1|0|0.0|0|0|0.0|0|2|1|0|0|0|2.0|3|6|0|0|0|10|30|7.0|7.0|17.0|0|7.0|1.0|7.0|2.0|6|0|0|0|0|0|99|2025-11|Novembro|Norte Fluminense e Noroeste|0|Italva|Italva|Noroeste Fluminense|2025-11-01|365
37027|151|11|2025|11|7|Nova Friburgo|330340|Interior|1|0|0|1|0|0.0|1|1|0.0|70|4|3|33|0|0|0|0|1|0|0|0|0|0.0|0|0|0.0|2|3|7|2|5|13|1.0|48|76|0|2|0|130|66|11.0|51.0|4.0|5|67.0|21.0|4.0|1.0|107|4|0|0|0|0|819|2025-11|Novembro|Região Serrana|0|Nova Friburgo; São Pedro da Serra; Lumiar; Amparo; Riograndina; Conselheiro Paulino e Campo do Coelho|Nova Friburgo|Serrana|2025-11-01|365
37028|152|11|2025|11|7|Duas Barras|330160|Interior|1|0|0|1|0|0.0|1|0|0.0|2|1|0|3|0|0|0|0|0|0|0|0|0|0.0|0|0|0.0|0|0|0|0|0|1|0.0|0|1|0|0|0|5|1|0.0|1.0|0.0|0|2.0|0.0|3.0|0.0|8|1|0|0|0|0|53|2025-11|Novembro|Região Serrana|0|Duas Barras e Monnerat|Duas Barras|Serrana|2025-11-01|365
37029|153|11|2025|11|7|Cantagalo|330110|Interior|0|0|0|0|0|0.0|0|1|0.0|6|1|0|1|0|0|0|0|0|0|0|0|0|0.0|0|0|0.0|0|0|2|0|0|0|1.0|1|4|0|0|0|7|4|2.0|2.0|0.0|0|1.0|0.0|4.0|0.0|16|0|0|1|0|0|85|2025-11|Novembro|Região Serrana|0|Cantagalo; Santa Rita da Floresta; Boa Sorte; Euclidelândia e São Sebastião do Paraíba|Cantagalo|Serrana|2025-11-01|365
37030|154|11|2025|11|7|Cordeiro;Macuco|999999|Interior|0|0|0|0|0|0.0|0|0|0.0|9|1|0|1|0|0|0|0|0|0|0|0|0|0.0|0|0|0.0|0|0|1|0|0|3|0.0|5|9|0|0|0|18|6|2.0|4.0|0.0|0|3.0|0.0|2.0|0.0|16|0|0|0|0|0|116|2025-11|Novembro|Região Serrana|0|Cordeiro|Cordeiro|Serrana|2025-11-01|365
37031|155|11|2025|36|6|São Sebastião do Alto|330530|Interior|0|0|0|0|0|0.0|0|0|0.0|1|0|0|2|0|0|0|0|0|0|0|0|0|0.0|0|0|0.0|0|0|0|0|0|0|0.0|3|3|0|0|0|2|1|1.0|0.0|0.0|0|0.0|0.0|0.0|0.0|5|0|0|0|0|0|16|2025-11|Novembro|Norte Fluminense e Noroeste|0|São Sebastião do Alto; Valão do Barro e Ipituna|São Sebastião do Alto|Serrana|2025-11-01|365
37032|156|11|2025|11|7|Santa Maria Madalena|330460|Interior|0|0|0|0|0|0.0|0|0|0.0|4|0|0|3|0|0|0|0|0|0|0|0|0|0.0|0|0|0.0|0|0|0|0|0|0|0.0|1|1|0|0|0|4|0|0.0|0.0|0.0|0|0.0|0.0|4.0|0.0|5|0|0|0|0|0|30|2025-11|Novembro|Região Serrana|0|Santa Maria Madalena; Doutor Loreti; Renascença; Santo Antônio do Imbé; Sossego e Triunfo|Santa Maria Madalena|Serrana|2025-11-01|365
37033|157|11|2025|11|7|Trajano de Morais|330590|Interior|0|0|0|0|0|0.0|0|0|0.0|2|2|0|0|0|0|0|0|1|0|0|0|0|0.0|0|0|0.0|0|1|2|0|0|0|0.0|0|2|0|0|0|2|1|0.0|1.0|0.0|0|1.0|0.0|0.0|0.0|6|0|0|0|0|0|33|2025-11|Novembro|Região Serrana|0|Trajano de Moraes; Doutor Elias; Sodrelândia; Vila da Grama e Visconde de Imbé|Trajano de Moraes|Serrana|2025-11-01|365
37034|158|11|2025|11|7|Bom Jardim|330050|Interior|0|0|0|0|0|0.0|0|0|0.0|7|1|0|5|0|1|0|1|0|0|0|0|0|0.0|0|0|0.0|0|1|1|0|0|0|0.0|7|8|0|0|0|16|6|2.0|2.0|2.0|3|2.0|0.0|2.0|0.0|16|0|0|0|0|0|94|2025-11|Novembro|Região Serrana|0|Bom Jardim; Banquete; Barra Alegre e São José do Ribeirão|Bom Jardim|Serrana|2025-11-01|365
37035|159|11|2025|35|4|Cachoeiras de Macacu|330080|Interior|0|0|0|0|0|0.0|0|0|1.0|23|3|0|11|1|0|0|1|0|0|0|0|0|0.0|0|0|0.0|0|1|2|0|0|1|0.0|12|15|0|0|0|30|10|6.0|4.0|0.0|0|6.0|2.0|3.0|1.0|22|1|0|0|0|0|150|2025-11|Novembro|Grande Niterói e Região dos Lagos|0|Cachoeiras de Macacu; Japuíba e Subaio|Cachoeiras de Macacu|Metropolitana|2025-11-01|365
37036|165|11|2025|33|5|Mangaratiba|330260|Interior|0|0|0|0|0|0.0|0|1|0.0|29|5|1|4|1|0|0|1|0|0|1|0|0|0.0|0|0|0.0|0|2|10|0|0|4|1.0|11|26|0|2|0|30|15|10.0|4.0|1.0|1|11.0|4.0|3.0|1.0|28|2|0|0|0|0|204|2025-11|Novembro|Sul Fluminense|0|Mangaratiba; Conceição de Jacareí; Vila Muriquí; Itacuruçá|Mangaratiba|Costa Verde|2025-11-01|365
37037|166|11|2025|33|5|Angra dos Reis|330010|Interior|2|0|0|2|0|0.0|2|2|0.0|63|2|2|27|1|0|0|1|1|0|0|0|0|0.0|0|1|0.0|1|4|2|2|0|10|3.0|36|53|0|0|0|124|28|13.0|14.0|1.0|4|35.0|3.0|12.0|1.0|91|16|0|0|0|0|630|2025-11|Novembro|Sul Fluminense|0|Angra dos Reis; Jacuecanga; Cunhambebe; Mambucaba; Abraão e Praia de Araçatiba|Angra dos Reis|Costa Verde|2025-11-01|365
37038|167|11|2025|43|5|Paraty|330380|Interior|0|0|0|0|0|0.0|0|0|0.0|14|0|1|8|0|0|0|0|0|0|0|0|0|0.0|0|0|0.0|0|0|0|1|0|0|0.0|15|16|0|0|0|18|27|3.0|19.0|5.0|0|21.0|4.0|1.0|1.0|17|0|1|0|0|0|177|2025-11|Novembro|Sul Fluminense|0|Paraty; Paraty-Mirim e Tarituba|Paraty|Costa Verde|2025-11-01|365
37039|168|11|2025|28|5|Rio Claro|330440|Interior|1|0|0|1|0|0.0|1|1|0.0|7|1|0|2|0|0|0|0|0|0|0|0|0|0.0|0|0|0.0|0|0|0|0|0|1|0.0|3|4|0|0|0|3|8|7.0|1.0|0.0|0|4.0|0.0|1.0|0.0|7|0|0|0|0|0|54|2025-11|Novembro|Sul Fluminense|0|Rio Claro; Getulândia; Lídice; Passa Três e São João Marcos|Rio Claro|Médio Paraíba|2025-11-01|365
37040|1|12|2025|5|1|Rio de Janeiro|330455|Capital|0|0|0|0|0|0.0|0|0|1.0|8|3|0|10|49|38|1|88|1|3|0|0|0|0.0|0|0|0.0|3|95|4|62|24|138|1.0|121|350|0|3|0|63|1|1.0|0.0|0.0|2|16.0|2.0|1.0|0.0|14|3|0|0|0|0|709|2025-12|Dezembro|Capital (Zona Sul, Centro e parte da Norte)|0|Centro (parte)|Rio de Janeiro|Metropolitana|2025-12-01|365
37041|4|12|2025|5|1|Rio de Janeiro|330455|Capital|1|0|0|1|0|0.0|1|0|0.0|30|0|2|12|30|33|0|63|5|0|2|0|0|0.0|0|0|0.0|6|76|10|47|14|115|1.0|56|243|0|1|0|50|4|1.0|3.0|0.0|2|19.0|5.0|5.0|3.0|17|11|0|0|0|0|681|2025-12|Dezembro|Capital (Zona Sul, Centro e parte da Norte)|0|Centro (parte); Gamboa; Santo Cristo e Saúde|Rio de Janeiro|Metropolitana|2025-12-01|365
37042|5|12|2025|5|1|Rio de Janeiro|330455|Capital|1|0|0|1|1|0.0|2|0|0.0|42|1|0|17|84|103|1|188|10|1|4|0|0|0.0|0|0|0.0|17|220|13|57|9|266|6.0|209|560|0|2|0|168|18|3.0|13.0|2.0|1|52.0|7.0|17.0|14.0|29|10|1|0|0|0|1412|2025-12|Dezembro|Capital (Zona Sul, Centro e parte da Norte)|0|Centro (parte); Lapa e Paquetá|Rio de Janeiro|Metropolitana|2025-12-01|365
37043|6|12|2025|4|1|Rio de Janeiro|330455|Capital|0|0|0|0|0|0.0|0|0|0.0|28|5|4|30|15|14|3|32|34|1|0|0|0|0.0|0|0|0.0|8|75|14|21|19|54|1.0|46|155|0|3|0|43|5|3.0|2.0|0.0|20|16.0|0.0|7.0|1.0|18|2|0|0|0|0|538|2025-12|Dezembro|Capital (Zona Sul, Centro e parte da Norte)|0|Catumbi; Cidade Nova; Estácio; Rio Comprido e Centro (parte)|Rio de Janeiro|Metropolitana|2025-12-01|365
37044|7|12|2025|5|1|Rio de Janeiro|330455|Capital|0|0|0|0|0|1.0|1|0|0.0|10|4|0|1|15|7|1|23|6|0|0|0|0|0.0|0|0|1.0|2|32|12|3|0|11|1.0|29|56|0|0|0|30|1|0.0|1.0|0.0|5|4.0|0.0|0.0|0.0|10|2|0|0|0|0|238|2025-12|Dezembro|Capital (Zona Sul, Centro e parte da Norte)|0|Santa Teresa|Rio de Janeiro|Metropolitana|2025-12-01|365
37045|9|12|2025|2|1|Rio de Janeiro|330455|Capital|0|0|0|0|0|0.0|0|1|0.0|24|2|3|27|29|40|3|72|16|0|3|0|0|0.0|0|0|2.0|5|98|27|67|10|121|9.0|144|378|0|2|0|126|1|1.0|0.0|0.0|3|23.0|8.0|3.0|1.0|28|0|2|0|0|0|1121|2025-12|Dezembro|Capital (Zona Sul, Centro e parte da Norte)|0|Catete; Cosme Velho; Flamengo; Glória e Laranjeiras|Rio de Janeiro|Metropolitana|2025-12-01|365
37046|10|12|2025|2|1|Rio de Janeiro|330455|Capital|0|0|0|0|1|0.0|1|1|0.0|18|1|3|32|18|19|3|40|9|0|2|0|0|0.0|0|0|0.0|4|55|27|15|18|98|13.0|110|281|0|5|0|77|2|1.0|1.0|0.0|5|25.0|4.0|4.0|3.0|17|6|0|0|0|0|732|2025-12|Dezembro|Capital (Zona Sul, Centro e parte da Norte)|0|Botafogo; Humaitá e Urca|Rio de Janeiro|Metropolitana|2025-12-01|365
37047|11|12|2025|23|1|Rio de Janeiro|330455|Capital|0|0|0|0|0|0.0|0|0|0.0|8|2|0|1|0|0|0|0|0|0|0|0|0|0.0|0|0|0.0|0|0|2|1|0|3|0.0|3|9|0|0|0|1|0|0.0|0.0|0.0|0|1.0|0.0|0.0|0.0|7|1|0|0|0|0|69|2025-12|Dezembro|Capital (Zona Sul, Centro e parte da Norte)|0|Rocinha|Rio de Janeiro|Metropolitana|2025-12-01|365
37048|12|12|2025|19|1|Rio de Janeiro|330455|Capital|0|0|0|0|1|0.0|1|4|0.0|50|6|0|8|10|12|2|24|0|0|1|0|0|0.0|0|0|0.0|1|26|24|41|13|103|32.0|199|412|0|7|0|252|2|2.0|0.0|0.0|1|28.0|6.0|7.0|2.0|46|7|0|0|0|0|1132|2025-12|Dezembro|Capital (Zona Sul, Centro e parte da Norte)|0|Copacabana (parte) e Leme|Rio de Janeiro|Metropolitana|2025-12-01|365
37049|13|12|2025|19|1|Rio de Janeiro|330455|Capital|0|0|0|0|0|0.0|0|0|0.0|23|1|0|7|15|9|1|25|0|1|2|0|0|0.0|0|0|1.0|1|30|19|45|5|49|14.0|138|270|0|3|0|83|2|2.0|0.0|0.0|0|18.0|9.0|2.0|1.0|26|1|0|0|0|0|652|2025-12|Dezembro|Capital (Zona Sul, Centro e parte da Norte)|0|Copacabana (parte)|Rio de Janeiro|Metropolitana|2025-12-01|365
37050|14|12|2025|23|1|Rio de Janeiro|330455|Capital|1|0|0|1|0|0.0|1|0|0.0|21|0|0|8|25|26|0|51|4|1|1|0|0|0.0|0|1|1.0|2|61|53|92|5|223|78.0|207|658|0|4|0|206|0|0.0|0.0|0.0|0|30.0|4.0|4.0|5.0|22|5|0|0|0|0|1331|2025-12|Dezembro|Capital (Zona Sul, Centro e parte da Norte)|0|Ipanema e Leblon|Rio de Janeiro|Metropolitana|2025-12-01|365
37051|15|12|2025|23|1|Rio de Janeiro|330455|Capital|0|0|0|0|0|0.0|0|0|0.0|32|1|3|21|14|13|1|28|5|0|3|1|0|0.0|0|0|1.0|2|40|14|15|7|70|10.0|74|190|0|6|0|121|8|4.0|4.0|0.0|4|23.0|2.0|3.0|0.0|17|1|1|0|0|0|666|2025-12|Dezembro|Capital (Zona Sul, Centro e parte da Norte)|0|Gávea; Jardim Botânico; Lagoa; São Conrado e Vidigal|Rio de Janeiro|Metropolitana|2025-12-01|365
37052|16|12|2025|31|2|Rio de Janeiro|330455|Capital|2|0|0|2|1|0.0|3|2|0.0|66|3|6|73|90|44|15|149|11|1|4|4|0|0.0|0|0|0.0|31|200|57|35|34|216|5.0|288|635|0|13|0|409|7|3.0|3.0|1.0|9|59.0|23.0|11.0|8.0|74|7|1|0|0|0|2160|2025-12|Dezembro|Capital (Zona Oeste e parte da Norte)|0|Barra da Tijuca; Itanhangá; Joá|Rio de Janeiro|Metropolitana|2025-12-01|365
37053|17|12|2025|4|1|Rio de Janeiro|330455|Capital|1|0|2|3|2|0.0|5|0|0.0|33|5|0|27|26|43|8|77|42|11|1|0|0|0.0|0|0|0.0|17|148|26|92|9|140|1.0|108|376|0|1|0|94|10|3.0|4.0|3.0|17|28.0|3.0|4.0|0.0|38|4|0|0|0|0|1017|2025-12|Dezembro|Capital (Zona Sul, Centro e parte da Norte)|0|Caju; Mangueira; São Cristóvão e Vasco da Gama|Rio de Janeiro|Metropolitana|2025-12-01|365
37054|18|12|2025|6|1|Rio de Janeiro|330455|Capital|0|0|0|0|1|0.0|1|2|0.0|27|3|0|26|55|103|7|165|36|1|2|1|0|0.0|1|0|0.0|27|233|18|86|11|488|2.0|180|785|0|2|0|108|8|6.0|2.0|0.0|1|12.0|2.0|1.0|1.0|32|3|0|0|0|0|1501|2025-12|Dezembro|Capital (Zona Sul, Centro e parte da Norte)|0|Maracanã; Praça da Bandeira e Tijuca (parte)|Rio de Janeiro|Metropolitana|2025-12-01|365
37055|19|12|2025|6|1|Rio de Janeiro|330455|Capital|0|0|0|0|0|0.0|0|0|0.0|43|1|0|17|57|56|3|116|59|0|2|0|0|0.0|0|0|0.0|18|195|12|48|16|104|5.0|173|358|0|8|1|172|6|2.0|3.0|1.0|8|39.0|2.0|12.0|6.0|57|6|0|0|0|0|1168|2025-12|Dezembro|Capital (Zona Sul, Centro e parte da Norte)|0|Alto da Boa Vista e Tijuca (parte)|Rio de Janeiro|Metropolitana|2025-12-01|365
37056|20|12|2025|6|1|Rio de Janeiro|330455|Capital|0|0|1|1|1|0.0|2|1|0.0|30|3|2|10|53|18|0|71|24|1|2|1|0|0.0|0|0|0.0|22|121|15|19|10|47|4.0|150|245|0|4|0|138|2|1.0|0.0|1.0|5|23.0|1.0|6.0|0.0|32|6|0|0|0|0|899|2025-12|Dezembro|Capital (Zona Sul, Centro e parte da Norte)|0|Andaraí; Grajaú e Vila Isabel|Rio de Janeiro|Metropolitana|2025-12-01|365
37057|21|12|2025|22|1|Rio de Janeiro|330455|Capital|2|1|1|4|0|0.0|4|2|0.0|86|8|2|64|44|53|42|139|69|38|2|0|0|0.0|0|0|0.0|45|293|43|22|38|78|4.0|160|345|0|9|0|183|17|2.0|12.0|4.0|110|48.0|3.0|23.0|9.0|63|11|0|0|0|0|1659|2025-12|Dezembro|Capital (Zona Sul, Centro e parte da Norte)|0|Benfica; Bonsucesso; Higienópolis; Manguinhos; Maré e Ramos|Rio de Janeiro|Metropolitana|2025-12-01|365
37058|22|12|2025|16|1|Rio de Janeiro|330455|Capital|1|0|1|2|0|0.0|2|0|0.0|49|4|6|34|34|20|5|59|42|21|2|0|0|0.0|0|0|0.0|14|138|18|9|12|24|2.0|73|138|0|5|0|78|4|1.0|3.0|0.0|48|28.0|0.0|3.0|0.0|48|3|0|0|0|0|817|2025-12|Dezembro|Capital (Zona Sul, Centro e parte da Norte)|0|Brás de Pina (parte); Olaria; Penha e Penha Circular (parte)|Rio de Janeiro|Metropolitana|2025-12-01|365
37059|23|12|2025|3|1|Rio de Janeiro|330455|Capital|0|0|0|0|0|0.0|0|0|0.0|26|2|1|22|13|41|1|55|32|0|3|0|0|0.0|0|0|0.0|5|95|12|5|8|31|4.0|67|127|0|1|0|65|3|3.0|0.0|0.0|4|5.0|0.0|4.0|1.0|15|2|0|0|0|0|561|2025-12|Dezembro|Capital (Zona Sul, Centro e parte da Norte)|0|Cachambi; Méier (parte) e Todos os Santos (parte)|Rio de Janeiro|Metropolitana|2025-12-01|365
37060|24|12|2025|3|1|Rio de Janeiro|330455|Capital|1|0|0|1|0|0.0|1|3|1.0|45|7|1|17|25|24|2|51|72|7|0|2|0|0.0|0|0|0.0|9|141|21|8|10|27|1.0|65|132|0|1|0|80|4|1.0|3.0|0.0|19|18.0|0.0|2.0|0.0|42|3|0|0|0|0|685|2025-12|Dezembro|Capital (Zona Sul, Centro e parte da Norte)|0|Abolição; Água Santa (parte); Encantado; Engenho de Dentro (parte); Pilares e Piedade|Rio de Janeiro|Metropolitana|2025-12-01|365
37061|25|12|2025|3|1|Rio de Janeiro|330455|Capital|0|0|0|0|2|0.0|2|0|0.0|30|6|2|23|14|31|4|49|34|3|2|0|0|0.0|0|0|0.0|11|99|13|7|17|43|1.0|82|163|0|2|0|82|10|2.0|8.0|0.0|24|16.0|0.0|16.0|1.0|32|2|0|0|0|0|702|2025-12|Dezembro|Capital (Zona Sul, Centro e parte da Norte)|0|Engenho Novo; Jacaré; Jacarezinho; Riachuelo; Rocha; Sampaio e São Francisco Xavier|Rio de Janeiro|Metropolitana|2025-12-01|365
37062|26|12|2025|3|1|Rio de Janeiro|330455|Capital|0|0|1|1|1|0.0|2|3|0.0|30|1|1|20|21|26|2|49|48|3|2|0|0|0.0|0|0|0.0|20|122|7|12|16|55|0.0|96|186|0|1|0|93|4|0.0|3.0|1.0|27|27.0|0.0|7.0|0.0|29|2|0|0|0|0|753|2025-12|Dezembro|Capital (Zona Sul, Centro e parte da Norte)|0|Água Santa (parte); Engenho de Dentro (parte); Lins de Vasconcelos e Todos os Santos|Rio de Janeiro|Metropolitana|2025-12-01|365
37063|27|12|2025|41|2|Rio de Janeiro|330455|Capital|5|0|1|6|4|0.0|10|8|0.0|75|1|0|22|72|71|3|146|129|20|3|1|0|0.0|0|0|0.0|27|326|35|4|7|25|1.0|89|161|0|3|0|124|7|1.0|5.0|1.0|29|37.0|6.0|12.0|0.0|44|4|1|0|0|0|1183|2025-12|Dezembro|Capital (Zona Oeste e parte da Norte)|0|Colégio (parte); Irajá; Vicente de Carvalho; Vila Kosmos; Vila da Penha e Vista Alegre|Rio de Janeiro|Metropolitana|2025-12-01|365
37064|28|12|2025|18|2|Rio de Janeiro|330455|Capital|0|0|0|0|0|0.0|0|0|0.0|41|4|0|23|22|24|1|47|25|1|4|1|0|0.0|0|0|0.0|6|84|10|8|7|16|1.0|45|87|0|4|0|124|3|2.0|1.0|0.0|9|11.0|0.0|7.0|0.0|42|12|0|0|0|0|631|2025-12|Dezembro|Capital (Zona Oeste e parte da Norte)|0|Vila Valqueire; Praça Seca e Tanque (parte)|Rio de Janeiro|Metropolitana|2025-12-01|365
37065|29|12|2025|9|2|Rio de Janeiro|330455|Capital|4|0|0|4|1|0.0|5|7|0.0|63|1|3|30|95|44|5|144|136|3|5|1|0|0.0|0|0|1.0|17|307|50|67|43|60|0.0|121|341|0|2|0|145|3|0.0|2.0|1.0|40|18.0|0.0|7.0|0.0|53|7|0|0|0|0|1287|2025-12|Dezembro|Capital (Zona Oeste e parte da Norte)|0|Cavalcanti; Engenheiro Leal; Madureira; Turiaçu; Vaz Lobo; Oswaldo Cruz (parte); Cascadura e Quintino Bocaiúva|Rio de Janeiro|Metropolitana|2025-12-01|365
37066|30|12|2025|9|2|Rio de Janeiro|330455|Capital|1|0|1|2|0|0.0|2|1|0.0|65|3|1|33|40|35|3|78|47|2|3|1|0|0.0|0|0|0.0|9|140|18|22|9|18|1.0|61|129|0|3|0|154|2|2.0|1.0|0.0|16|9.0|1.0|4.0|0.0|86|6|2|0|0|0|860|2025-12|Dezembro|Capital (Zona Oeste e parte da Norte)|0|Bento Ribeiro; Campinho; Marechal Hermes e Oswaldo Cruz (parte)|Rio de Janeiro|Metropolitana|2025-12-01|365
37067|31|12|2025|41|2|Rio de Janeiro|330455|Capital|3|0|0|3|1|0.0|4|2|0.0|44|1|2|20|20|30|3|53|82|14|0|0|0|0.0|0|0|1.0|6|156|20|3|1|10|0.0|22|56|0|0|1|60|10|0.0|8.0|2.0|79|22.0|0.0|7.0|0.0|51|5|2|0|0|0|601|2025-12|Dezembro|Capital (Zona Oeste e parte da Norte)|0|Anchieta; Guadalupe; Parque Anchieta e Ricardo de Albuquerque|Rio de Janeiro|Metropolitana|2025-12-01|365
37068|32|12|2025|18|2|Rio de Janeiro|330455|Capital|8|0|0|8|1|0.0|9|13|1.0|132|11|3|89|56|73|5|134|104|0|4|1|0|1.0|0|0|0.0|21|265|24|19|19|103|6.0|192|363|0|11|0|417|10|5.0|4.0|1.0|40|65.0|2.0|19.0|3.0|161|10|1|0|0|0|2288|2025-12|Dezembro|Capital (Zona Oeste e parte da Norte)|0|Anil; Cidade de Deus; Curicica; Gardênia Azul; Jacarepaguá e Taquara|Rio de Janeiro|Metropolitana|2025-12-01|365
37069|33|12|2025|14|2|Rio de Janeiro|330455|Capital|8|0|0|8|0|0.0|8|4|1.0|108|6|2|65|8|23|2|33|44|4|2|0|0|0.0|0|0|0.0|10|93|26|5|8|10|2.0|41|92|0|5|0|86|2|1.0|1.0|0.0|23|38.0|1.0|6.0|0.0|60|5|1|0|0|0|841|2025-12|Dezembro|Capital (Zona Oeste e parte da Norte)|0|Campo dos Afonsos; Deodoro; Jardim Sulacap; Magalhães Bastos; Realengo e Vila Militar|Rio de Janeiro|Metropolitana|2025-12-01|365
37070|34|12|2025|14|2|Rio de Janeiro|330455|Capital|6|0|0|6|0|0.0|6|12|1.0|143|9|3|31|40|19|0|59|38|11|5|1|0|0.0|0|0|2.0|7|123|25|9|1|30|1.0|88|154|0|7|0|109|34|2.0|19.0|13.0|28|65.0|12.0|17.0|5.0|90|12|1|0|0|0|1081|2025-12|Dezembro|Capital (Zona Oeste e parte da Norte)|0|Bangu; Gericinó; Padre Miguel e Senador Camará|Rio de Janeiro|Metropolitana|2025-12-01|365
37071|35|12|2025|40|2|Rio de Janeiro|330455|Capital|8|0|0|8|0|1.0|9|4|1.0|288|17|5|110|37|48|0|85|51|9|6|1|0|0.0|0|3|0.0|9|164|42|14|8|64|7.0|285|420|0|13|0|282|13|10.0|3.0|0.0|29|121.0|0.0|15.0|1.0|269|19|1|0|0|0|2465|2025-12|Dezembro|Capital (Zona Oeste e parte da Norte)|0|Campo Grande; Cosmos; Inhoaíba; Santíssimo e Senador Vasconcelos|Rio de Janeiro|Metropolitana|2025-12-01|365
37072|36|12|2025|27|2|Rio de Janeiro|330455|Capital|9|0|0|9|0|4.0|13|6|0.0|141|13|3|38|18|22|1|41|16|2|4|0|0|0.0|0|0|0.0|1|64|13|13|9|19|4.0|56|114|0|2|0|170|1|0.0|1.0|0.0|7|27.0|1.0|8.0|2.0|112|20|2|0|0|0|1038|2025-12|Dezembro|Capital (Zona Oeste e parte da Norte)|0|Paciência e Santa Cruz|Rio de Janeiro|Metropolitana|2025-12-01|365
37073|37|12|2025|17|1|Rio de Janeiro|330455|Capital|0|0|1|1|2|0.0|3|1|0.0|70|3|3|36|4|4|0|8|5|1|0|2|0|0.0|0|0|0.0|5|21|19|2|4|18|2.0|75|120|0|4|0|103|77|2.0|5.0|70.0|6|24.0|11.0|9.0|0.0|82|7|0|1|0|0|926|2025-12|Dezembro|Capital (Zona Sul, Centro e parte da Norte)|0|Bancários; Cacuia; Cidade Universitária; Cocotá; Freguesia; Galeão; Jardim Carioca; Jardim Guanabara; Moneró; Pitangueiras; Portuguesa; Praia da Bandeira; Ribeira; Tauá e Zumbi|Rio de Janeiro|Metropolitana|2025-12-01|365
37074|38|12|2025|16|1|Rio de Janeiro|330455|Capital|1|0|0|1|1|1.0|3|1|0.0|49|5|3|40|21|37|4|62|100|65|2|0|0|0.0|0|0|0.0|27|256|16|2|8|16|0.0|41|83|0|4|0|82|9|2.0|7.0|0.0|59|25.0|3.0|4.0|1.0|51|5|0|0|0|0|892|2025-12|Dezembro|Capital (Zona Sul, Centro e parte da Norte)|0|Brás de Pina (parte); Cordovil; Jardim América; Parada de Lucas;Penha Circular (parte) e Vigário Geral|Rio de Janeiro|Metropolitana|2025-12-01|365
37075|39|12|2025|41|2|Rio de Janeiro|330455|Capital|9|0|1|10|5|1.0|16|7|1.0|61|1|3|19|34|39|32|105|138|23|2|1|0|0.0|0|0|0.0|23|292|9|9|12|32|0.0|78|140|0|2|1|115|18|2.0|15.0|1.0|140|33.0|0.0|7.0|1.0|52|5|1|0|0|0|1087|2025-12|Dezembro|Capital (Zona Oeste e parte da Norte)|0|Acari; Barros Filho; Costa Barros; Parque Colúmbia e Pavuna|Rio de Janeiro|Metropolitana|2025-12-01|365
37076|40|12|2025|9|2|Rio de Janeiro|330455|Capital|2|0|0|2|0|0.0|2|3|1.0|43|2|3|23|25|39|2|66|109|10|1|1|0|0.0|0|0|1.0|14|202|10|11|3|17|2.0|41|84|0|3|0|89|0|0.0|0.0|0.0|20|10.0|3.0|1.0|0.0|34|4|0|0|0|0|618|2025-12|Dezembro|Capital (Zona Oeste e parte da Norte)|0|Coelho Neto; Colégio (parte); Honório Gurgel e Rocha Miranda|Rio de Janeiro|Metropolitana|2025-12-01|365
37077|41|12|2025|18|2|Rio de Janeiro|330455|Capital|1|0|0|1|0|0.0|1|0|0.0|35|5|0|22|27|15|0|42|21|4|6|2|0|0.0|0|0|1.0|3|79|13|2|12|17|7.0|79|130|0|4|0|154|3|1.0|2.0|0.0|20|16.0|3.0|4.0|1.0|46|0|0|0|0|0|776|2025-12|Dezembro|Capital (Zona Oeste e parte da Norte)|0|Freguesia (Jacarepaguá); Pechincha e Tanque (parte)|Rio de Janeiro|Metropolitana|2025-12-01|365
37078|42|12|2025|31|2|Rio de Janeiro|330455|Capital|0|0|0|0|0|0.0|0|2|0.0|106|7|3|50|33|28|4|65|19|3|3|1|0|0.0|0|0|0.0|17|108|53|22|8|78|23.0|137|321|0|6|1|233|19|7.0|10.0|2.0|22|40.0|9.0|6.0|3.0|68|4|1|0|0|0|1243|2025-12|Dezembro|Capital (Zona Oeste e parte da Norte)|0|Recreio dos Bandeirantes; Barra de Guaratiba; Camorim; Grumari; Vargem Grande e Vargem Pequena|Rio de Janeiro|Metropolitana|2025-12-01|365
37079|43|12|2025|27|2|Rio de Janeiro|330455|Capital|6|0|0|6|0|0.0|6|3|1.0|109|2|5|60|7|23|0|30|14|0|1|0|0|0.0|0|0|0.0|0|45|14|0|2|12|0.0|26|54|0|4|0|90|2|0.0|2.0|0.0|8|15.0|0.0|3.0|0.0|133|10|0|0|0|0|642|2025-12|Dezembro|Capital (Zona Oeste e parte da Norte)|0|Guaratiba; Pedra de Guaratiba e Sepetiba|Rio de Janeiro|Metropolitana|2025-12-01|365
37080|44|12|2025|3|1|Rio de Janeiro|330455|Capital|3|0|0|3|1|0.0|4|3|0.0|45|1|0|32|32|34|3|69|87|10|3|1|0|0.0|0|0|0.0|35|205|12|5|6|31|0.0|94|148|0|0|0|72|10|5.0|5.0|0.0|24|23.0|1.0|5.0|0.0|31|3|0|0|0|0|863|2025-12|Dezembro|Capital (Zona Sul, Centro e parte da Norte)|0|Del Castilho; Engenho da Rainha; Inhaúma; Maria da Graça e Tomás Coelho|Rio de Janeiro|Metropolitana|2025-12-01|365
37081|48|12|2025|24|3|Seropédica|330555|Baixada Fluminense|0|0|0|0|0|0.0|0|0|0.0|24|1|3|8|2|4|0|6|7|2|0|0|0|0.0|0|0|0.0|1|16|3|1|0|4|1.0|16|25|0|1|0|44|3|1.0|1.0|1.0|1|5.0|0.0|6.0|0.0|34|6|2|0|0|0|290|2025-12|Dezembro|Baixada Fluminense|0|Seropédica|Seropédica|Metropolitana|2025-12-01|365
37082|50|12|2025|24|3|Itaguaí|330200|Baixada Fluminense|1|0|0|1|2|0.0|3|6|0.0|48|3|1|23|6|6|0|12|2|0|2|1|0|0.0|0|0|0.0|3|20|12|5|1|9|0.0|44|71|0|5|0|70|8|1.0|5.0|2.0|9|15.0|0.0|7.0|0.0|27|6|1|0|0|0|429|2025-12|Dezembro|Baixada Fluminense|0|Itaguaí e Ibituporanga|Itaguaí|Metropolitana|2025-12-01|365
37083|51|12|2025|24|3|Paracambi|330360|Baixada Fluminense|2|0|0|2|0|0.0|2|7|1.0|32|1|0|8|0|1|1|2|0|1|0|0|0|0.0|0|0|0.0|1|4|1|1|0|5|2.0|9|18|0|0|0|18|21|11.0|5.0|6.0|0|4.0|1.0|2.0|0.0|26|2|0|0|0|0|171|2025-12|Dezembro|Baixada Fluminense|0|Paracambi|Paracambi|Metropolitana|2025-12-01|365
37084|52|12|2025|20|3|Nova Iguaçu|330350|Baixada Fluminense|2|0|0|2|0|0.0|2|7|1.0|72|5|3|41|46|54|3|103|92|0|3|1|0|0.0|0|0|0.0|13|212|37|19|6|60|3.0|155|280|0|1|0|114|10|5.0|4.0|1.0|33|46.0|3.0|10.0|0.0|102|13|0|0|0|0|1248|2025-12|Dezembro|Baixada Fluminense|0|Centro|Nova Iguaçu|Metropolitana|2025-12-01|365
37085|53|12|2025|20|3|Mesquita|330285|Baixada Fluminense|2|0|0|2|1|0.0|3|3|1.0|67|9|3|19|27|22|4|53|48|1|0|0|0|0.0|0|0|0.0|5|107|13|3|1|6|2.0|32|57|0|7|0|71|12|2.0|8.0|2.0|15|32.0|3.0|8.0|0.0|76|3|1|1|0|0|570|2025-12|Dezembro|Baixada Fluminense|0|Mesquita; Chatuba e Banco de Areia|Mesquita|Metropolitana|2025-12-01|365
37086|54|12|2025|39|3|Belford Roxo|330045|Baixada Fluminense|19|0|1|20|1|0.0|21|5|6.0|164|11|1|42|28|30|9|67|124|3|1|2|0|0.0|0|0|0.0|15|212|27|7|3|5|3.0|40|85|0|5|0|88|23|2.0|20.0|2.0|60|62.0|5.0|11.0|0.0|131|21|2|0|1|0|1113|2025-12|Dezembro|Baixada Fluminense|1|Areia Branca; Jardim Redentor; Parque São José; Nova Aurora e Lote XV|Belford Roxo|Metropolitana|2025-12-01|365
37087|55|12|2025|24|3|Queimados|330414|Baixada Fluminense|2|0|0|2|2|0.0|4|2|0.0|63|8|0|13|14|4|0|18|4|1|0|1|0|0.0|0|1|0.0|1|26|9|5|1|11|0.0|31|57|0|3|0|50|4|1.0|3.0|0.0|7|27.0|1.0|3.0|0.0|50|5|0|0|0|0|435|2025-12|Dezembro|Baixada Fluminense|0|Centro; Norte; Sul. Leste; Oeste e Nordeste|Queimados|Metropolitana|2025-12-01|365
37088|56|12|2025|20|3|Nova Iguaçu|330350|Baixada Fluminense|3|0|0|3|0|0.0|3|4|0.0|142|8|1|24|29|31|1|61|55|2|1|1|0|0.0|0|0|0.0|4|124|11|0|1|11|1.0|25|49|0|1|0|69|0|0.0|0.0|0.0|16|53.0|0.0|7.0|0.0|111|10|1|0|0|0|711|2025-12|Dezembro|Baixada Fluminense|0|Comendador Soares; Cabuçú e Km32|Nova Iguaçu|Metropolitana|2025-12-01|365
37089|57|12|2025|20|3|Nilópolis|330320|Baixada Fluminense|1|0|0|1|0|0.0|1|2|0.0|72|5|2|11|25|27|0|52|47|1|3|0|0|0.0|0|0|0.0|10|113|17|5|5|15|0.0|54|96|0|2|0|130|5|1.0|3.0|1.0|20|25.0|0.0|12.0|0.0|66|6|0|0|0|0|720|2025-12|Dezembro|Baixada Fluminense|0|Nilópolis e Olinda|Nilópolis|Metropolitana|2025-12-01|365
37090|58|12|2025|20|3|Nova Iguaçu|330350|Baixada Fluminense|7|0|0|7|0|0.0|7|15|0.0|208|15|3|47|41|55|1|97|76|6|1|3|0|0.0|0|0|1.0|13|197|28|2|3|23|2.0|51|109|0|3|0|138|3|1.0|2.0|0.0|36|30.0|1.0|6.0|0.0|154|14|0|0|0|0|1272|2025-12|Dezembro|Baixada Fluminense|0|Posse; Austin; Miguel Couto; Vila de Cava e Tinguá|Nova Iguaçu|Metropolitana|2025-12-01|365
37091|59|12|2025|15|3|Duque de Caxias|330170|Baixada Fluminense|8|0|0|8|4|0.0|12|15|1.0|148|12|2|67|77|97|1|175|260|47|7|2|0|0.0|0|0|0.0|37|528|21|19|9|26|0.0|86|161|0|9|1|107|13|2.0|10.0|1.0|126|58.0|1.0|11.0|1.0|106|21|3|0|0|0|1539|2025-12|Dezembro|Baixada Fluminense|0|Duque de Caxias (Centro)|Duque de Caxias|Metropolitana|2025-12-01|365
37092|60|12|2025|15|3|Duque de Caxias|330170|Baixada Fluminense|3|0|0|3|3|0.0|6|11|1.0|99|3|6|35|20|33|1|54|135|34|1|2|0|0.0|0|1|1.0|23|251|12|7|4|23|5.0|61|112|0|3|1|96|7|1.0|5.0|1.0|24|39.0|1.0|31.0|2.0|71|10|0|0|0|0|1029|2025-12|Dezembro|Baixada Fluminense|0|Campos Elyseos|Duque de Caxias|Metropolitana|2025-12-01|365
37093|61|12|2025|15|3|Duque de Caxias|330170|Baixada Fluminense|1|0|0|1|0|0.0|1|4|1.0|20|5|2|10|2|1|0|3|13|4|0|0|0|0.0|0|0|0.0|2|22|5|0|0|4|1.0|7|17|0|4|0|26|0|0.0|0.0|0.0|5|8.0|1.0|1.0|0.0|19|3|0|0|0|0|204|2025-12|Dezembro|Baixada Fluminense|0|Xerém|Duque de Caxias|Metropolitana|2025-12-01|365
37094|62|12|2025|15|3|Duque de Caxias|330170|Baixada Fluminense|0|0|0|0|0|1.0|1|5|0.0|45|2|2|22|21|15|0|36|73|7|0|2|0|0.0|0|0|0.0|7|125|7|0|2|5|3.0|30|47|0|3|0|64|3|0.0|3.0|0.0|13|18.0|2.0|3.0|0.0|49|8|1|0|0|0|516|2025-12|Dezembro|Baixada Fluminense|0|Imbariê|Duque de Caxias|Metropolitana|2025-12-01|365
37095|63|12|2025|24|3|Japeri|330227|Baixada Fluminense|3|0|0|3|0|0.0|3|1|0.0|39|8|2|6|6|4|0|10|5|2|1|1|0|0.0|0|1|0.0|0|20|2|1|0|0|0.0|19|22|0|4|0|37|2|0.0|1.0|1.0|2|32.0|0.0|6.0|1.0|47|0|0|0|0|0|263|2025-12|Dezembro|Baixada Fluminense|0|Japeri; Engenheiro Pedreira; Marajoara; Pedra Lisa e Rio D`Ouro|Japeri|Metropolitana|2025-12-01|365
37096|64|12|2025|21|3|São João de Meriti|330510|Baixada Fluminense|7|0|1|8|2|1.0|11|8|1.0|147|13|2|50|92|52|14|158|202|20|6|1|0|0.0|0|0|0.0|39|426|51|16|3|38|2.0|87|197|0|9|0|193|21|4.0|13.0|5.0|101|85.0|4.0|10.0|1.0|161|21|1|0|0|0|1617|2025-12|Dezembro|Baixada Fluminense|0|São João de Meriti; Coelho da Rocha e São Mateus|São João de Meriti|Metropolitana|2025-12-01|365
37097|65|12|2025|34|3|Magé|330250|Baixada Fluminense|0|0|0|0|0|0.0|0|0|0.0|34|2|2|15|2|4|0|6|11|1|0|0|0|0.0|0|0|0.0|3|21|8|2|2|2|2.0|26|42|0|3|0|55|11|0.0|9.0|2.0|7|17.0|3.0|4.0|0.0|63|1|1|0|0|0|374|2025-12|Dezembro|Baixada Fluminense|0|Magé; Santo Aleixo e Suruí|Magé|Metropolitana|2025-12-01|365
37098|66|12|2025|34|3|Magé|330250|Baixada Fluminense|2|0|0|2|0|0.0|2|4|0.0|88|3|2|24|7|10|1|18|20|4|1|2|0|0.0|0|0|0.0|2|47|18|4|2|13|3.0|50|90|0|8|0|79|62|55.0|6.0|1.0|10|14.0|0.0|9.0|0.0|126|5|0|0|0|0|759|2025-12|Dezembro|Baixada Fluminense|0|Inhomirim e Guia de Copaíba|Magé|Metropolitana|2025-12-01|365
37099|67|12|2025|34|3|Guapimirim|330185|Baixada Fluminense|1|0|0|1|0|0.0|1|0|0.0|44|3|1|16|2|0|0|2|6|0|0|2|0|0.0|0|0|0.0|0|10|4|1|0|4|1.0|10|20|0|0|0|43|5|1.0|4.0|0.0|6|7.0|1.0|7.0|1.0|38|5|0|0|0|0|279|2025-12|Dezembro|Baixada Fluminense|0|Guapimirim|Guapimirim|Metropolitana|2025-12-01|365
37100|70|12|2025|35|4|Tanguá|330575|Interior|1|0|0|1|0|0.0|1|0|0.0|11|1|3|3|2|0|0|2|2|0|0|0|0|0.0|0|0|0.0|0|4|3|0|0|1|0.0|10|14|0|0|0|5|4|1.0|3.0|0.0|1|5.0|0.0|2.0|0.0|10|0|0|0|0|0|104|2025-12|Dezembro|Grande Niterói e Região dos Lagos|0|Tanguá|Tanguá|Metropolitana|2025-12-01|365
37101|71|12|2025|35|4|Itaboraí|330190|Interior|6|0|0|6|0|0.0|6|3|0.0|56|6|4|23|14|10|0|24|55|8|2|1|0|0.0|0|0|0.0|9|99|25|2|16|20|0.0|38|101|0|2|0|77|22|9.0|10.0|3.0|25|22.0|2.0|8.0|0.0|53|3|1|0|0|0|667|2025-12|Dezembro|Grande Niterói e Região dos Lagos|0|Itaboraí; Cabuçú; Itambí; Porto das Caixas e Sambaetiba|Itaboraí|Metropolitana|2025-12-01|365
37102|72|12|2025|7|4|São Gonçalo|330490|Grande Niterói|4|0|0|4|1|0.0|5|7|1.0|74|2|5|22|41|22|2|65|141|37|1|2|0|0.0|0|1|0.0|28|275|43|20|4|26|2.0|87|182|0|4|1|127|18|3.0|15.0|0.0|104|64.0|4.0|7.0|1.0|62|6|0|0|0|0|1108|2025-12|Dezembro|Grande Niterói e Região dos Lagos|0|São Gonçalo|São Gonçalo|Metropolitana|2025-12-01|365
37103|73|12|2025|7|4|São Gonçalo|330490|Grande Niterói|3|0|1|4|0|0.0|4|6|0.0|53|4|1|19|27|10|0|37|150|5|2|0|0|0.0|0|0|0.0|16|210|17|3|1|4|0.0|38|63|0|0|0|58|13|2.0|9.0|2.0|45|31.0|2.0|24.0|1.0|45|1|0|0|0|0|661|2025-12|Dezembro|Grande Niterói e Região dos Lagos|0|Neves|São Gonçalo|Metropolitana|2025-12-01|365
37104|74|12|2025|7|4|São Gonçalo|330490|Grande Niterói|0|0|0|0|1|0.0|1|13|0.0|51|3|7|28|19|10|1|30|181|8|0|0|0|0.0|0|0|0.0|9|228|23|17|6|19|2.0|63|130|0|4|0|88|21|3.0|16.0|2.0|17|31.0|0.0|7.0|1.0|27|3|0|0|0|0|831|2025-12|Dezembro|Grande Niterói e Região dos Lagos|0|Monjolo|São Gonçalo|Metropolitana|2025-12-01|365
37105|75|12|2025|7|4|São Gonçalo|330490|Grande Niterói|2|0|0|2|1|2.0|5|4|0.0|35|4|6|9|9|7|0|16|78|8|1|0|0|0.0|0|0|0.0|10|113|17|3|1|7|0.0|25|53|0|0|0|64|12|7.0|4.0|1.0|21|21.0|2.0|4.0|2.0|38|8|0|0|0|0|504|2025-12|Dezembro|Grande Niterói e Região dos Lagos|0|Ipiiba e Sete Pontes|São Gonçalo|Metropolitana|2025-12-01|365
37106|76|12|2025|12|4|Niterói|330330|Grande Niterói|2|0|0|2|0|0.0|2|0|0.0|36|3|3|18|27|12|1|40|8|0|0|0|0|0.0|0|0|1.0|10|59|10|28|7|69|21.0|102|237|0|5|0|117|5|0.0|5.0|0.0|20|40.0|5.0|23.0|1.0|45|5|0|0|0|0|863|2025-12|Dezembro|Grande Niterói e Região dos Lagos|0|Centro; Ponta da Areia; Ilha da Conceição; São Lourenço; Fátima; Morro do Estado; Ingá; São Domingos; Gragoatá e Boa Viagem|Niterói|Metropolitana|2025-12-01|365
37107|77|12|2025|12|4|Niterói|330330|Grande Niterói|1|0|0|1|0|0.0|1|0|0.0|36|3|1|25|7|8|0|15|4|0|0|0|0|0.0|0|0|2.0|0|21|1|5|6|34|17.0|112|175|0|4|0|171|1|0.0|1.0|0.0|1|15.0|0.0|5.0|0.0|42|2|0|0|0|0|750|2025-12|Dezembro|Grande Niterói e Região dos Lagos|0|Santa Rosa; Icaraí; Vital Brasil; Pé Pequeno; Viradouro e Cubango|Niterói|Metropolitana|2025-12-01|365
37108|78|12|2025|12|4|Niterói|330330|Grande Niterói|5|0|0|5|0|0.0|5|2|2.0|42|5|2|23|20|8|0|28|27|2|1|0|0|0.0|0|0|0.0|9|67|12|7|7|23|3.0|64|116|0|2|0|71|5|1.0|3.0|1.0|9|15.0|1.0|5.0|0.0|37|4|0|0|0|0|586|2025-12|Dezembro|Grande Niterói e Região dos Lagos|0|Fonseca; Viçoso Jardim; Caramujo; Baldeador; Santa Bárbara; Tenente Jardim; Engenhoca; Santana e Barreto|Niterói|Metropolitana|2025-12-01|365
37109|79|12|2025|12|4|Niterói|330330|Grande Niterói|2|0|0|2|0|0.0|2|0|0.0|28|2|1|18|6|2|0|8|9|1|0|2|0|0.0|0|0|0.0|2|22|7|2|4|6|0.0|26|45|0|1|0|49|6|1.0|3.0|2.0|2|14.0|1.0|3.0|0.0|20|2|0|0|0|0|283|2025-12|Dezembro|Grande Niterói e Região dos Lagos|0|Jurujuba; Charitas; São Francisco; Cachoeiras; Maceió; Largo da Batalha; Ititioca; Badu; Sapê; Matapaca; Vila Progresso; Muriqui; Maria Paula e Cantagalo|Niterói|Metropolitana|2025-12-01|365
37110|81|12|2025|12|4|Niterói|330330|Grande Niterói|0|0|0|0|0|0.0|0|1|0.0|33|2|1|29|1|0|0|1|2|0|0|1|0|0.0|0|0|0.0|2|6|9|1|1|9|1.0|55|76|0|3|0|59|6|0.0|6.0|0.0|3|20.0|2.0|4.0|0.0|26|1|0|0|0|0|369|2025-12|Dezembro|Grande Niterói e Região dos Lagos|0|Itaipu; Camboinhas; Itacoatiara; Piratininga; Cafubá; Jacaré; Rio do Ouro; Engenho do Mato; Várzea das Moças e Jardim Imbuí|Niterói|Metropolitana|2025-12-01|365
37111|82|12|2025|12|4|Maricá|330270|Grande Niterói|0|0|0|0|0|0.0|0|2|0.0|138|6|0|50|12|8|0|20|10|0|0|1|0|0.0|0|0|0.0|3|34|7|6|1|12|3.0|102|131|0|5|0|109|12|3.0|8.0|1.0|10|28.0|2.0|5.0|0.0|113|8|0|1|0|0|967|2025-12|Dezembro|Grande Niterói e Região dos Lagos|0|Maricá e Inoã|Maricá|Metropolitana|2025-12-01|365
37112|88|12|2025|10|5|Barra do Pirai|330030|Interior|1|0|0|1|0|0.0|1|2|0.0|24|6|3|2|1|0|0|1|0|0|0|0|0|0.0|0|0|0.0|0|1|0|0|0|3|0.0|16|19|0|0|0|15|35|9.0|13.0|13.0|2|25.0|3.0|9.0|1.0|40|2|0|0|0|0|296|2025-12|Dezembro|Sul Fluminense|0|Barra do Piraí; Dorandia; Ipiabas; São José do Turvo e Vargem Alegre|Barra do Piraí|Médio Paraíba|2025-12-01|365
37113|89|12|2025|37|5|Resende|330420|Interior|2|0|0|2|0|0.0|2|4|0.0|35|4|1|9|1|1|0|2|1|0|0|0|0|0.0|0|0|0.0|0|3|3|1|1|3|2.0|19|29|0|3|0|36|18|4.0|10.0|4.0|3|36.0|3.0|5.0|1.0|45|4|0|0|0|0|416|2025-12|Dezembro|Sul Fluminense|0|Resende; Engenheiro Passos; Agulhas Negras; Pedra Selada e Fumaça|Resende|Médio Paraíba|2025-12-01|365
37114|90|12|2025|28|5|Barra Mansa|330040|Interior|7|1|0|8|0|0.0|8|6|1.0|54|3|0|7|1|1|0|2|1|0|0|0|0|0.0|0|0|0.0|1|4|8|0|1|5|1.0|46|61|0|4|0|74|26|2.0|21.0|3.0|9|39.0|3.0|8.0|2.0|74|8|0|0|0|0|608|2025-12|Dezembro|Sul Fluminense|0|Antonio Rocha; Floriano; Nossa Senhora do Amparo; Rialto e Regiões Administrativas I; II; III; IV; V; VI; VII; VIII; IX; X; XI; XII; XIII; XIV|Barra Mansa|Médio Paraíba|2025-12-01|365
37115|91|12|2025|10|5|Valença|330610|Interior|0|0|0|0|0|0.0|0|1|0.0|29|1|0|13|0|0|0|0|0|0|0|1|0|0.0|0|0|0.0|0|1|1|1|0|2|0.0|11|15|0|2|0|24|19|5.0|13.0|2.0|0|20.0|0.0|5.0|1.0|29|1|0|0|0|0|219|2025-12|Dezembro|Sul Fluminense|0|Valença; Barão de Juparana; Conservatória; Parapeúna; Pentagna e Santa Isabel do Rio Preto|Valença|Médio Paraíba|2025-12-01|365
37116|92|12|2025|10|5|Rio das Flores|330450|Interior|0|0|0|0|0|0.0|0|2|0.0|4|0|0|0|0|0|0|0|1|0|0|0|0|0.0|0|0|0.0|0|1|0|0|0|2|0.0|2|4|0|0|0|2|1|0.0|1.0|0.0|0|0.0|0.0|0.0|0.0|10|0|0|0|0|0|44|2025-12|Dezembro|Sul Fluminense|0|Rio das Flores; Manuel Duarte; Abarracamento e Taboas|Rio das Flores|Médio Paraíba|2025-12-01|365
37117|93|12|2025|28|5|Volta Redonda|330630|Interior|4|0|0|4|0|0.0|4|2|0.0|103|6|4|33|2|2|0|4|5|0|0|0|0|0.0|0|0|0.0|3|12|7|4|1|7|1.0|156|176|0|7|0|157|59|21.0|27.0|11.0|7|75.0|5.0|40.0|0.0|119|10|0|0|0|0|1292|2025-12|Dezembro|Sul Fluminense|0|Volta Redonda|Volta Redonda|Médio Paraíba|2025-12-01|365
37118|94|12|2025|10|5|Piraí|330400|Interior|1|0|0|1|0|0.0|1|0|0.0|21|1|0|0|0|0|0|0|0|0|0|0|0|0.0|0|0|0.0|0|0|0|0|0|2|0.0|11|13|0|1|0|9|32|26.0|5.0|1.0|1|26.0|0.0|6.0|0.0|17|0|0|0|0|0|154|2025-12|Dezembro|Sul Fluminense|0|Piraí; Arrozal; Monumento e Santanésia|Piraí|Médio Paraíba|2025-12-01|365
37119|95|12|2025|10|5|Vassouras|330620|Interior|2|0|0|2|0|0.0|2|0|0.0|9|2|2|5|0|0|0|0|0|0|0|0|0|0.0|0|0|0.0|0|0|0|0|0|2|0.0|4|6|0|0|0|20|8|7.0|0.0|1.0|0|4.0|0.0|3.0|0.0|19|0|1|0|0|0|119|2025-12|Dezembro|Sul Fluminense|0|Vassouras; Andrade Pinto; São Sebastião dos Ferreiros e Sebastião de Lacerda|Vassouras|Centro-Sul Fluminense|2025-12-01|365
37120|96|12|2025|10|5|Miguel Pereira;Paty dos Alferes|999999|Interior|1|0|0|1|0|0.0|1|0|0.0|32|3|2|10|0|0|0|0|0|0|0|0|0|0.0|0|0|0.0|0|0|0|0|0|1|0.0|13|14|0|1|0|31|42|34.0|4.0|4.0|2|26.0|2.0|7.0|0.0|44|0|0|0|0|0|365|2025-12|Dezembro|Sul Fluminense|0|Miguel Pereira; Governador Portela e Conrado|Miguel Pereira|Centro-Sul Fluminense|2025-12-01|365
37121|97|12|2025|10|5|Mendes|330280|Interior|1|0|0|1|0|0.0|1|1|0.0|8|2|0|0|0|0|0|0|0|0|0|0|0|0.0|0|0|0.0|0|0|0|0|0|0|0.0|3|3|0|0|0|13|5|4.0|2.0|0.0|0|11.0|0.0|0.0|0.0|17|0|0|0|0|0|104|2025-12|Dezembro|Sul Fluminense|0|Mendes|Mendes|Centro-Sul Fluminense|2025-12-01|365
37122|98|12|2025|10|5|Engenheiro Paulo de Frontin|330180|Interior|0|0|0|0|0|0.0|0|0|0.0|4|0|0|3|0|0|0|0|0|0|0|0|0|0.0|0|0|0.0|0|0|0|1|0|0|0.0|1|2|0|0|0|1|3|2.0|1.0|0.0|0|4.0|0.0|1.0|0.0|4|0|0|0|0|0|36|2025-12|Dezembro|Sul Fluminense|0|Engenheiro Paulo de Frontin e Sacra Família do Tinguá|Engenheiro Paulo de Frontin|Centro-Sul Fluminense|2025-12-01|365
37123|99|12|2025|37|5|Itatiaia|330225|Interior|3|0|0|3|0|0.0|3|0|0.0|14|0|0|2|1|0|0|1|0|0|1|0|0|0.0|0|0|0.0|0|2|1|0|0|2|0.0|9|12|0|0|0|8|10|2.0|5.0|3.0|0|12.0|1.0|2.0|0.0|9|3|0|0|0|0|155|2025-12|Dezembro|Sul Fluminense|0|Itatiaia|Itatiaia|Médio Paraíba|2025-12-01|365
37124|100|12|2025|37|5|Porto Real;Quatis|999999|Interior|0|0|0|0|0|0.0|0|3|0.0|15|0|0|2|0|0|0|0|0|0|0|0|0|0.0|0|0|0.0|0|0|0|0|0|0|0.0|8|8|0|2|0|10|6|2.0|4.0|0.0|2|5.0|0.0|1.0|0.0|11|1|0|0|0|0|96|2025-12|Dezembro|Sul Fluminense|0|Porto Real|Porto Real|Médio Paraíba|2025-12-01|365
37125|101|12|2025|28|5|Pinheiral|330395|Interior|2|0|0|2|0|0.0|2|0|0.0|20|0|0|3|0|0|0|0|0|0|0|0|0|0.0|0|0|0.0|0|0|1|0|0|0|0.0|9|10|0|1|0|12|9|4.0|3.0|2.0|0|9.0|0.0|4.0|1.0|25|0|0|0|0|0|113|2025-12|Dezembro|Sul Fluminense|0|Pinheiral|Pinheiral|Médio Paraíba|2025-12-01|365
37126|104|12|2025|30|7|São José do Vale do Rio Preto|330515|Interior|0|0|0|0|0|0.0|0|0|0.0|14|0|0|4|0|0|0|0|0|0|0|0|0|0.0|0|0|0.0|0|0|1|0|0|0|1.0|4|6|0|1|0|5|6|6.0|0.0|0.0|1|3.0|0.0|0.0|0.0|11|0|0|0|0|0|69|2025-12|Dezembro|Região Serrana|0|São José do Vale do Rio Preto|São José do Vale do Rio Preto|Serrana|2025-12-01|365
37127|105|12|2025|26|7|Petrópolis|330390|Interior|5|0|0|5|0|0.0|5|0|0.0|82|15|2|20|2|1|0|3|1|0|1|1|0|0.0|0|0|0.0|2|8|5|4|0|4|0.0|55|68|0|1|0|128|64|13.0|33.0|20.0|11|69.0|13.0|17.0|1.0|93|7|1|0|0|0|833|2025-12|Dezembro|Região Serrana|0|Petrópolis e Cascatinha|Petrópolis|Metropolitana|2025-12-01|365
37128|106|12|2025|26|7|Petrópolis|330390|Interior|0|0|0|0|0|0.0|0|0|0.0|25|5|1|19|0|0|0|0|1|0|0|0|0|0.0|0|0|0.0|1|2|1|0|0|6|0.0|27|34|0|1|0|84|7|2.0|2.0|3.0|4|18.0|0.0|6.0|0.0|69|2|0|0|0|0|386|2025-12|Dezembro|Região Serrana|0|Itaipava; Pedro do Rio e Posse|Petrópolis|Metropolitana|2025-12-01|365
37129|107|12|2025|38|7|Paraíba do Sul|330370|Interior|0|0|0|0|0|0.0|0|1|0.0|23|1|0|1|0|0|0|0|0|0|1|0|0|0.0|0|0|0.0|0|1|0|0|0|1|0.0|9|10|0|0|0|15|29|20.0|5.0|4.0|0|11.0|0.0|1.0|2.0|34|1|0|0|0|0|147|2025-12|Dezembro|Região Serrana|0|Paraíba do Sul; Werneck; Salutaris e Inconfidência|Paraíba do Sul|Centro-Sul Fluminense|2025-12-01|365
37130|108|12|2025|38|7|Comendador Levy Gasparian;Areal;Três Rios|999999|Interior|1|0|0|1|0|1.0|2|2|0.0|46|3|4|5|3|0|0|3|4|0|2|1|0|0.0|0|0|0.0|3|13|1|2|0|9|1.0|40|53|0|0|0|45|60|34.0|23.0|4.0|5|49.0|5.0|10.0|5.0|97|0|0|0|0|0|538|2025-12|Dezembro|Região Serrana|0|Areal|Areal|Centro-Sul Fluminense|2025-12-01|365
37131|109|12|2025|38|7|Sapucaia|330540|Interior|0|0|0|0|0|0.0|0|1|0.0|8|1|2|0|0|0|0|0|0|0|1|0|0|0.0|0|0|0.0|0|1|1|0|0|1|0.0|3|5|0|0|0|12|11|9.0|2.0|0.0|1|4.0|0.0|0.0|0.0|8|0|0|0|0|0|82|2025-12|Dezembro|Região Serrana|0|Sapucaia; Anta; Pião; Nossa Senhora Aparecida e Jamapara|Sapucaia|Centro-Sul Fluminense|2025-12-01|365
37132|110|12|2025|30|7|Teresópolis|330580|Interior|0|0|0|0|0|0.0|0|2|0.0|103|5|6|42|0|0|0|0|0|0|0|0|0|0.0|0|0|0.0|0|0|5|1|0|10|2.0|76|94|0|2|0|104|90|25.0|53.0|12.0|5|47.0|26.0|15.0|1.0|115|5|1|0|0|0|881|2025-12|Dezembro|Região Serrana|0|Teresópolis; Vale do Bonsucesso e Vale do Paquequer|Teresópolis|Serrana|2025-12-01|365
37133|111|12|2025|30|7|Sumidouro|330570|Interior|1|0|0|1|0|0.0|1|0|0.0|7|1|0|0|0|0|0|0|0|0|0|0|0|0.0|0|0|0.0|0|0|0|0|0|1|0.0|4|5|0|0|0|5|1|1.0|0.0|0.0|0|1.0|0.0|2.0|0.0|8|0|0|0|0|0|49|2025-12|Dezembro|Região Serrana|0|Sumidouro|Sumidouro|Serrana|2025-12-01|365
37134|112|12|2025|30|7|Carmo|330120|Interior|0|0|0|0|0|0.0|0|0|0.0|19|1|0|2|0|0|0|0|0|0|0|0|0|0.0|0|0|0.0|0|0|1|0|0|1|0.0|2|4|0|0|0|7|4|2.0|2.0|0.0|0|6.0|2.0|0.0|0.0|13|0|0|0|0|0|71|2025-12|Dezembro|Região Serrana|0|Carmo; Córrego da Prata e Porto Velho do Cunha|Carmo|Serrana|2025-12-01|365
37135|118|12|2025|25|4|Araruama|330020|Interior|0|0|0|0|1|0.0|1|1|1.0|49|6|2|25|4|3|0|7|11|0|0|0|0|0.0|0|0|0.0|2|20|3|0|0|10|3.0|57|73|0|2|0|91|17|2.0|11.0|4.0|9|18.0|6.0|6.0|2.0|62|1|0|0|0|0|546|2025-12|Dezembro|Grande Niterói e Região dos Lagos|0|Araruama; Morro Grande e São Vicente de Paula|Araruama|Baixadas Litorâneas|2025-12-01|365
37136|119|12|2025|35|4|Rio Bonito|330430|Interior|1|0|0|1|0|0.0|1|6|0.0|11|1|0|6|0|0|0|0|6|0|1|1|0|0.0|0|0|0.0|1|9|11|0|0|6|0.0|21|38|0|1|0|25|9|2.0|4.0|3.0|3|15.0|0.0|4.0|0.0|15|1|0|0|0|0|200|2025-12|Dezembro|Grande Niterói e Região dos Lagos|0|Rio Bonito e Boa Esperança|Rio Bonito|Metropolitana|2025-12-01|365
37137|120|12|2025|35|4|Silva Jardim|330560|Interior|0|0|0|0|0|0.0|0|0|0.0|12|2|0|5|0|0|0|0|0|0|0|0|0|0.0|0|0|0.0|0|0|2|0|0|1|0.0|2|5|0|0|0|10|4|2.0|1.0|1.0|0|6.0|0.0|0.0|0.0|12|0|0|0|0|0|65|2025-12|Dezembro|Grande Niterói e Região dos Lagos|0|Silva Jardim; Aldeia Velha; Correntezas e Gaviões|Silva Jardim|Baixadas Litorâneas|2025-12-01|365
37138|121|12|2025|32|6|Casimiro de Abreu|330130|Interior|1|0|0|1|0|0.0|1|4|0.0|16|2|2|9|0|0|0|0|0|0|0|0|0|0.0|0|0|0.0|2|2|2|1|0|0|1.0|5|9|0|1|0|11|15|3.0|7.0|5.0|1|20.0|4.0|4.0|0.0|19|0|1|0|0|0|114|2025-12|Dezembro|Norte Fluminense e Noroeste|0|Casimiro de Abreu; Professor Souza; Barra de São João e Rio Dourado|Casimiro de Abreu|Baixadas Litorâneas|2025-12-01|365
37139|122|12|2025|32|6|Conceição de Macabú|330140|Interior|0|0|0|0|0|0.0|0|0|0.0|11|1|0|1|0|0|0|0|0|0|0|0|0|0.0|0|0|0.0|0|0|0|0|0|0|0.0|2|2|0|0|0|7|7|2.0|5.0|1.0|1|8.0|4.0|5.0|0.0|9|0|0|0|0|0|71|2025-12|Dezembro|Norte Fluminense e Noroeste|0|Conceição de Macabú e Macabuzinho|Conceição de Macabú|Norte Fluminense|2025-12-01|365
37140|123|12|2025|32|6|Macaé|330240|Interior|1|0|0|1|1|0.0|2|6|0.0|83|4|4|35|3|4|0|7|10|0|4|0|0|0.0|0|0|0.0|2|23|8|6|2|17|3.0|68|104|0|10|0|183|61|16.0|37.0|8.0|5|78.0|11.0|17.0|1.0|116|9|1|0|0|0|1046|2025-12|Dezembro|Norte Fluminense e Noroeste|0|Centro; Cabiúnas; Barra de Macaé; Aeroporto e Imboassica|Macaé|Norte Fluminense|2025-12-01|365
37141|124|12|2025|25|4|Saquarema|330550|Interior|2|0|0|2|1|0.0|3|1|0.0|46|8|7|30|2|3|0|5|9|0|1|0|0|0.0|0|0|0.0|2|17|9|3|0|4|2.0|60|78|0|3|0|95|17|2.0|11.0|4.0|3|22.0|2.0|9.0|0.0|79|3|1|0|0|0|626|2025-12|Dezembro|Grande Niterói e Região dos Lagos|0|Saquarema; Bacaxá e Sampaio Correia|Saquarema|Baixadas Litorâneas|2025-12-01|365
37142|125|12|2025|25|4|São Pedro da Aldeia|330520|Interior|3|0|0|3|2|0.0|5|3|0.0|30|2|2|14|0|2|0|2|1|0|1|0|0|0.0|0|0|0.0|0|4|6|1|0|5|0.0|34|46|0|1|0|45|23|2.0|18.0|4.0|1|27.0|9.0|2.0|0.0|36|1|0|0|0|0|319|2025-12|Dezembro|Grande Niterói e Região dos Lagos|0|São Pedro da Aldeia|São Pedro da Aldeia|Baixadas Litorâneas|2025-12-01|365
37143|126|12|2025|25|4|Cabo Frio|330070|Interior|6|0|0|6|0|0.0|6|12|2.0|117|11|2|49|9|1|0|10|12|2|0|3|0|0.0|0|0|0.0|4|31|23|9|3|15|3.0|85|138|0|3|0|154|44|3.0|41.0|0.0|14|66.0|6.0|8.0|2.0|123|11|1|0|0|0|1077|2025-12|Dezembro|Grande Niterói e Região dos Lagos|0|Cabo Frio e Tamoios|Cabo Frio|Baixadas Litorâneas|2025-12-01|365
37144|127|12|2025|25|4|Armação dos Búzios|330023|Interior|2|0|0|2|0|0.0|2|2|0.0|18|2|0|16|1|0|0|1|1|0|1|0|0|0.0|0|0|0.0|4|7|2|4|1|7|0.0|37|51|0|2|0|23|19|2.0|11.0|6.0|3|21.0|2.0|7.0|0.0|25|1|0|0|0|0|319|2025-12|Dezembro|Grande Niterói e Região dos Lagos|0|Armação dos Búzios|Armação dos Búzios|Baixadas Litorâneas|2025-12-01|365
37145|128|12|2025|32|6|Rio das Ostras|330452|Interior|0|0|0|0|1|0.0|1|3|1.0|76|7|3|42|3|1|0|4|8|1|3|0|0|0.0|0|0|0.0|2|18|15|0|1|6|3.0|47|72|0|2|0|136|102|55.0|38.0|10.0|9|64.0|18.0|10.0|0.0|76|8|1|0|0|0|784|2025-12|Dezembro|Norte Fluminense e Noroeste|0|Rio das Ostras|Rio das Ostras|Baixadas Litorâneas|2025-12-01|365
37146|129|12|2025|25|4|Iguaba Grande|330187|Interior|1|0|0|1|0|0.0|1|0|0.0|13|1|1|8|0|0|0|0|1|0|0|0|0|0.0|0|0|0.0|0|1|0|0|0|3|1.0|15|19|0|1|0|13|4|2.0|2.0|0.0|0|5.0|0.0|4.0|0.0|11|0|0|0|0|0|120|2025-12|Dezembro|Grande Niterói e Região dos Lagos|0|Iguaba Grande|Iguaba Grande|Baixadas Litorâneas|2025-12-01|365
37147|130|12|2025|32|6|Quissamã;Carapebus|999999|Interior|0|0|0|0|0|0.0|0|0|0.0|10|4|2|2|1|0|0|1|0|0|0|0|0|0.0|0|0|0.0|0|1|1|0|0|2|0.0|10|13|0|0|0|11|15|4.0|8.0|4.0|1|8.0|4.0|2.0|0.0|21|0|0|0|0|0|104|2025-12|Dezembro|Norte Fluminense e Noroeste|0|Centro; UB-S; Rodagem; Carapebus e Praia de Carapebus|Carapebus|Norte Fluminense|2025-12-01|365
37148|132|12|2025|25|4|Arraial do Cabo|330025|Interior|0|0|0|0|0|0.0|0|1|0.0|27|4|0|4|0|0|0|0|3|0|0|0|0|0.0|0|0|0.0|0|3|2|0|1|6|0.0|9|18|0|1|0|25|5|1.0|3.0|1.0|1|10.0|1.0|1.0|0.0|23|2|0|0|0|0|180|2025-12|Dezembro|Grande Niterói e Região dos Lagos|0|Arraial do Cabo|Arraial do Cabo|Baixadas Litorâneas|2025-12-01|365
37149|134|12|2025|8|6|Campos dos Goytacazes|330100|Interior|2|0|0|2|1|1.0|4|5|0.0|115|9|3|24|15|18|0|33|3|0|7|1|0|0.0|0|0|2.0|1|47|7|6|4|22|17.0|118|174|0|8|0|229|106|62.0|20.0|24.0|10|99.0|12.0|25.0|2.0|156|5|0|0|0|0|1353|2025-12|Dezembro|Norte Fluminense e Noroeste|0|Campos dos Goytacazes (Primeiro Subdistrito; Segundo Subdistrito e Quarto Subdistrito); Ibitioca; Dores de Macabu; Morangaba; Mussurepe; Serrinha; Santo Amaro de Campos; São Sebastião de Campos e Tocos|Campos dos Goytacazes|Norte Fluminense|2025-12-01|365
37150|135|12|2025|36|6|Itaocara|330210|Interior|0|0|0|0|0|0.0|0|0|0.0|9|1|0|0|0|0|0|0|0|0|0|0|0|0.0|0|0|0.0|0|0|0|0|0|0|0.0|6|6|0|0|0|11|7|1.0|6.0|0.0|1|13.0|0.0|2.0|0.0|20|0|0|0|0|0|107|2025-12|Dezembro|Norte Fluminense e Noroeste|0|Itaocara; Portela; Batatal; Laranjais; Jaguarembe e Estrada Nova|Itaocara|Noroeste Fluminense|2025-12-01|365
37151|136|12|2025|36|6|Santo Antônio de Pádua;Aperibé|999999|Interior|1|0|0|1|0|0.0|1|0|0.0|27|2|0|2|0|0|0|0|1|0|0|0|0|0.0|0|0|0.0|2|3|0|0|0|0|1.0|4|5|0|0|0|19|44|20.0|14.0|13.0|0|22.0|4.0|4.0|0.0|37|1|0|0|0|0|210|2025-12|Dezembro|Norte Fluminense e Noroeste|0|Aperibé|Aperibé|Noroeste Fluminense|2025-12-01|365
37152|137|12|2025|36|6|Miracema|330300|Interior|0|0|0|0|0|0.0|0|0|0.0|13|1|0|3|0|0|0|0|0|0|0|0|0|0.0|0|0|0.0|0|0|1|0|0|5|0.0|2|8|0|0|0|8|23|15.0|6.0|3.0|0|6.0|1.0|4.0|0.0|13|0|1|0|0|0|106|2025-12|Dezembro|Norte Fluminense e Noroeste|0|Miracema; Venda das Flores e Paraíso do Tobias|Miracema|Noroeste Fluminense|2025-12-01|365
37153|138|12|2025|29|6|Laje do Muriaé|330230|Interior|1|0|0|1|0|0.0|1|0|0.0|1|0|0|0|0|0|0|0|0|0|0|0|0|0.0|0|0|0.0|0|0|0|0|0|1|0.0|1|2|0|0|0|1|4|3.0|0.0|1.0|0|1.0|0.0|1.0|0.0|0|0|0|0|0|0|18|2025-12|Dezembro|Norte Fluminense e Noroeste|0|Laje do Muriaé|Laje do Muriaé|Noroeste Fluminense|2025-12-01|365
37154|139|12|2025|29|6|Porciúncula|330410|Interior|0|0|0|0|0|0.0|0|1|0.0|3|0|0|2|0|0|0|0|0|0|0|0|0|0.0|0|0|0.0|0|0|0|0|0|0|1.0|8|9|0|0|0|12|3|3.0|0.0|0.0|0|8.0|0.0|1.0|0.0|15|1|0|0|0|0|64|2025-12|Dezembro|Norte Fluminense e Noroeste|0|Porciúncula; Purilândia e Santa Clara|Porciúncula|Noroeste Fluminense|2025-12-01|365
37155|140|12|2025|29|6|Natividade;Varre-Sai|999999|Interior|1|0|0|1|0|0.0|1|1|0.0|10|1|0|4|0|0|0|0|0|0|0|0|0|0.0|0|0|0.0|0|0|0|1|0|0|0.0|3|4|0|0|0|5|11|6.0|2.0|3.0|0|6.0|0.0|0.0|0.0|16|0|0|0|0|0|76|2025-12|Dezembro|Norte Fluminense e Noroeste|0|Natividade; Ourania e Bom Jesus do Querendo|Natividade|Noroeste Fluminense|2025-12-01|365
37156|141|12|2025|8|6|São Fidélis|330480|Interior|0|0|0|0|0|0.0|0|0|0.0|16|0|0|8|0|0|0|0|0|0|0|0|0|0.0|0|0|0.0|0|0|2|1|0|5|0.0|12|20|0|0|0|17|6|3.0|3.0|0.0|1|10.0|0.0|1.0|1.0|24|1|0|0|0|0|151|2025-12|Dezembro|Norte Fluminense e Noroeste|0|São Fidelis; Cambiasca; Colonia; Ipuca e Pureza|São Fidélis|Norte Fluminense|2025-12-01|365
37157|142|12|2025|36|6|Cambuci|330090|Interior|0|0|0|0|0|0.0|0|2|0.0|3|1|0|0|0|0|0|0|0|0|0|0|0|0.0|0|0|0.0|0|0|0|0|0|0|0.0|0|0|0|1|0|6|5|5.0|0.0|0.0|0|2.0|0.0|3.0|0.0|6|0|0|0|0|0|47|2025-12|Dezembro|Norte Fluminense e Noroeste|0|Cambuci; Três Irmãos; Funil; Monte Verde e São João do Paraíso|Cambuci|Noroeste Fluminense|2025-12-01|365
37158|143|12|2025|29|6|Itaperuna;São José de Ubá|999999|Interior|5|0|0|5|0|0.0|5|2|0.0|25|3|1|4|1|0|0|1|0|0|1|0|0|0.0|0|0|0.0|0|2|2|1|0|2|5.0|21|31|0|0|0|57|39|20.0|12.0|8.0|3|31.0|4.0|8.0|0.0|30|1|0|0|0|0|329|2025-12|Dezembro|Norte Fluminense e Noroeste|0|Itaperuna; Boaventura; Nossa Senhora da Penha; Itajara; Retiro do Muriaé; Raposo e Comendador Venâncio|Itaperuna|Noroeste Fluminense|2025-12-01|365
37159|144|12|2025|29|6|Bom Jesus de Itabapoana|330060|Interior|1|0|0|1|0|0.0|1|0|0.0|13|1|0|1|0|0|0|0|0|0|0|0|0|0.0|0|0|0.0|0|0|0|1|0|3|1.0|8|13|0|0|0|23|28|10.0|5.0|13.0|0|8.0|2.0|4.0|0.0|15|0|0|0|0|0|152|2025-12|Dezembro|Norte Fluminense e Noroeste|0|Bom Jesus de Itabapoana; Carabuçú; Calheiros; Pirapetinga de Bom Jesus; Rosal e Serrinha|Bom Jesus de Itabapoana|Noroeste Fluminense|2025-12-01|365
37160|145|12|2025|8|6|São João da Barra|330500|Interior|0|0|0|0|0|0.0|0|2|1.0|25|0|0|11|1|0|0|1|0|0|0|1|0|0.0|0|0|0.0|0|2|5|1|0|2|0.0|19|27|0|0|0|14|15|2.0|3.0|10.0|1|13.0|1.0|4.0|0.0|29|0|0|0|0|0|176|2025-12|Dezembro|Norte Fluminense e Noroeste|0|Barcelos; Atafona; São João da Barra; Grussaí; Cajueiro e Pipeiras|São João da Barra|Norte Fluminense|2025-12-01|365
37161|146|12|2025|8|6|Campos dos Goytacazes|330100|Interior|8|0|0|8|0|1.0|9|10|2.0|44|2|4|8|5|2|0|7|7|0|0|0|0|0.0|0|0|0.0|3|17|9|5|0|3|1.0|17|35|0|2|0|42|51|21.0|15.0|15.0|6|53.0|4.0|12.0|0.0|50|3|1|0|0|0|403|2025-12|Dezembro|Norte Fluminense e Noroeste|0|Campos dos Goytacazes (Terceiro Subdistrito); Santa Maria; Morro do Coco; Santo Eduardo; Travessão e Vila Nova de Campos|Campos dos Goytacazes|Norte Fluminense|2025-12-01|365
37162|147|12|2025|8|6|São Francisco de Itabapoana|330475|Interior|3|0|0|3|0|0.0|3|0|0.0|15|1|1|3|0|0|0|0|0|0|0|0|0|0.0|0|0|0.0|0|0|1|0|0|0|0.0|11|12|0|1|0|18|12|6.0|2.0|4.0|1|8.0|2.0|1.0|0.0|21|3|0|0|0|0|119|2025-12|Dezembro|Norte Fluminense e Noroeste|0|São Francisco de Itabapoana; Maniva e Barra Seca|São Francisco de Itabapoana|Norte Fluminense|2025-12-01|365
37163|148|12|2025|29|6|Cardoso Moreira;Italva|999999|Interior|2|0|0|2|0|0.0|2|0|0.0|8|0|0|1|0|0|0|0|0|0|0|1|0|0.0|0|0|0.0|0|1|0|1|0|2|0.0|5|8|0|0|0|2|18|8.0|6.0|5.0|1|1.0|0.0|2.0|1.0|6|0|0|0|0|0|77|2025-12|Dezembro|Norte Fluminense e Noroeste|0|Italva|Italva|Noroeste Fluminense|2025-12-01|365
37164|151|12|2025|11|7|Nova Friburgo|330340|Interior|0|0|0|0|0|0.0|0|2|0.0|64|3|3|42|0|0|0|0|0|0|0|1|0|0.0|0|0|0.0|0|1|4|2|0|10|0.0|32|48|0|1|0|121|61|6.0|44.0|11.0|2|63.0|10.0|3.0|1.0|109|3|0|0|0|0|770|2025-12|Dezembro|Região Serrana|0|Nova Friburgo; São Pedro da Serra; Lumiar; Amparo; Riograndina; Conselheiro Paulino e Campo do Coelho|Nova Friburgo|Serrana|2025-12-01|365
37165|152|12|2025|11|7|Duas Barras|330160|Interior|0|0|0|0|0|0.0|0|0|0.0|7|2|0|5|0|0|0|0|0|0|0|0|0|0.0|0|0|0.0|0|0|2|0|0|1|0.0|3|6|0|0|0|6|1|1.0|0.0|0.0|2|1.0|0.0|1.0|0.0|15|0|0|0|0|0|58|2025-12|Dezembro|Região Serrana|0|Duas Barras e Monnerat|Duas Barras|Serrana|2025-12-01|365
37166|153|12|2025|11|7|Cantagalo|330110|Interior|1|0|0|1|0|0.0|1|0|1.0|3|0|2|1|0|0|0|0|0|0|0|0|0|0.0|0|0|0.0|0|0|1|0|0|0|1.0|3|5|0|0|0|15|3|1.0|2.0|0.0|1|7.0|0.0|0.0|0.0|11|0|0|0|0|0|68|2025-12|Dezembro|Região Serrana|0|Cantagalo; Santa Rita da Floresta; Boa Sorte; Euclidelândia e São Sebastião do Paraíba|Cantagalo|Serrana|2025-12-01|365
37167|154|12|2025|11|7|Cordeiro;Macuco|999999|Interior|1|0|0|1|0|0.0|1|2|0.0|18|1|0|3|0|0|0|0|0|0|0|0|0|0.0|0|0|0.0|0|0|2|0|0|0|0.0|8|10|0|3|0|12|6|4.0|2.0|0.0|1|11.0|0.0|2.0|0.0|18|0|0|0|0|0|135|2025-12|Dezembro|Região Serrana|0|Cordeiro|Cordeiro|Serrana|2025-12-01|365
37168|155|12|2025|36|6|São Sebastião do Alto|330530|Interior|0|0|0|0|0|0.0|0|0|0.0|6|0|0|0|0|0|0|0|0|0|0|0|0|0.0|0|0|0.0|0|0|0|0|0|0|0.0|0|0|0|0|0|0|0|0.0|0.0|0.0|1|1.0|0.0|0.0|0.0|5|0|0|0|0|0|11|2025-12|Dezembro|Norte Fluminense e Noroeste|0|São Sebastião do Alto; Valão do Barro e Ipituna|São Sebastião do Alto|Serrana|2025-12-01|365
37169|156|12|2025|11|7|Santa Maria Madalena|330460|Interior|1|0|0|1|0|0.0|1|0|0.0|3|0|0|1|0|0|0|0|0|0|0|0|0|0.0|0|0|0.0|0|0|0|0|0|0|0.0|3|3|0|0|0|6|0|0.0|0.0|0.0|0|2.0|0.0|2.0|0.0|3|0|0|0|0|0|33|2025-12|Dezembro|Região Serrana|0|Santa Maria Madalena; Doutor Loreti; Renascença; Santo Antônio do Imbé; Sossego e Triunfo|Santa Maria Madalena|Serrana|2025-12-01|365
37170|157|12|2025|11|7|Trajano de Morais|330590|Interior|0|0|0|0|0|0.0|0|0|0.0|4|0|0|0|0|0|0|0|0|0|0|0|0|0.0|0|0|0.0|0|0|0|0|0|0|0.0|1|1|0|1|0|4|0|0.0|0.0|0.0|1|1.0|0.0|0.0|0.0|4|0|0|0|0|0|25|2025-12|Dezembro|Região Serrana|0|Trajano de Moraes; Doutor Elias; Sodrelândia; Vila da Grama e Visconde de Imbé|Trajano de Moraes|Serrana|2025-12-01|365
37171|158|12|2025|11|7|Bom Jardim|330050|Interior|0|0|0|0|0|0.0|0|0|0.0|10|0|1|5|0|0|0|0|0|0|1|0|0|0.0|0|0|0.0|0|1|0|0|0|1|0.0|10|11|0|0|0|12|8|5.0|2.0|1.0|0|4.0|0.0|1.0|0.0|24|4|0|0|0|0|101|2025-12|Dezembro|Região Serrana|0|Bom Jardim; Banquete; Barra Alegre e São José do Ribeirão|Bom Jardim|Serrana|2025-12-01|365
37172|159|12|2025|35|4|Cachoeiras de Macacu|330080|Interior|1|0|0|1|0|0.0|1|0|0.0|29|3|4|5|0|1|0|1|2|0|0|1|0|0.0|0|0|0.0|0|4|3|1|0|0|1.0|6|11|0|1|0|22|2|1.0|1.0|0.0|1|1.0|1.0|4.0|1.0|17|1|0|0|0|0|127|2025-12|Dezembro|Grande Niterói e Região dos Lagos|0|Cachoeiras de Macacu; Japuíba e Subaio|Cachoeiras de Macacu|Metropolitana|2025-12-01|365
37173|165|12|2025|33|5|Mangaratiba|330260|Interior|1|0|0|1|0|1.0|2|1|0.0|15|2|1|3|0|1|0|1|0|0|0|0|0|0.0|0|0|0.0|0|1|10|1|0|0|0.0|14|25|0|0|0|25|13|4.0|6.0|5.0|3|5.0|4.0|5.0|0.0|20|1|0|0|0|0|194|2025-12|Dezembro|Sul Fluminense|0|Mangaratiba; Conceição de Jacareí; Vila Muriquí; Itacuruçá|Mangaratiba|Costa Verde|2025-12-01|365
37174|166|12|2025|33|5|Angra dos Reis|330010|Interior|3|0|0|3|1|1.0|5|8|0.0|101|2|3|20|2|0|0|2|0|0|1|0|0|0.0|0|0|0.0|0|3|5|2|1|8|0.0|47|63|0|2|1|103|31|7.0|18.0|6.0|2|53.0|6.0|12.0|1.0|81|25|0|0|0|0|696|2025-12|Dezembro|Sul Fluminense|0|Angra dos Reis; Jacuecanga; Cunhambebe; Mambucaba; Abraão e Praia de Araçatiba|Angra dos Reis|Costa Verde|2025-12-01|365
37175|167|12|2025|43|5|Paraty|330380|Interior|0|0|0|0|1|0.0|1|6|0.0|17|3|2|14|1|0|0|1|0|0|0|0|0|0.0|0|0|0.0|0|1|0|1|0|2|0.0|17|20|0|1|0|12|15|4.0|3.0|8.0|2|6.0|1.0|2.0|2.0|20|0|0|0|0|0|205|2025-12|Dezembro|Sul Fluminense|0|Paraty; Paraty-Mirim e Tarituba|Paraty|Costa Verde|2025-12-01|365
37176|168|12|2025|28|5|Rio Claro|330440|Interior|0|0|0|0|0|0.0|0|0|0.0|14|0|0|1|0|0|0|0|0|0|0|0|0|0.0|0|0|0.0|0|0|1|0|0|0|0.0|1|2|0|0|0|3|4|4.0|0.0|0.0|0|0.0|0.0|1.0|0.0|13|0|0|0|0|0|59|2025-12|Dezembro|Sul Fluminense|0|Rio Claro; Getulândia; Lídice; Passa Três e São João Marcos|Rio Claro|Médio Paraíba|2025-12-01|365
